metric,main-VR | v3.19.0-pr39 +125 | a6ca42849 | column-1,RC166 baseline | RC166 +13 | 94165e2e7 | column-2,main-VR | v3.19.0-pr39 +132 dirty | 69aec3546 | column-3,main-VR | v3.19.0-pr39 +134 dirty | 31e383b61 | column-4,main-VR | v3.19.0-pr39 +136 | 34a588148 | column-5,main-VR | v3.19.0-pr39 +138 | 9e1ac9755 | column-6,main-VR | v3.19.0-pr39 +138 | 9e1ac9755 | 20260828T050904Z,main-VR | v3.19.0-pr39 +138 | 9e1ac9755 | 20260828T091327Z,RC166 comparison | RC166 +23 | 86d21fc0a | column-9,main-VR | v3.19.0-pr39 +158 dirty | 49761bc99 | 20260829T100038310Z,main-VR | v3.19.0-pr39 +192 dirty | 2032a0e29 | column-11,main-VR | v3.19.0-pr39 +198 dirty | f08cc3f19 | nvidia-mtgw3qfz,main-VR | v3.19.0-pr39 +223 dirty | 2c1ec0113 | nvidia-mtkh0qku,main-VR | v3.19.0-pr39 +225 dirty | 0ac8f603c | nvidia-mtl3ic44,main-VR | v3.19.0-pr39 +230 dirty | 539705004 | nvidia-mtlid7m3,main-VR | 348803c1831c8cd71ceb75a58143ad0bcb00abb2 | nvidia-2026-09-10T07-19-50-405Z,1595cffd comparison | 390fdea2533ae447849c5f07766c796872996a61 | renderscale-tuning-nvidia-20260910T090649592Z
label,main-VR; v3.19.0-pr39 +125; measured source commit a6ca4284922f4fab7a79353d1462a2ce584fd20c; main-VR PrePR19 reference,RC166 baseline; RC166 +13; measured branch commit 94165e2e70db2bbefd878aecbfa7733ee336ab63; RC166 tag/base b95958cc0c119625d8a7dd9657442c92122f240d; RC166 reference,main-VR; v3.19.0-pr39 +132 dirty; measured source commit 69aec35469e1c7d3181ba5ae8be444f86b49cada; manual direct telemetry,main-VR; v3.19.0-pr39 +134 dirty; measured source commit 31e383b61e1e439f631ead0a76c700c403ffca5b; fixed 10s direct telemetry,main-VR; v3.19.0-pr39 +136; measured source commit 34a588148cde04939fd2818b8c66afd30efd0d3c; fixed 10s direct telemetry; receipts disabled,main-VR; v3.19.0-pr39 +138; measured source commit 9e1ac9755e38478eb30c38bcd38a440a92730a7a; strict qualification; interrupted CTD,main-VR; v3.19.0-pr39 +138; measured source commit 9e1ac9755e38478eb30c38bcd38a440a92730a7a; simple coc 5; interrupted required profiler lane,main-VR; v3.19.0-pr39 +138; measured source commit 9e1ac9755e38478eb30c38bcd38a440a92730a7a; simple coc 5 repeat; complete 20/20,RC166 comparison; RC166 +23; measured branch commit 86d21fc0ae35532829b22d7c18a708ff8e21c1eb; RC166 tag/base b95958cc0c119625d8a7dd9657442c92122f240d; simple coc 5; RC166-23; complete 20/20,main-VR; v3.19.0-pr39 +158 dirty; measured source commit 49761bc995f2f30c50b6ab812926abfc942e2110; renderscale-tuning nvidia; complete 33/33; 24 PASS / 9 FAIL,main-VR; v3.19.0-pr39 +192 dirty; measured source commit 2032a0e2968bb36ed065d506f37e62a08dc7969e; NVIDIA public-API render-scale tuning nvidia-mtg04xkk,main-VR; v3.19.0-pr39 +198 dirty; measured source commit f08cc3f1900ca69ed7d354480211a7e86e08ff10; NVIDIA public-API render-scale tuning nvidia-mtgw3qfz,main-VR; v3.19.0-pr39 +223 dirty; measured source commit 2c1ec0113e5a9967c15f74aa0b903677036b51e5; NVIDIA public-API render-scale tuning nvidia-mtkh0qku,main-VR; v3.19.0-pr39 +225 dirty; measured source commit 0ac8f603c1503894dc91051db7a5c98599592381; NVIDIA public-API render-scale tuning nvidia-mtl3ic44,main-VR; v3.19.0-pr39 +230 dirty; measured source commit 539705004aa993816b79773fa287f91324312fbc; NVIDIA public-API render-scale tuning nvidia-mtlid7m3,nvidia-2026-09-10T07-19-50-405Z; COMPLETE 33+33; render PASS; reporting COMPLETE,renderscale-tuning-nvidia-20260910T090649592Z; COMPLETE 33+33; render PASS; reporting COMPLETE
date,2026-08-27,2026-08-27,2026-08-28,2026-08-28,2026-08-28,2026-08-28,2026-08-28,2026-08-28,2026-08-28,2026-08-29,2026-08-30T16:34:11.848Z,2026-08-31T07:26:01.763Z,2026-09-02T20:49:00.000Z,2026-09-03T05:56:04.144Z,2026-09-03T13:00:11.411Z,2026-09-10,2026-09-10
build_id,696a5f40404d25ed997c40cb0793bf931361bcf558fb7eff2982ae6cd7917805,03c2adc0e18659ab1deb86b43062446a3794a5d6104664c6d7628c98008f7fd4,531e645822747c3f2df36985d44b03fae38e7345aa3899805432a28d928889e9,62bf3464cff52f36c2b363bced01b1784780c294463e6776be28742544de3ab8,b8372123ad29c1998711a7a0028148779f0adc984647802a515bce7efaff2e0c,c881bade50b23963ac2394005d5ad5614cab54f2dac83222d3a7cbb5318c5828,c881bade50b23963ac2394005d5ad5614cab54f2dac83222d3a7cbb5318c5828,c881bade50b23963ac2394005d5ad5614cab54f2dac83222d3a7cbb5318c5828,734dc711de78c63fc753e8ca270f6f74fa174fc438c239adf571c2e4e7f6b22f,556d156f4afa08ae2105f2117929ccb5a41f9aca655b39f118a01b66a58574af,8e99b6e81e33eacc5eb724a8d73341a3166b03fdc733c3985d7039011cbd95fc,a19edba49d8e4b6820a7c47e06344e42e433103919b411815dd89cf824ffac49,6c3cf3e59128fe8e361e8d6c6eeb5594eb11fc5abc3f0c62169355116f380b1d,3294fc9c6ec7ffb13288f866284946520758d408f5ab5f257d109e6af6520106,54b17d9e36fdbdeead739396a4637acc529bf43867ce39e47db17a6175a14a56,07238b1fe36024d2c33081f023973c34887ce8a0fa4bd4743bf8a1c85b5ec78d,d20962d1f8b75609f7b97074d1ae8132450d61b477be793227ad88088f5bda0d
source_describe,v3.19.0-pr39-125-ga6ca42849,RC166-13-g94165e2e7,v3.19.0-pr39-132-g69aec3546-dirty,v3.19.0-pr39-134-g31e383b61-dirty,v3.19.0-pr39-136-g34a588148,v3.19.0-pr39-138-g9e1ac9755,v3.19.0-pr39-138-g9e1ac9755,v3.19.0-pr39-138-g9e1ac9755,RC166-23-g86d21fc0a,v3.19.0-pr39-158-g49761bc99-dirty,v3.19.0-pr39-192-g2032a0e29-dirty,v3.19.0-pr39-198-gf08cc3f19-dirty,v3.19.0-pr39-223-g2c1ec0113-dirty,v3.19.0-pr39-225-g0ac8f603c-dirty,v3.19.0-pr39-230-g539705004-dirty,v3.19.0-pr28-274-g348803c18,v3.19.0-pr28-266-g390fdea25
source_dirty,false,false,true,true,false,false,false,false,false,true,true,true,true,true,true,false,false
scenario_kind,fixed-delay qualification,fixed-delay qualification,direct 20-COC telemetry,direct 20-COC fixed 10s no receipt gate,direct 20-COC fixed 10s no receipt gate; fresh stress telemetry,strict 20-COC fixed 10s; interrupted CTD,strict 20-COC fixed 10s; simple coc 5; interrupted,strict 20-COC fixed 5s; simple coc 5 repeat; complete,strict 20-COC fixed 5s; simple coc 5; RC166-compatible,public upscaling API; NVIDIA 33-transition fixed 5s matrix,renderscale-tuning-nvidia,renderscale-tuning-nvidia; two same-process 33-transition passes,renderscale-tuning-nvidia; two same-process 33-transition passes,renderscale-tuning-nvidia; two same-process 33-transition passes,renderscale-tuning-nvidia; two same-process 33-transition passes,NVIDIA public-API render-scale tuning; two uninterrupted 33-transition passes,NVIDIA public-API render-scale tuning; two uninterrupted 33-transition passes
scenario_elapsed_ms,200192,215522,190199,200191,200168,n/a (CTD before transcript),247461,148718,135169,n/a,n/a; legacy aggregate disabled for renderscale-tuning nvidia,n/a; renderscale-tuning nvidia,n/a; server-timed per-row receipts,n/a; server-timed per-row receipts,n/a; server-timed per-row receipts,n/a; not derived for this assay,n/a; not derived for this assay
server_wait_count,20,20,19,20,20,n/a (CTD before transcript),20,20,20,33,n/a; legacy aggregate disabled for renderscale-tuning nvidia,n/a; renderscale-tuning nvidia,66,66,66,n/a; not derived for this assay,n/a; not derived for this assay
server_wait_total_ms,200000,200000,190000,200000,200000,n/a (CTD before transcript),200000,100000,100000,324643.908,n/a; legacy aggregate disabled for renderscale-tuning nvidia,n/a; renderscale-tuning nvidia,n/a; renderscale-tuning nvidia; see evidence bundle,n/a; renderscale-tuning nvidia; see evidence bundle,n/a; see evidence bundle,n/a; not derived for this assay,n/a; not derived for this assay
harness_control_overhead_ms,192,15522,199,191,168,n/a (CTD before transcript),47461,48718,35169,n/a,n/a; legacy aggregate disabled for renderscale-tuning nvidia,n/a; renderscale-tuning nvidia,n/a; renderscale-tuning nvidia; see evidence bundle,n/a; renderscale-tuning nvidia; see evidence bundle,n/a; see evidence bundle,n/a; not derived for this assay,n/a; not derived for this assay
dragonsreach_mean_stabilization_frames,68.9,24.0,63.6,74.8,72.9,n/a (CTD before transcript),78.4 partial (9/10; transition 5 terminal),70.9,24.0,n/a,n/a; legacy aggregate disabled for renderscale-tuning nvidia,n/a; renderscale-tuning nvidia,n/a; renderscale-tuning nvidia; see evidence bundle,n/a; renderscale-tuning nvidia; see evidence bundle,n/a; renderscale-tuning nvidia; see evidence bundle,n/a; not derived for this assay,n/a; not derived for this assay
windhelm_mean_stabilization_frames,139.3,20.0,136.7,139.7,139.4,n/a (CTD before transcript),144.6,137.8,20.0,n/a,n/a; legacy aggregate disabled for renderscale-tuning nvidia,n/a; renderscale-tuning nvidia,n/a; renderscale-tuning nvidia; see evidence bundle,n/a; renderscale-tuning nvidia; see evidence bundle,n/a; renderscale-tuning nvidia; see evidence bundle,n/a; not derived for this assay,n/a; not derived for this assay
overall_mean_stabilization_frames,104.1,22.0,95.6,107.2,106.2,n/a (CTD before transcript),113.3 partial (19/20),104.4,22.0,n/a,n/a; legacy aggregate disabled for renderscale-tuning nvidia,n/a; renderscale-tuning nvidia,n/a; renderscale-tuning nvidia; see evidence bundle,n/a; renderscale-tuning nvidia; see evidence bundle,n/a; renderscale-tuning nvidia; see evidence bundle,n/a; not derived for this assay,n/a; not derived for this assay
worst_stabilization_frames,142,24,144,155,142,n/a (CTD before transcript),152 observed partial (19/20),144,24,n/a,n/a; legacy aggregate disabled for renderscale-tuning nvidia,n/a; renderscale-tuning nvidia,n/a; renderscale-tuning nvidia; see evidence bundle,n/a; renderscale-tuning nvidia; see evidence bundle,n/a; renderscale-tuning nvidia; see evidence bundle,n/a; not derived for this assay,n/a; not derived for this assay
recoverable_retries,10,30,7,10,10,n/a (CTD before transcript),10,10,30,n/a,35,n/a; row-local retry evidence retained,n/a; renderscale-tuning nvidia; see evidence bundle,n/a; renderscale-tuning nvidia; see evidence bundle,26; row-local retry/coalescing evidence retained,18,19
recoverable_retries_dlaa_aa,0,20,0,0,0,n/a (CTD before transcript),0,0,20,n/a,n/a; legacy aggregate disabled for renderscale-tuning nvidia,n/a; renderscale-tuning nvidia,n/a; renderscale-tuning nvidia; see evidence bundle,n/a; renderscale-tuning nvidia; see evidence bundle,n/a; renderscale-tuning nvidia; see evidence bundle,n/a; not derived for this assay,n/a; not derived for this assay
recoverable_retries_dlss_fsr,10,10,7,10,10,n/a (CTD before transcript),10,10,10,n/a,n/a; legacy aggregate disabled for renderscale-tuning nvidia,n/a; renderscale-tuning nvidia,n/a; renderscale-tuning nvidia; see evidence bundle,n/a; renderscale-tuning nvidia; see evidence bundle,n/a; renderscale-tuning nvidia; see evidence bundle,n/a; not derived for this assay,n/a; not derived for this assay
hard_transition_failures,0,0,0,0,0,1 terminal CTD; no DevBench receipt,1 strict terminal diagnostic at transition 5; stress failures 0,0,0,n/a; legacy aggregate disabled,0,n/a; legacy aggregate disabled,n/a; legacy aggregate disabled,n/a; legacy aggregate disabled,n/a; legacy aggregate disabled,n/a; legacy aggregate disabled,n/a; legacy aggregate disabled
runtime_device_loss_failures,n/a,n/a,n/a,n/a,n/a,n/a,n/a,n/a,n/a,0,0,0,0,0,0,0,0
runtime_oom_failures,n/a,n/a,n/a,n/a,n/a,n/a,n/a,n/a,n/a,0,0,0,0,0,0,0,0
runtime_producer_terminal_failures,n/a,n/a,n/a,n/a,n/a,n/a,n/a,n/a,n/a,0,0,0,24,0,0,0,0
vendor_native_qualification_failures,n/a,n/a,n/a,n/a,n/a,n/a,n/a,n/a,n/a,8,0,0,0,0,0,0,0
credible_liveness_timeouts,n/a,n/a,n/a,n/a,n/a,n/a,n/a,n/a,n/a,1,0,0,0,0,0,0,0
session_stretch_eye_observations,40,428,39,40,41,n/a (CTD before transcript),40,42,428,n/a,n/a; legacy aggregate disabled for renderscale-tuning nvidia,n/a; renderscale-tuning nvidia,n/a; renderscale-tuning nvidia; see evidence bundle,n/a; renderscale-tuning nvidia; see evidence bundle,n/a; renderscale-tuning nvidia; see evidence bundle,n/a; not derived for this assay,n/a; not derived for this assay
lifetime_stretch_eye_observations,42,430,42,40,44,n/a (CTD before transcript),43,48,443,n/a,n/a; legacy aggregate disabled for renderscale-tuning nvidia,n/a; renderscale-tuning nvidia,n/a; renderscale-tuning nvidia; see evidence bundle,n/a; renderscale-tuning nvidia; see evidence bundle,n/a; renderscale-tuning nvidia; see evidence bundle,n/a; not derived for this assay,n/a; not derived for this assay
completed_stretch_episodes,19,n/a,n/a,not emitted without stress session,19,n/a (CTD before transcript),19,19,unsupported: RC166 does not emit completed-episode accounting,n/a,n/a; legacy aggregate disabled for renderscale-tuning nvidia,n/a; renderscale-tuning nvidia,n/a; renderscale-tuning nvidia; see evidence bundle,n/a; renderscale-tuning nvidia; see evidence bundle,n/a; renderscale-tuning nvidia; see evidence bundle,n/a; not derived for this assay,n/a; not derived for this assay
completed_stretch_frames,19,n/a,n/a,not emitted without stress session,19,n/a (CTD before transcript),19,19,unsupported: RC166 does not emit completed-frame accounting,n/a,n/a; legacy aggregate disabled for renderscale-tuning nvidia,n/a; renderscale-tuning nvidia,n/a; renderscale-tuning nvidia; see evidence bundle,n/a; renderscale-tuning nvidia; see evidence bundle,n/a; renderscale-tuning nvidia; see evidence bundle,n/a; not derived for this assay,n/a; not derived for this assay
session_max_stretch_frames,1,18,2,not isolated; lifetime maximum 2,1,n/a (CTD before transcript),1,1,18,n/a,n/a; legacy aggregate disabled for renderscale-tuning nvidia,n/a; renderscale-tuning nvidia,n/a; renderscale-tuning nvidia; see evidence bundle,n/a; renderscale-tuning nvidia; see evidence bundle,n/a; renderscale-tuning nvidia; see evidence bundle,n/a; not derived for this assay,n/a; not derived for this assay
lifetime_max_stretch_frames,2,18,2,2,2,n/a (CTD before transcript),2,2,18,n/a,n/a; legacy aggregate disabled for renderscale-tuning nvidia,n/a; renderscale-tuning nvidia,n/a; renderscale-tuning nvidia; see evidence bundle,n/a; renderscale-tuning nvidia; see evidence bundle,n/a; renderscale-tuning nvidia; see evidence bundle,n/a; not derived for this assay,n/a; not derived for this assay
session_vendor_failure_eye_observations,2,1,1,0,3,n/a (CTD before transcript),2,4,1,n/a,n/a; legacy aggregate disabled for renderscale-tuning nvidia,n/a; renderscale-tuning nvidia,n/a; renderscale-tuning nvidia; see evidence bundle,n/a; renderscale-tuning nvidia; see evidence bundle,n/a; renderscale-tuning nvidia; see evidence bundle,n/a; not derived for this assay,n/a; not derived for this assay
lifetime_vendor_failure_eye_observations,6,1,2,0,4,n/a (CTD before transcript),3,8,3,n/a,n/a; legacy aggregate disabled for renderscale-tuning nvidia,n/a; renderscale-tuning nvidia,n/a; renderscale-tuning nvidia; see evidence bundle,n/a; renderscale-tuning nvidia; see evidence bundle,n/a; renderscale-tuning nvidia; see evidence bundle,n/a; not derived for this assay,n/a; not derived for this assay
bounds_mismatch_fallback_observations,0,0,0,0,0,n/a (CTD before transcript),0,0,0,n/a,n/a; legacy aggregate disabled for renderscale-tuning nvidia,n/a; renderscale-tuning nvidia,n/a; renderscale-tuning nvidia; see evidence bundle,n/a; renderscale-tuning nvidia; see evidence bundle,n/a; renderscale-tuning nvidia; see evidence bundle,n/a; not derived for this assay,n/a; not derived for this assay
process_private_steady_state_growth_mib,3.75,11.48,n/a,not measured - no stress session,25.11,n/a (CTD before transcript),3.73,0.00,34.37,n/a,n/a; legacy aggregate disabled for renderscale-tuning nvidia,n/a; renderscale-tuning nvidia,n/a; renderscale-tuning nvidia; see evidence bundle,n/a; renderscale-tuning nvidia; see evidence bundle,n/a; renderscale-tuning nvidia; see evidence bundle,n/a; not derived for this assay,n/a; not derived for this assay
stable_profile,DLSS Q1/K,DLSS Q1/K,DLSS Q1/K,DLSS Q1/K,DLSS Q1/K,DLSS Q1/K at setup; final unavailable,DLSS Q1/K,DLSS Q1/K,DLSS Q1/K,matrix: None; TAA; DLAA; DLSS; FSR3,n/a; legacy aggregate disabled for renderscale-tuning nvidia,mixed NVIDIA matrix; see transitions.csv,mixed NVIDIA matrix; see transitions.csv,mixed NVIDIA matrix; see transitions.csv,mixed NVIDIA matrix; see transitions.csv,n/a; not derived for this assay,n/a; not derived for this assay
render_eye_resolution,2096x2328,2097x2329,2096x2328,2096x2328,2096x2328,2096x2328 at setup; final unavailable,2096x2328,2096x2328,2097x2329,native 2468x2740; scaled by matrix quality,n/a; legacy aggregate disabled for renderscale-tuning nvidia,matrix-dependent; see retained rows,matrix-dependent; see retained rows,matrix-dependent; see retained rows,matrix-dependent; see retained rows,n/a; not derived for this assay,n/a; not derived for this assay
output_eye_resolution,2468x2740,2468x2740,2468x2740,2468x2740,2468x2740,2468x2740 at setup; final unavailable,2468x2740,2468x2740,2468x2740,2468x2740,n/a; legacy aggregate disabled for renderscale-tuning nvidia,2468x2740 per eye,2468x2740 per eye,2468x2740 per eye,2468x2740 per eye,n/a; not derived for this assay,n/a; not derived for this assay
render_scale,0.85,0.85,0.85,0.85,0.85,0.85 at setup; final unavailable,0.85,0.85,0.85,matrix 1.0/0.85/0.7692308/0.6666667/0.5882353/0.5/0.3333333,n/a; legacy aggregate disabled for renderscale-tuning nvidia,matrix-dependent,n/a; renderscale-tuning nvidia; see evidence bundle,matrix-dependent; see transitions.csv,matrix-dependent; see transitions.csv,n/a; not derived for this assay,n/a; not derived for this assay
fixture_foveation,0.3/0.3/0.7,0.3/0.3/0.7,0.3/0.3/0.8,0.3/0.3/0.7,0.3/0.3/0.7,0.3/0.3/0.7,0.3/0.3/0.7,0.3/0.3/0.7,0.3/0.3/0.7,center=0.3; periphery_taa_center=0.3; outer=0.7; vendor=true; taa=true,n/a; legacy aggregate disabled for renderscale-tuning nvidia,vendor dispatch=true; center=0.3; periphery TAA=true; outer=0.7,vendor dispatch=true; center=0.3; periphery TAA=true; center=0.3; outer=0.7,vendor dispatch=true; center=0.3; periphery TAA=true; center=0.3; outer=0.7,vendor dispatch=true; center=0.3; periphery TAA=true; center=0.3; outer=0.7,0.3/0.3/0.7,0.3/0.3/0.7
both_eyes_valid,yes,yes,yes,yes,yes,yes at setup; final unavailable,yes,yes,yes,24/33 strict; 8 vendor-native physical mismatches; 1 FSR Quality timeout,n/a; legacy aggregate disabled for renderscale-tuning nvidia,66/66 render-qualified,40/66 strict; 26 render failures,66/66 render-qualified,66/66 render-qualified,n/a; not derived for this assay,n/a; not derived for this assay
dlss_lifecycle,Ready,Ready,Ready,Ready,Ready,Ready at setup; final unavailable,Ready,Ready,Ready,scaled DLSS 8/8 PASS; DLAA 0/4 strict,n/a; legacy aggregate disabled for renderscale-tuning nvidia,clean terminal ownership in all rows,clean terminal ownership; two stale-source strict timeouts,clean terminal ownership in all rows,clean terminal ownership in all rows,n/a; not derived for this assay,n/a; not derived for this assay
memory_pressure,Normal,Normal,Normal,Normal,Normal,Normal at setup; final unavailable,Normal,Normal,Normal,Normal,n/a; legacy aggregate disabled for renderscale-tuning nvidia,Normal at all six boundaries,Normal at all six boundaries,Normal at all six boundaries,Normal at all six boundaries,n/a; not derived for this assay,n/a; not derived for this assay
memory_confirmation_passes,n/a,n/a,n/a,n/a,n/a,n/a,n/a,n/a,n/a,1/2,2,2,2,2,2,2,2
memory_process_private_mib_pass1_pass2_ratio,n/a,n/a,n/a,n/a,n/a,n/a,n/a,n/a,n/a,3505.34/n/a/n/a,n/a; pass 1 process-private growth was non-positive,-1727.696/-1003.531/n/a,1606.547/1442.777/0.898,935.172/1030.758/1.102,1202.3672/1019.5625/0.848,-473.4921875/-365.26171875/n/a,34.64453125/-469.796875/-13.560491599954899
memory_system_commit_mib_pass1_pass2_ratio,n/a,n/a,n/a,n/a,n/a,n/a,n/a,n/a,n/a,3374.78/n/a/n/a,n/a; pass 1 system-commit growth was non-positive,-1238.086/-1616.687/n/a,2307.066/1985.055/0.860,1159.230/1823.762/1.573,2354.8047/1311.6328/0.557,-658.77734375/-583.62890625/n/a,-69.265625/-203.6015625/n/a
memory_dxgi_usage_mib_pass1_pass2_ratio,n/a,n/a,n/a,n/a,n/a,n/a,n/a,n/a,n/a,438.83/n/a/n/a,n/a; pass 1 DXGI growth was non-positive,-525.762/-647.578/n/a,-1482.020/515.547/n/a,-4839.465/620.809/n/a,-1257.9102/638.7265/n/a,-743.25/-413.0546875/n/a,-1581.98046875/-669.7265625/n/a
memory_live_textures_pass1_cooldown_pass2,n/a,n/a,n/a,n/a,n/a,n/a,n/a,n/a,n/a,281/n/a/n/a,0->236|236->236|0->217,230/230->230/0->232,245/245->245/0->215,228/228->228/0->217,226/226->226/0->209,217/217->217/0->207,261/261->261/0->209
memory_live_texture_mib_pass1_cooldown_pass2,n/a,n/a,n/a,n/a,n/a,n/a,n/a,n/a,n/a,6167.48/n/a/n/a,0->4552.026|4552.026->4552.026|0->4527.609,4361.99/4361.99->4361.99/0->4552.026,4638.464/4638.464->4638.464/0.000->4517.109,4130.037/4130.037->4130.037/0.000->4126.203,4129.9121/4129.9121->4129.9121/0->4102.8697,2281.5979194641113/2281.5979194641113->2281.5979194641113/0.0->2265.5977058410645,2429.8961448669434/2429.8961448669434->2429.8961448669434/0.0->2270.93111038208
memory_pressure_pass1_cooldown_pass2,n/a,n/a,n/a,n/a,n/a,n/a,n/a,n/a,n/a,Normal/n/a/n/a,Normal->Normal|Normal->Normal|Normal->Normal,Normal/Normal->Normal/Normal->Normal,Normal/Normal->Normal/Normal->Normal,Normal/Normal->Normal/Normal->Normal,Normal/Normal->Normal/Normal->Normal,Normal/Normal->Normal/Normal->Normal,Normal/Normal->Normal/Normal->Normal
memory_confirmation_verdict,n/a,n/a,n/a,n/a,n/a,n/a,n/a,n/a,n/a,repeat_required,inconclusive,inconclusive,retention_signal,retention_signal,inconclusive,inconclusive,inconclusive
memory_trim_completed_failed,21/0,12/0,21/0,20/0,21/0,n/a (CTD before transcript),21/0,21/0,12/0,n/a,n/a; legacy aggregate disabled for renderscale-tuning nvidia,n/a; renderscale-tuning nvidia,n/a; renderscale-tuning nvidia; see evidence bundle,n/a; renderscale-tuning nvidia; see evidence bundle,n/a; renderscale-tuning nvidia; see evidence bundle,n/a; not derived for this assay,n/a; not derived for this assay
engine_target_retirements_completed,20,20,20,20,20,n/a (CTD before transcript),20,20,20,n/a,n/a; legacy aggregate disabled for renderscale-tuning nvidia,n/a; renderscale-tuning nvidia,n/a; renderscale-tuning nvidia; see evidence bundle,n/a; renderscale-tuning nvidia; see evidence bundle,n/a; renderscale-tuning nvidia; see evidence bundle,n/a; not derived for this assay,n/a; not derived for this assay
terminal_device_loss,no,no,no,no,no,n/a; final receipt unavailable,no,no,no,0,n/a; legacy aggregate disabled for renderscale-tuning nvidia,0,0,0,0,false,false
terminal_oom,no,no,no,no,no,no; CrashLogger access violation,no,no,no,0,n/a; legacy aggregate disabled for renderscale-tuning nvidia,0,0,0,0,false,false
current_fidelity_mismatches,n/a,0,0,0,3,n/a (CTD before transcript),1,4,0,n/a,n/a; legacy aggregate disabled for renderscale-tuning nvidia,0,see per-transition evidence,n/a; renderscale-tuning nvidia; see evidence bundle,n/a; renderscale-tuning nvidia; see evidence bundle,n/a; not derived for this assay,n/a; not derived for this assay
cpu_gpu_window,Captured,Did not start,active session 1,active session 1; cumulative pre-run plus run,fresh CPU session 1 and GPU window,started with transition 1; final receipt lost,fresh CPU session 1 and GPU window; stopped with exact guards,fresh CPU session 2 and GPU window; stopped with exact guards,fresh CPU session 1 and GPU window; stopped with exact guards,captured transition 1 through transition 33,n/a; legacy aggregate disabled for renderscale-tuning nvidia,n/a; renderscale-tuning nvidia,captured across each pass; cleanup receipts retained,captured across each pass; cleanup receipts retained,captured across each pass; cleanup receipts retained,n/a; not derived for this assay,n/a; not derived for this assay
cpu_window_start_frame,n/a,n/a,42258,44294,77332,n/a (CTD before transcript),34653,253906,90618,32393,n/a; legacy aggregate disabled for renderscale-tuning nvidia,n/a; renderscale-tuning nvidia,n/a; renderscale-tuning nvidia; see evidence bundle,n/a; renderscale-tuning nvidia; see evidence bundle,n/a; renderscale-tuning nvidia; see evidence bundle,n/a; not derived for this assay,n/a; not derived for this assay
cpu_window_elapsed_frames,n/a,n/a,27630,55223,30523,n/a (CTD before transcript),36241,24590,22042,139202,n/a; legacy aggregate disabled for renderscale-tuning nvidia,n/a; renderscale-tuning nvidia,n/a; renderscale-tuning nvidia; see evidence bundle,n/a; renderscale-tuning nvidia; see evidence bundle,n/a; renderscale-tuning nvidia; see evidence bundle,n/a; not derived for this assay,n/a; not derived for this assay
cpu_queue_hold_average_us,n/a,n/a,0.412,0.434,0.446,n/a (CTD before transcript),0.417,0.447,0.000,0.5165540894726595,n/a; legacy aggregate disabled for renderscale-tuning nvidia,n/a; renderscale-tuning nvidia,n/a; renderscale-tuning nvidia; see evidence bundle,n/a; renderscale-tuning nvidia; see evidence bundle,n/a; renderscale-tuning nvidia; see evidence bundle,n/a; not derived for this assay,n/a; not derived for this assay
cpu_queue_hold_maximum_us,n/a,n/a,73.2,118.1,116.4,n/a (CTD before transcript),149.2,155.5,0.000,154.3,n/a; legacy aggregate disabled for renderscale-tuning nvidia,n/a; renderscale-tuning nvidia,n/a; renderscale-tuning nvidia; see evidence bundle,n/a; renderscale-tuning nvidia; see evidence bundle,n/a; renderscale-tuning nvidia; see evidence bundle,n/a; not derived for this assay,n/a; not derived for this assay
cpu_queue_wait_average_us,n/a,n/a,0.047,0.050,0.047,n/a (CTD before transcript),0.049,0.053,0.000,0.0566101034911411,n/a; legacy aggregate disabled for renderscale-tuning nvidia,n/a; renderscale-tuning nvidia,n/a; renderscale-tuning nvidia; see evidence bundle,n/a; renderscale-tuning nvidia; see evidence bundle,n/a; renderscale-tuning nvidia; see evidence bundle,n/a; not derived for this assay,n/a; not derived for this assay
cpu_queue_wait_maximum_us,n/a,n/a,40.2,47.2,1.0,n/a (CTD before transcript),53.3,48.3,0.000,48,n/a; legacy aggregate disabled for renderscale-tuning nvidia,n/a; renderscale-tuning nvidia,n/a; renderscale-tuning nvidia; see evidence bundle,n/a; renderscale-tuning nvidia; see evidence bundle,n/a; renderscale-tuning nvidia; see evidence bundle,n/a; not derived for this assay,n/a; not derived for this assay
gpu_observed_frames,n/a,n/a,28013,55656,30462,n/a (CTD before transcript),36528,25038,22377,139203,n/a; legacy aggregate disabled for renderscale-tuning nvidia,n/a; renderscale-tuning nvidia,n/a; renderscale-tuning nvidia; see evidence bundle,n/a; renderscale-tuning nvidia; see evidence bundle,n/a; renderscale-tuning nvidia; see evidence bundle,n/a; not derived for this assay,n/a; not derived for this assay
comparison_verdict,Reference,Stabilization target; retry target missed,Diagnostic partial; 16 completed transitions across 3 crash logs; non-reference fixture,Diagnostic fixed-interval pass; 20/20 dispatches; stabilization recovered from controller log,Stress fail: latency 142>120; fidelity mismatches 3; vendor fallback eyes 3; 20/20 completed; no hard failures,Interrupted; CTD during even COC to WindhelmExterior01; mandatory receipts missing,Interrupted; profiler start_capture disabled; transition 5 strict metric missing; stress acceptance also failed latency/fidelity/presentation gates,20/20 strict transitions complete; stress acceptance failed latency/fidelity/presentation gates; no hard transition failure,20/20 strict transitions complete; stress fail only presentation_fallbacks from one pre-transition vendor fallback; newer publication/preparation lanes unsupported,FAIL; complete 33/33; 24 PASS; 9 FAIL,FAIL,render PASS; Task 2: 16 PASS / 32 FAIL / 18 INCONCLUSIVE; no aggregate Task 2 verdict,render FAIL; Task 2: 24 PASS / 14 FAIL / 28 INCONCLUSIVE; no aggregate Task 2 verdict,render PASS; Task 2: 41 PASS / 3 FAIL / 22 INCONCLUSIVE; no aggregate Task 2 verdict,render PASS; Task 2 60 PASS / 0 FAIL / 6 INCONCLUSIVE; no aggregate Task 2 verdict,"COMPLETE; render 66 PASS; Task2 66/0/0; reporting COMPLETE; worker recovered, COMPLETE, exited, endpoint lock released",COMPLETE; render 66 PASS; Task2 66/0/0; reporting COMPLETE
stabilization_measurement_source,n/a,n/a,three archived crash logs; stabilizer queue frame to controller Active frame,archived CS log; stabilizer queue frame to controller Active frame,archived CS log; stabilizer queue frame to controller Active frame,required strict receipts lost with CTD,strict DevBench waiter receipts; 19 stable plus 1 terminal diagnostic,archived CS log; stabilizer queue frame to controller Active frame,RC166 stress metrics plus archived CS log; requestedFrame to stableFrame,strict public-API qualification waiter QPC; not COC stabilization,n/a; legacy aggregate disabled for renderscale-tuning nvidia,strict qualification waiter milestone timings,strict qualification waiter milestone timings,strict qualification waiter milestone timings,n/a; renderscale-tuning nvidia; see evidence bundle,qualification_dispatch to strict terminal; milliseconds; 5000ms server pacing excluded; exact source and destination encoded in per-transition metric name,qualification_dispatch to strict terminal; milliseconds; 5000ms server pacing excluded; exact source and destination encoded in per-transition metric name
stabilization_sample_count,n/a,n/a,16 total; 9 Dragonsreach and 7 Windhelm,20 total; 10 Dragonsreach and 10 Windhelm,20 total; 10 Dragonsreach and 10 Windhelm,n/a; exact completed count lost,19/20 strict frame samples; 9 Dragonsreach and 10 Windhelm,20 total; 10 Dragonsreach and 10 Windhelm,20 total; 10 Dragonsreach and 10 Windhelm,33,n/a; legacy aggregate disabled for renderscale-tuning nvidia,66,66,66,n/a; renderscale-tuning nvidia; see evidence bundle,66,66
loaded_pid,n/a,n/a,n/a,39096,33980,11648,15344,18928,40064,35452,n/a; legacy aggregate disabled for renderscale-tuning nvidia,23772,4932,33716,n/a; renderscale-tuning nvidia; see evidence bundle,16424,26500
devbench_port,n/a,n/a,n/a,8921,8921,8921,8921,8921,8921,8921,n/a; legacy aggregate disabled for renderscale-tuning nvidia,8921,8921,8921,n/a; renderscale-tuning nvidia; see evidence bundle,8921,8921
final_cell,n/a,n/a,n/a,WindhelmExterior01,WindhelmExterior01,WindhelmExterior01 in crash context,WindhelmExterior01,WindhelmExterior01,WindhelmExterior01,WhiterunDragonsreach,WhiterunDragonsreach,WhiterunDragonsreach,WhiterunDragonsreach,WhiterunDragonsreach,n/a; renderscale-tuning nvidia; see evidence bundle,WhiterunDragonsreach,WhiterunDragonsreach
direct_coc_dispatches,n/a,n/a,n/a,20,20,at least 2; exact count lost,20,20,20,1 positioning COC,n/a; legacy aggregate disabled for renderscale-tuning nvidia,1,1,1,n/a; renderscale-tuning nvidia; see evidence bundle,1,1
direct_coc_dispatch_elapsed_ms_min_mean_max,n/a,n/a,n/a,0/8.9/16,0/7.6/16,n/a (CTD before transcript),3/9.7/18,2/44.7/730,0/4.8/15,n/a,n/a; legacy aggregate disabled for renderscale-tuning nvidia,n/a; renderscale-tuning nvidia,n/a; renderscale-tuning nvidia; see evidence bundle,n/a; renderscale-tuning nvidia; see evidence bundle,n/a; renderscale-tuning nvidia; see evidence bundle,n/a; not derived for this assay,n/a; not derived for this assay
transition_epoch_start_end_delta,n/a,n/a,n/a,8/28/20,2/22/20,n/a (CTD before transcript),2/22/20,3/22/19,2/21/19,n/a,n/a; legacy aggregate disabled for renderscale-tuning nvidia,n/a; renderscale-tuning nvidia,n/a; renderscale-tuning nvidia; see evidence bundle,n/a; renderscale-tuning nvidia; see evidence bundle,n/a; renderscale-tuning nvidia; see evidence bundle,n/a; not derived for this assay,n/a; not derived for this assay
contract_generation_start_end_delta,n/a,n/a,n/a,11/41/30,2/32/30,n/a (CTD before transcript),2/32/30,2/32/30,1/31/30,n/a,n/a; legacy aggregate disabled for renderscale-tuning nvidia,n/a; renderscale-tuning nvidia,n/a; renderscale-tuning nvidia; see evidence bundle,n/a; renderscale-tuning nvidia; see evidence bundle,n/a; renderscale-tuning nvidia; see evidence bundle,n/a; not derived for this assay,n/a; not derived for this assay
process_private_start_end_delta_mib,n/a,n/a,n/a,32022.16/32488.18/+466.02,26396.47/30196.66/+3800.19,n/a (CTD before transcript),25908.77/29954.13/4045.36,26412.58/30256.17/+3843.59,25224.69/28948.45/+3723.76,3505.34,n/a; legacy aggregate disabled for renderscale-tuning nvidia,n/a; renderscale-tuning nvidia,n/a; renderscale-tuning nvidia; see evidence bundle,n/a; renderscale-tuning nvidia; see evidence bundle,n/a; renderscale-tuning nvidia; see evidence bundle,n/a; not derived for this assay,n/a; not derived for this assay
system_commit_start_end_delta_mib,n/a,n/a,n/a,70569.51/70098.52/-470.99,63921.71/67684.20/+3762.50,n/a (CTD before transcript),61597.93/66232.63/4634.70,66631.30/70498.11/+3866.80,66325.44/69958.25/+3632.82,3374.78,n/a; legacy aggregate disabled for renderscale-tuning nvidia,n/a; renderscale-tuning nvidia,n/a; renderscale-tuning nvidia; see evidence bundle,n/a; renderscale-tuning nvidia; see evidence bundle,n/a; renderscale-tuning nvidia; see evidence bundle,n/a; not derived for this assay,n/a; not derived for this assay
gpu_usage_start_end_delta_mib,n/a,n/a,n/a,8003.31/7820.16/-183.15,11323.25/7887.58/-3435.67,n/a (CTD before transcript),10436.98/4840.37/-5596.61,5704.95/7855.04/+2150.10,10323.82/7902.83/-2420.99,438.83,n/a; legacy aggregate disabled for renderscale-tuning nvidia,n/a; renderscale-tuning nvidia,n/a; renderscale-tuning nvidia; see evidence bundle,n/a; renderscale-tuning nvidia; see evidence bundle,n/a; renderscale-tuning nvidia; see evidence bundle,n/a; not derived for this assay,n/a; not derived for this assay
gpu_budget_mib,n/a,n/a,n/a,23374,23374.00,23374.00 at setup,23374.00,23374.00,23374.00,23374.00,n/a; legacy aggregate disabled for renderscale-tuning nvidia,n/a; renderscale-tuning nvidia,n/a; renderscale-tuning nvidia; see evidence bundle,n/a; renderscale-tuning nvidia; see evidence bundle,n/a; renderscale-tuning nvidia; see evidence bundle,n/a; not derived for this assay,n/a; not derived for this assay
gpu_headroom_mib,n/a,n/a,n/a,15553.84,15486.42,13223.97 at setup,18533.63,15518.96,15471.17,18435.54,n/a; legacy aggregate disabled for renderscale-tuning nvidia,n/a; renderscale-tuning nvidia,n/a; renderscale-tuning nvidia; see evidence bundle,n/a; renderscale-tuning nvidia; see evidence bundle,n/a; renderscale-tuning nvidia; see evidence bundle,n/a; not derived for this assay,n/a; not derived for this assay
cpu_compact_contract_publishes_reuses,n/a,n/a,n/a,43302/43270 cumulative,25289/25269 fresh,n/a (CTD before transcript),29538/29518 fresh,20803/20783 fresh,0/0,66676/66644,n/a; legacy aggregate disabled for renderscale-tuning nvidia,n/a; renderscale-tuning nvidia,n/a; renderscale-tuning nvidia; see evidence bundle,n/a; renderscale-tuning nvidia; see evidence bundle,n/a; renderscale-tuning nvidia; see evidence bundle,n/a; not derived for this assay,n/a; not derived for this assay
cpu_generation_validation_invalidations_publishes,n/a,n/a,n/a,39/263 cumulative,30/200 fresh,n/a (CTD before transcript),30/199 fresh,30/199 fresh,0/0,66/3072,n/a; legacy aggregate disabled for renderscale-tuning nvidia,n/a; renderscale-tuning nvidia,n/a; renderscale-tuning nvidia; see evidence bundle,n/a; renderscale-tuning nvidia; see evidence bundle,n/a; renderscale-tuning nvidia; see evidence bundle,n/a; not derived for this assay,n/a; not derived for this assay
cpu_generation_validation_full_checks_hits_misses,n/a,n/a,n/a,15834/54979/54979/0 cumulative,678/30333/30333/0 fresh,n/a (CTD before transcript),2939/36051/36051/0 fresh,3005/24400/24400/0 fresh,22094/0/0/0,17382/100702/0,n/a; legacy aggregate disabled for renderscale-tuning nvidia,n/a; renderscale-tuning nvidia,n/a; renderscale-tuning nvidia; see evidence bundle,n/a; renderscale-tuning nvidia; see evidence bundle,n/a; renderscale-tuning nvidia; see evidence bundle,n/a; not derived for this assay,n/a; not derived for this assay
cpu_strong_packet_captures_accepts_rejects,n/a,n/a,n/a,88562/83260/38 cumulative,52156/47930/20 fresh,n/a (CTD before transcript),60598/56410/20 fresh,43142/38992/20 fresh,0/37538/0,133538/133338/50,n/a; legacy aggregate disabled for renderscale-tuning nvidia,n/a; renderscale-tuning nvidia,n/a; renderscale-tuning nvidia; see evidence bundle,n/a; renderscale-tuning nvidia; see evidence bundle,n/a; renderscale-tuning nvidia; see evidence bundle,n/a; not derived for this assay,n/a; not derived for this assay
cpu_strong_packet_validations_invalidations,n/a,n/a,n/a,83298/56112 cumulative,47950/31145 fresh,n/a (CTD before transcript),56430/36864 fresh,39012/25212 fresh,37538/0,133388/139849,n/a; legacy aggregate disabled for renderscale-tuning nvidia,n/a; renderscale-tuning nvidia,n/a; renderscale-tuning nvidia; see evidence bundle,n/a; renderscale-tuning nvidia; see evidence bundle,n/a; renderscale-tuning nvidia; see evidence bundle,n/a; not derived for this assay,n/a; not derived for this assay
cpu_strong_packet_lifetime_rebuilds_reuses,n/a,n/a,n/a,151/44175 cumulative,109/25999 fresh,n/a (CTD before transcript),110/30219 fresh,109/21492 fresh,0/0,n/a,n/a; legacy aggregate disabled for renderscale-tuning nvidia,n/a; renderscale-tuning nvidia,n/a; renderscale-tuning nvidia; see evidence bundle,n/a; renderscale-tuning nvidia; see evidence bundle,n/a; renderscale-tuning nvidia; see evidence bundle,n/a; not derived for this assay,n/a; not derived for this assay
gpu_periphery_taa_dispatches,n/a,n/a,n/a,102796 cumulative,54121 fresh,n/a (CTD before transcript),55356 fresh,43248 fresh,40736,190485,n/a; legacy aggregate disabled for renderscale-tuning nvidia,n/a; renderscale-tuning nvidia,n/a; renderscale-tuning nvidia; see evidence bundle,n/a; renderscale-tuning nvidia; see evidence bundle,n/a; renderscale-tuning nvidia; see evidence bundle,n/a; not derived for this assay,n/a; not derived for this assay
gpu_periphery_taa_pixel_ratio_avoided_ratio,n/a,n/a,n/a,0.497119/0.502881,0.497119/0.502881,n/a (CTD before transcript),0.497119/0.502881,0.497119/0.502881,0.494950/0.505050,0.49711933182694695/0.5028806681730531,n/a; legacy aggregate disabled for renderscale-tuning nvidia,n/a; renderscale-tuning nvidia,n/a; renderscale-tuning nvidia; see evidence bundle,n/a; renderscale-tuning nvidia; see evidence bundle,n/a; renderscale-tuning nvidia; see evidence bundle,n/a; not derived for this assay,n/a; not derived for this assay
gpu_early_ham_clears_protected_inputs,n/a,n/a,n/a,83966/83966 cumulative,47510/47510 fresh,n/a (CTD before transcript),45808/45808 fresh,39530/39530 fresh,37532/0,67952/67952,n/a; legacy aggregate disabled for renderscale-tuning nvidia,n/a; renderscale-tuning nvidia,n/a; renderscale-tuning nvidia; see evidence bundle,n/a; renderscale-tuning nvidia; see evidence bundle,n/a; renderscale-tuning nvidia; see evidence bundle,n/a; not derived for this assay,n/a; not derived for this assay
gpu_mirror_skipped_eye_observations,n/a,n/a,n/a,84220 cumulative,47864 fresh,n/a (CTD before transcript),57044 fresh,39942 fresh,37782,132892,n/a; legacy aggregate disabled for renderscale-tuning nvidia,n/a; renderscale-tuning nvidia,n/a; renderscale-tuning nvidia; see evidence bundle,n/a; renderscale-tuning nvidia; see evidence bundle,n/a; renderscale-tuning nvidia; see evidence bundle,n/a; not derived for this assay,n/a; not derived for this assay
dlss_trace_evaluations_failures,n/a,n/a,n/a,108794/0 cumulative,59796/0 fresh,n/a (CTD before transcript),70932/0 fresh,59666/0 fresh,55014/0,0/0,0,650/0,n/a; renderscale-tuning nvidia; see evidence bundle,n/a; renderscale-tuning nvidia; see evidence bundle,n/a; renderscale-tuning nvidia; see evidence bundle,n/a; not derived for this assay,n/a; not derived for this assay
dlss_trace_set_constants_calls,n/a,n/a,n/a,108794 cumulative,59799 fresh,n/a (CTD before transcript),70934 fresh,59670 fresh,55014,0,n/a; legacy aggregate disabled for renderscale-tuning nvidia,657,n/a; renderscale-tuning nvidia; see evidence bundle,n/a; renderscale-tuning nvidia; see evidence bundle,n/a; renderscale-tuning nvidia; see evidence bundle,n/a; not derived for this assay,n/a; not derived for this assay
dlss_trace_dropped_records,n/a,n/a,n/a,0,0,n/a (CTD before transcript),0,0,0,0,n/a; legacy aggregate disabled for renderscale-tuning nvidia,0,n/a; renderscale-tuning nvidia; see evidence bundle,n/a; renderscale-tuning nvidia; see evidence bundle,n/a; renderscale-tuning nvidia; see evidence bundle,n/a; not derived for this assay,n/a; not derived for this assay
texture_created_destroyed_outstanding,n/a,n/a,n/a,7762/6377/1385 cumulative,6382/5012/1370 fresh,n/a (CTD before transcript),6089/4683/1406 fresh,6015/4687/1328 fresh,6212/4853/1359,4616/4335/281,n/a; legacy aggregate disabled for renderscale-tuning nvidia,4635/4403/232,n/a; renderscale-tuning nvidia; see evidence bundle,n/a; renderscale-tuning nvidia; see evidence bundle,n/a; renderscale-tuning nvidia; see evidence bundle,n/a; not derived for this assay,n/a; not derived for this assay
texture_outstanding_estimated_mib,n/a,n/a,n/a,7362.60,6267.59,n/a (CTD before transcript),6466.03,6140.30,6614.07,6167.48,n/a; legacy aggregate disabled for renderscale-tuning nvidia,4552.026,n/a; renderscale-tuning nvidia; see evidence bundle,n/a; renderscale-tuning nvidia; see evidence bundle,n/a; renderscale-tuning nvidia; see evidence bundle,n/a; not derived for this assay,n/a; not derived for this assay
texture_groups_live_records,n/a,n/a,n/a,455/1385,456/1370,n/a (CTD before transcript),454/1406,451/1328,458/1359,924/281,n/a; legacy aggregate disabled for renderscale-tuning nvidia,913/232,n/a; renderscale-tuning nvidia; see evidence bundle,n/a; renderscale-tuning nvidia; see evidence bundle,n/a; renderscale-tuning nvidia; see evidence bundle,n/a; not derived for this assay,n/a; not derived for this assay
texture_dropped_recording_attach_failures,n/a,n/a,n/a,0/0/0,0/0/0,n/a (CTD before transcript),0/0/0,0/0/0,0/0/0,0/0/0,n/a; legacy aggregate disabled for renderscale-tuning nvidia,0/0/0,n/a; renderscale-tuning nvidia; see evidence bundle,n/a; renderscale-tuning nvidia; see evidence bundle,n/a; renderscale-tuning nvidia; see evidence bundle,n/a; not derived for this assay,n/a; not derived for this assay
probe_queued_completed_dropped,n/a,n/a,n/a,119041/119039/0 cumulative,65995/65991/0 fresh,n/a (CTD before transcript),78430/78428/0 fresh,66037/66033/0 fresh,55358/55356/0,301736/301734/0,n/a; legacy aggregate disabled for renderscale-tuning nvidia,not_exposed/not_exposed/not_exposed,n/a; renderscale-tuning nvidia; see evidence bundle,n/a; renderscale-tuning nvidia; see evidence bundle,n/a; renderscale-tuning nvidia; see evidence bundle,n/a; not derived for this assay,n/a; not derived for this assay
probe_retained_overwritten_pending,n/a,n/a,n/a,4096/114943/2,4096/61895/4,n/a (CTD before transcript),4096/74332/2,4096/61937/4,4096/51260/2,4096/297638/2,n/a; legacy aggregate disabled for renderscale-tuning nvidia,n/a; renderscale-tuning nvidia,n/a; renderscale-tuning nvidia; see evidence bundle,n/a; renderscale-tuning nvidia; see evidence bundle,n/a; renderscale-tuning nvidia; see evidence bundle,n/a; not derived for this assay,n/a; not derived for this assay
probe_timeout_handoff_arms_releases,n/a,n/a,n/a,26/26,20/20,n/a (CTD before transcript),20/20,20/20,unsupported: RC166 probe predates timeout-handoff counters,n/a,n/a; legacy aggregate disabled for renderscale-tuning nvidia,n/a; renderscale-tuning nvidia,n/a; renderscale-tuning nvidia; see evidence bundle,n/a; renderscale-tuning nvidia; see evidence bundle,n/a; renderscale-tuning nvidia; see evidence bundle,n/a; not derived for this assay,n/a; not derived for this assay
probe_ham_black_dark_bright_white_candidates,n/a,n/a,n/a,1/1/0/0,1404/1404/0/0,n/a (CTD before transcript),18191/18191/0/0,0/0/0/0,4096 retained black/unsupported/unsupported/0,n/a,n/a; legacy aggregate disabled for renderscale-tuning nvidia,n/a; renderscale-tuning nvidia,n/a; renderscale-tuning nvidia; see evidence bundle,n/a; renderscale-tuning nvidia; see evidence bundle,n/a; renderscale-tuning nvidia; see evidence bundle,n/a; not derived for this assay,n/a; not derived for this assay
profiler_frames_captured_slot_refusals,n/a,n/a,n/a,44593/0 cumulative,80899/0 cumulative,n/a (CTD before transcript),n/a (start_capture disabled),254204/0 cumulative,90917/0 cumulative,32692/0,n/a; legacy aggregate disabled for renderscale-tuning nvidia,0/0,n/a; renderscale-tuning nvidia; see evidence bundle,n/a; renderscale-tuning nvidia; see evidence bundle,n/a; renderscale-tuning nvidia; see evidence bundle,n/a; not derived for this assay,n/a; not derived for this assay
profiler_timer_history_frames,n/a,n/a,n/a,300 rolling,300 rolling,n/a (CTD before transcript),n/a (start_capture disabled),300 rolling,300 rolling; upscaling 273,n/a,n/a; legacy aggregate disabled for renderscale-tuning nvidia,n/a; renderscale-tuning nvidia,n/a; renderscale-tuning nvidia; see evidence bundle,n/a; renderscale-tuning nvidia; see evidence bundle,n/a; renderscale-tuning nvidia; see evidence bundle,n/a; not derived for this assay,n/a; not derived for this assay
profiler_deferred_gpu_avg_p95_p99_ms,n/a,n/a,n/a,1.641/1.809/2.260,0.972/1.615/1.745,n/a (CTD before transcript),n/a (start_capture disabled),1.568/1.851/2.644,1.408/1.486/1.917,n/a,n/a; legacy aggregate disabled for renderscale-tuning nvidia,n/a; renderscale-tuning nvidia,n/a; renderscale-tuning nvidia; see evidence bundle,n/a; renderscale-tuning nvidia; see evidence bundle,n/a; renderscale-tuning nvidia; see evidence bundle,n/a; not derived for this assay,n/a; not derived for this assay
profiler_upscaling_gpu_avg_p95_p99_ms,n/a,n/a,n/a,4.192/3.599/10.863,1.808/1.845/1.929,n/a (CTD before transcript),n/a (start_capture disabled),3.286/2.993/3.164,2.449/2.273/2.818,n/a,n/a; legacy aggregate disabled for renderscale-tuning nvidia,n/a; renderscale-tuning nvidia,n/a; renderscale-tuning nvidia; see evidence bundle,n/a; renderscale-tuning nvidia; see evidence bundle,n/a; renderscale-tuning nvidia; see evidence bundle,n/a; not derived for this assay,n/a; not derived for this assay
profiler_upscale_gpu_avg_p95_p99_ms,n/a,n/a,n/a,3.525/3.112/3.327,1.136/1.165/1.224,n/a (CTD before transcript),n/a (start_capture disabled),2.866/2.358/2.748,1.884/1.684/2.380,n/a,n/a; legacy aggregate disabled for renderscale-tuning nvidia,n/a; renderscale-tuning nvidia,n/a; renderscale-tuning nvidia; see evidence bundle,n/a; renderscale-tuning nvidia; see evidence bundle,n/a; renderscale-tuning nvidia; see evidence bundle,n/a; not derived for this assay,n/a; not derived for this assay
profiler_ham_input_gpu_avg_p95_p99_ms,n/a,n/a,n/a,0.167/0.167/0.436,0.120/0.123/0.126,n/a (CTD before transcript),n/a (start_capture disabled),0.139/0.168/0.171,unsupported: RC166 has no separate HAM-input timer,n/a,n/a; legacy aggregate disabled for renderscale-tuning nvidia,n/a; renderscale-tuning nvidia,n/a; renderscale-tuning nvidia; see evidence bundle,n/a; renderscale-tuning nvidia; see evidence bundle,n/a; renderscale-tuning nvidia; see evidence bundle,n/a; not derived for this assay,n/a; not derived for this assay
profiler_ham_final_gpu_avg_p95_p99_ms,n/a,n/a,n/a,0.176/0.172/0.577,0.322/0.327/0.346,n/a (CTD before transcript),n/a (start_capture disabled),0.146/0.163/0.483,0.220/0.223/0.429,n/a,n/a; legacy aggregate disabled for renderscale-tuning nvidia,n/a; renderscale-tuning nvidia,n/a; renderscale-tuning nvidia; see evidence bundle,n/a; renderscale-tuning nvidia; see evidence bundle,n/a; renderscale-tuning nvidia; see evidence bundle,n/a; not derived for this assay,n/a; not derived for this assay
recoverable_retry_classification,0 AA + 10 DLSS,20 AA + 10 DLSS,0 AA + 7 DLSS,0 AA + 10 DLSS,0 AA + 10 DLSS; 0 DLSS evaluate failures,n/a (CTD before transcript),0 AA + 10 DLSS; 0 DLSS evaluate failures,0 AA | 10 DLSS/FSR; 0 DLSS evaluate failures,20 native-AA (10 backend + 10 retirement) | 10 DLSS backend,n/a,n/a; legacy aggregate disabled for renderscale-tuning nvidia,n/a; renderscale-tuning nvidia,n/a; renderscale-tuning nvidia; see evidence bundle,n/a; renderscale-tuning nvidia; see evidence bundle,n/a; renderscale-tuning nvidia; see evidence bundle,n/a; not derived for this assay,n/a; not derived for this assay
stress_acceptance_verdict,n/a,n/a,n/a,n/a,fail,interrupted,fail; protocol interrupted,fail,fail,n/a,PASS,n/a; renderscale-tuning nvidia,n/a; renderscale-tuning nvidia; see evidence bundle,n/a; renderscale-tuning nvidia; see evidence bundle,n/a; renderscale-tuning nvidia; see evidence bundle,n/a; not derived for this assay,n/a; not derived for this assay
stress_acceptance_failure_reasons,n/a,n/a,n/a,n/a,stable_latency_bound; fidelity_invariants; presentation_fallbacks,ctd; control_plane_lost; mandatory_receipts_missing,stable_latency_bound; fidelity_invariants; presentation_fallbacks,stable_latency_bound; fidelity_invariants; presentation_fallbacks; presentation_stretch_complete_stereo_at_stop,presentation_fallbacks,n/a,none,n/a; renderscale-tuning nvidia,n/a; renderscale-tuning nvidia; see evidence bundle,n/a; renderscale-tuning nvidia; see evidence bundle,n/a; renderscale-tuning nvidia; see evidence bundle,n/a; not derived for this assay,n/a; not derived for this assay
transition_fidelity_mismatches,n/a,n/a,n/a,n/a,0,n/a (CTD before transcript),0,0,0,n/a,n/a; legacy aggregate disabled for renderscale-tuning nvidia,n/a; renderscale-tuning nvidia,n/a; renderscale-tuning nvidia; see evidence bundle,n/a; renderscale-tuning nvidia; see evidence bundle,n/a; renderscale-tuning nvidia; see evidence bundle,n/a; not derived for this assay,n/a; not derived for this assay
controller_backend_deferrals,n/a,n/a,n/a,n/a,10,n/a (CTD before transcript),10,10,20,n/a,n/a; legacy aggregate disabled for renderscale-tuning nvidia,n/a; renderscale-tuning nvidia,n/a; renderscale-tuning nvidia; see evidence bundle,n/a; renderscale-tuning nvidia; see evidence bundle,n/a; renderscale-tuning nvidia; see evidence bundle,n/a; not derived for this assay,n/a; not derived for this assay
steady_state_gpu_growth_mib,n/a,n/a,n/a,n/a,0.00,n/a (CTD before transcript),0.00,14.69,0.00,n/a,n/a; legacy aggregate disabled for renderscale-tuning nvidia,n/a; renderscale-tuning nvidia,n/a; renderscale-tuning nvidia; see evidence bundle,n/a; renderscale-tuning nvidia; see evidence bundle,n/a; renderscale-tuning nvidia; see evidence bundle,n/a; not derived for this assay,n/a; not derived for this assay
steady_state_system_commit_growth_mib,n/a,n/a,n/a,n/a,14.88,n/a (CTD before transcript),0.00,0.00,0.00,n/a,n/a; legacy aggregate disabled for renderscale-tuning nvidia,n/a; renderscale-tuning nvidia,n/a; renderscale-tuning nvidia; see evidence bundle,n/a; renderscale-tuning nvidia; see evidence bundle,n/a; renderscale-tuning nvidia; see evidence bundle,n/a; not derived for this assay,n/a; not derived for this assay
presentation_stretch_mean_completed_ms,n/a,n/a,n/a,n/a,714.314,n/a (CTD before transcript),707.900,712.193,unsupported: RC166 does not emit completed stretch QPC timing,n/a,n/a; legacy aggregate disabled for renderscale-tuning nvidia,n/a; renderscale-tuning nvidia,n/a; renderscale-tuning nvidia; see evidence bundle,n/a; renderscale-tuning nvidia; see evidence bundle,n/a; renderscale-tuning nvidia; see evidence bundle,n/a; not derived for this assay,n/a; not derived for this assay
presentation_stretch_max_completed_ms,n/a,n/a,n/a,n/a,1388.255,n/a (CTD before transcript),1373.048,1388.990,unsupported: RC166 does not emit completed stretch QPC timing,n/a,n/a; legacy aggregate disabled for renderscale-tuning nvidia,n/a; renderscale-tuning nvidia,n/a; renderscale-tuning nvidia; see evidence bundle,n/a; renderscale-tuning nvidia; see evidence bundle,n/a; renderscale-tuning nvidia; see evidence bundle,n/a; not derived for this assay,n/a; not derived for this assay
dlss_duplicated_constants_failures,n/a,n/a,n/a,n/a,3,n/a (CTD before transcript),2,4,0 bounded trace; 1 fresh pre-transition archived-log event,0,0,0,n/a; renderscale-tuning nvidia; see evidence bundle,n/a; renderscale-tuning nvidia; see evidence bundle,n/a; renderscale-tuning nvidia; see evidence bundle,0,0
profiler_capture_state,n/a,n/a,n/a,n/a,completed 300/300 frames,started; final status lost,failed to arm: disabled,completed 300/300 frames,completed 300/300 frames,completed 300/300; profiler disabled,n/a; legacy aggregate disabled for renderscale-tuning nvidia,enabled=false; capturing=false,n/a; renderscale-tuning nvidia; see evidence bundle,inactive and disabled after cleanup,n/a; renderscale-tuning nvidia; see evidence bundle,verified inactive after each pass,verified inactive after each pass
scenario_owner_id,n/a,n/a,n/a,n/a,n/a,simple-coc-c881bade50b2-20260828045217637,simple-coc-5-c881bade50b2-20260828T050904493Z,simple-coc-5-c881bade50b2-20260828T091327673Z,simple-coc-5-734dc711de78-20260828T094151073Z,renderscale-tuning-nvidia-49761bc99-20260829T100038310Z,n/a; legacy aggregate disabled for renderscale-tuning nvidia,per-transition unique owners; see retained rows,n/a; renderscale-tuning nvidia; see evidence bundle,per-transition exact owner IDs; see transitions.csv,n/a; renderscale-tuning nvidia; see evidence bundle,n/a; not derived for this assay,n/a; not derived for this assay
scenario_run_id,n/a,n/a,n/a,n/a,n/a,2,2,6,3,positioning runId 1; measured scenarios synchronous,nvidia-mtg04xkk,nvidia-mtgw3qfz,n/a; renderscale-tuning nvidia; see evidence bundle,nvidia-mtl3ic44,n/a; renderscale-tuning nvidia; see evidence bundle,nvidia-2026-09-10T07-19-50-405Z,renderscale-tuning-nvidia-20260910T090649592Z
scenario_step_count,n/a,n/a,n/a,n/a,n/a,106,104,101,101,33 measured transitions,66 measured transitions; 78 cumulative read steps,66 measured transitions; two baselines; two handoffs; guarded cleanup,n/a; renderscale-tuning nvidia; see evidence bundle,66 measured transition scenarios,n/a; renderscale-tuning nvidia; see evidence bundle,n/a; not derived for this assay,n/a; not derived for this assay
fixture_prepare_ready,n/a,n/a,n/a,n/a,n/a,yes,yes,yes,yes,true,true,true,n/a; renderscale-tuning nvidia; see evidence bundle,true,n/a; renderscale-tuning nvidia; see evidence bundle,true,true
fixture_prepare_persisted,n/a,n/a,n/a,n/a,n/a,false,false,false,false,false,false,false,n/a; renderscale-tuning nvidia; see evidence bundle,false,n/a; renderscale-tuning nvidia; see evidence bundle,false,false
developer_log_level,n/a,n/a,n/a,n/a,n/a,debug,debug,debug,debug,debug,n/a; legacy aggregate disabled for renderscale-tuning nvidia,debug,n/a; renderscale-tuning nvidia; see evidence bundle,n/a; renderscale-tuning nvidia; see evidence bundle,n/a; renderscale-tuning nvidia; see evidence bundle,debug,debug
vr_fps_stabilizer_active,n/a,n/a,n/a,n/a,n/a,yes,yes,yes,yes,true; no assay mutation,n/a; legacy aggregate disabled for renderscale-tuning nvidia,true,n/a; renderscale-tuning nvidia; see evidence bundle,false,n/a; renderscale-tuning nvidia; see evidence bundle,n/a; not derived for this assay,n/a; not derived for this assay
stress_session_id,n/a,n/a,n/a,n/a,n/a,1,1,2,1,2,n/a; legacy aggregate disabled for renderscale-tuning nvidia,pass1=2; pass2=4,n/a; renderscale-tuning nvidia; see evidence bundle,pass 1 and pass 2 exact-owned sessions; cleanup verified,n/a; renderscale-tuning nvidia; see evidence bundle,n/a; not derived for this assay,n/a; not derived for this assay
capture_lanes_armed,n/a,n/a,n/a,n/a,n/a,stress; CPU; GPU; DLSS trace; texture lifetime; probe; profiler,stress; CPU; GPU; DLSS trace; texture lifetime; probe; profiler failed to arm,stress; CPU; GPU; DLSS trace; texture lifetime; probe; profiler,stress; CPU; GPU; DLSS trace; texture lifetime; probe; profiler; publication/preparation unsupported,stress=2; texture=1; probe=2; cpu=1; gpu_start=32393; profiler=1,n/a; legacy aggregate disabled for renderscale-tuning nvidia,"stress,cpu,gpu,texture-lifetime,load-presentation,profiler",n/a; renderscale-tuning nvidia; see evidence bundle,CPU/GPU/texture/probe per pass; cleanup verified,n/a; renderscale-tuning nvidia; see evidence bundle,n/a; not derived for this assay,n/a; not derived for this assay
crash_timestamp_utc,n/a,n/a,n/a,n/a,n/a,2026-08-28T04:54:49Z,n/a (interrupted protocol),n/a,n/a,n/a,n/a; legacy aggregate disabled for renderscale-tuning nvidia,n/a; renderscale-tuning nvidia,n/a; renderscale-tuning nvidia; see evidence bundle,n/a; renderscale-tuning nvidia; see evidence bundle,n/a; renderscale-tuning nvidia; see evidence bundle,n/a; not derived for this assay,n/a; not derived for this assay
crash_timestamp_local,n/a,n/a,n/a,n/a,n/a,2026-08-28T05:54:49+01:00,n/a (interrupted protocol),n/a,n/a,n/a,n/a; legacy aggregate disabled for renderscale-tuning nvidia,n/a; renderscale-tuning nvidia,n/a; renderscale-tuning nvidia; see evidence bundle,n/a; renderscale-tuning nvidia; see evidence bundle,n/a; renderscale-tuning nvidia; see evidence bundle,n/a; not derived for this assay,n/a; not derived for this assay
crash_exception,n/a,n/a,n/a,n/a,n/a,EXCEPTION_ACCESS_VIOLATION,n/a (interrupted protocol),n/a,n/a,n/a,n/a; legacy aggregate disabled for renderscale-tuning nvidia,n/a; renderscale-tuning nvidia,n/a; renderscale-tuning nvidia; see evidence bundle,n/a; renderscale-tuning nvidia; see evidence bundle,n/a; renderscale-tuning nvidia; see evidence bundle,n/a; not derived for this assay,n/a; not derived for this assay
crash_address,n/a,n/a,n/a,n/a,n/a,SkyrimVR.exe+12FBD94,n/a (interrupted protocol),n/a,n/a,n/a,n/a; legacy aggregate disabled for renderscale-tuning nvidia,n/a; renderscale-tuning nvidia,n/a; renderscale-tuning nvidia; see evidence bundle,n/a; renderscale-tuning nvidia; see evidence bundle,n/a; renderscale-tuning nvidia; see evidence bundle,n/a; not derived for this assay,n/a; not derived for this assay
crash_instruction,n/a,n/a,n/a,n/a,n/a,cmp [rcx+rax*8] rsi,n/a (interrupted protocol),n/a,n/a,n/a,n/a; legacy aggregate disabled for renderscale-tuning nvidia,n/a; renderscale-tuning nvidia,n/a; renderscale-tuning nvidia; see evidence bundle,n/a; renderscale-tuning nvidia; see evidence bundle,n/a; renderscale-tuning nvidia; see evidence bundle,n/a; not derived for this assay,n/a; not derived for this assay
crash_thread_context,n/a,n/a,n/a,n/a,n/a,BSJobs::JobThread,n/a (interrupted protocol),n/a,n/a,n/a,n/a; legacy aggregate disabled for renderscale-tuning nvidia,n/a; renderscale-tuning nvidia,n/a; renderscale-tuning nvidia; see evidence bundle,n/a; renderscale-tuning nvidia; see evidence bundle,n/a; renderscale-tuning nvidia; see evidence bundle,n/a; not derived for this assay,n/a; not derived for this assay
crash_coc_destination,n/a,n/a,n/a,n/a,n/a,WindhelmExterior01,n/a (interrupted protocol),n/a,n/a,n/a,n/a; legacy aggregate disabled for renderscale-tuning nvidia,n/a; renderscale-tuning nvidia,n/a; renderscale-tuning nvidia; see evidence bundle,n/a; renderscale-tuning nvidia; see evidence bundle,n/a; renderscale-tuning nvidia; see evidence bundle,n/a; not derived for this assay,n/a; not derived for this assay
crash_scene_context,n/a,n/a,n/a,n/a,n/a,BSPortal; BSPortalGraph; BSMultiBoundRoom; WhiterunDragonsreach; WindhelmExterior01,n/a (interrupted protocol),n/a,n/a,n/a,n/a; legacy aggregate disabled for renderscale-tuning nvidia,n/a; renderscale-tuning nvidia,n/a; renderscale-tuning nvidia; see evidence bundle,n/a; renderscale-tuning nvidia; see evidence bundle,n/a; renderscale-tuning nvidia; see evidence bundle,n/a; not derived for this assay,n/a; not derived for this assay
crash_probable_stack_communityshaders_frames,n/a,n/a,n/a,n/a,n/a,0,n/a (interrupted protocol),n/a,n/a,n/a,n/a; legacy aggregate disabled for renderscale-tuning nvidia,n/a; renderscale-tuning nvidia,n/a; renderscale-tuning nvidia; see evidence bundle,n/a; renderscale-tuning nvidia; see evidence bundle,n/a; renderscale-tuning nvidia; see evidence bundle,n/a; not derived for this assay,n/a; not derived for this assay
crash_probable_stack_devbench_frames,n/a,n/a,n/a,n/a,n/a,0,n/a (interrupted protocol),n/a,n/a,n/a,n/a; legacy aggregate disabled for renderscale-tuning nvidia,n/a; renderscale-tuning nvidia,n/a; renderscale-tuning nvidia; see evidence bundle,n/a; renderscale-tuning nvidia; see evidence bundle,n/a; renderscale-tuning nvidia; see evidence bundle,n/a; not derived for this assay,n/a; not derived for this assay
crash_system_memory_used_total_gib,n/a,n/a,n/a,n/a,n/a,29.11/61.64,n/a (interrupted protocol),n/a,n/a,n/a,n/a; legacy aggregate disabled for renderscale-tuning nvidia,n/a; renderscale-tuning nvidia,n/a; renderscale-tuning nvidia; see evidence bundle,n/a; renderscale-tuning nvidia; see evidence bundle,n/a; renderscale-tuning nvidia; see evidence bundle,n/a; not derived for this assay,n/a; not derived for this assay
crash_gpu_memory_used_total_gib,n/a,n/a,n/a,n/a,n/a,10.34/22.83,n/a (interrupted protocol),n/a,n/a,n/a,n/a; legacy aggregate disabled for renderscale-tuning nvidia,n/a; renderscale-tuning nvidia,n/a; renderscale-tuning nvidia; see evidence bundle,n/a; renderscale-tuning nvidia; see evidence bundle,n/a; renderscale-tuning nvidia; see evidence bundle,n/a; not derived for this assay,n/a; not derived for this assay
crash_log_sha256,n/a,n/a,n/a,n/a,n/a,be836a4e1b4803f6e1488834f026efb58fa5c35f99a289350b403d02805bf5c1,n/a (interrupted protocol),n/a,n/a,n/a,n/a; legacy aggregate disabled for renderscale-tuning nvidia,n/a; renderscale-tuning nvidia,n/a; renderscale-tuning nvidia; see evidence bundle,n/a; renderscale-tuning nvidia; see evidence bundle,n/a; renderscale-tuning nvidia; see evidence bundle,n/a; not derived for this assay,n/a; not derived for this assay
crash_log_file,n/a,n/a,n/a,n/a,n/a,v3.19.0-pr39-138-g9e1ac9755__20260828T045834010Z__4c255b13__crash-2026-08-28-04-54-49.log,n/a (interrupted protocol),n/a,n/a,n/a,n/a; legacy aggregate disabled for renderscale-tuning nvidia,n/a; renderscale-tuning nvidia,n/a; renderscale-tuning nvidia; see evidence bundle,n/a; renderscale-tuning nvidia; see evidence bundle,n/a; renderscale-tuning nvidia; see evidence bundle,n/a; not derived for this assay,n/a; not derived for this assay
missing_evidence_reason,n/a,n/a,n/a,n/a,n/a,game process and DevBench control plane terminated before scenario transcript,profiler lane disabled at arm; transition 5 strict stabilization frame absent,n/a,RC166 predates resource-publication and asynchronous preparation telemetry; completed stretch episode/QPC fields not emitted,raw MCP receipts retained in Codex execution transcript,n/a; reporting contract complete,18 Task 2 rows INCONCLUSIVE; see report.md and transitions.csv,n/a; renderscale-tuning nvidia; see evidence bundle,none for reporting contract; Task 2 row gaps retained,n/a; renderscale-tuning nvidia; see evidence bundle,none; DLL and evidence verified; worker shutdown diagnostic does not affect completeness,status.submitInputFreshness not exposed by comparison baseline; not required by this assay
preparation_available,n/a,n/a,n/a,n/a,n/a,yes,yes,yes,unsupported,n/a,n/a; legacy aggregate disabled for renderscale-tuning nvidia,n/a; renderscale-tuning nvidia,n/a; renderscale-tuning nvidia; see evidence bundle,n/a; renderscale-tuning nvidia; see evidence bundle,n/a; renderscale-tuning nvidia; see evidence bundle,n/a; not derived for this assay,n/a; not derived for this assay
preparation_session_id,n/a,n/a,n/a,n/a,n/a,1,1,2,unsupported,n/a,n/a; legacy aggregate disabled for renderscale-tuning nvidia,n/a; renderscale-tuning nvidia,n/a; renderscale-tuning nvidia; see evidence bundle,n/a; renderscale-tuning nvidia; see evidence bundle,n/a; renderscale-tuning nvidia; see evidence bundle,n/a; not derived for this assay,n/a; not derived for this assay
preparation_capacity,n/a,n/a,n/a,n/a,n/a,512,512,512,unsupported,n/a,n/a; legacy aggregate disabled for renderscale-tuning nvidia,n/a; renderscale-tuning nvidia,n/a; renderscale-tuning nvidia; see evidence bundle,n/a; renderscale-tuning nvidia; see evidence bundle,n/a; renderscale-tuning nvidia; see evidence bundle,n/a; not derived for this assay,n/a; not derived for this assay
preparation_qpc_frequency,n/a,n/a,n/a,n/a,n/a,10000000,10000000,10000000,unsupported,n/a,n/a; legacy aggregate disabled for renderscale-tuning nvidia,n/a; renderscale-tuning nvidia,n/a; renderscale-tuning nvidia; see evidence bundle,n/a; renderscale-tuning nvidia; see evidence bundle,n/a; renderscale-tuning nvidia; see evidence bundle,n/a; not derived for this assay,n/a; not derived for this assay
preparation_retained_events,n/a,n/a,n/a,n/a,n/a,n/a (CTD before transcript),80,80,unsupported,n/a,n/a; legacy aggregate disabled for renderscale-tuning nvidia,n/a; renderscale-tuning nvidia,n/a; renderscale-tuning nvidia; see evidence bundle,n/a; renderscale-tuning nvidia; see evidence bundle,n/a; renderscale-tuning nvidia; see evidence bundle,n/a; not derived for this assay,n/a; not derived for this assay
preparation_overwritten_events,n/a,n/a,n/a,n/a,n/a,n/a (CTD before transcript),0,0,unsupported,n/a,n/a; legacy aggregate disabled for renderscale-tuning nvidia,n/a; renderscale-tuning nvidia,n/a; renderscale-tuning nvidia; see evidence bundle,n/a; renderscale-tuning nvidia; see evidence bundle,n/a; renderscale-tuning nvidia; see evidence bundle,n/a; not derived for this assay,n/a; not derived for this assay
preparation_coalesced_events,n/a,n/a,n/a,n/a,n/a,n/a (CTD before transcript),417,417,unsupported,n/a,n/a; legacy aggregate disabled for renderscale-tuning nvidia,n/a; renderscale-tuning nvidia,n/a; renderscale-tuning nvidia; see evidence bundle,n/a; renderscale-tuning nvidia; see evidence bundle,n/a; renderscale-tuning nvidia; see evidence bundle,n/a; not derived for this assay,n/a; not derived for this assay
preparation_admission_early_exit_records_occurrences,n/a,n/a,n/a,n/a,n/a,n/a (CTD before transcript),40/318,40/318,unsupported,n/a,n/a; legacy aggregate disabled for renderscale-tuning nvidia,n/a; renderscale-tuning nvidia,n/a; renderscale-tuning nvidia; see evidence bundle,n/a; renderscale-tuning nvidia; see evidence bundle,n/a; renderscale-tuning nvidia; see evidence bundle,n/a; not derived for this assay,n/a; not derived for this assay
preparation_admission_early_exit_duration_ms,n/a,n/a,n/a,n/a,n/a,n/a (CTD before transcript),count/total/mean/min/max=40/0.0044/0.00011/0/0.0003,count/total/mean/min/max=40/0.0038/0.000095/0/0.0002,unsupported,n/a,n/a; legacy aggregate disabled for renderscale-tuning nvidia,n/a; renderscale-tuning nvidia,n/a; renderscale-tuning nvidia; see evidence bundle,n/a; renderscale-tuning nvidia; see evidence bundle,n/a; renderscale-tuning nvidia; see evidence bundle,n/a; not derived for this assay,n/a; not derived for this assay
preparation_shader_cache_records_occurrences,n/a,n/a,n/a,n/a,n/a,n/a (CTD before transcript),0/0,0/0,unsupported,n/a,n/a; legacy aggregate disabled for renderscale-tuning nvidia,n/a; renderscale-tuning nvidia,n/a; renderscale-tuning nvidia; see evidence bundle,n/a; renderscale-tuning nvidia; see evidence bundle,n/a; renderscale-tuning nvidia; see evidence bundle,n/a; not derived for this assay,n/a; not derived for this assay
preparation_shader_cache_duration_ms,n/a,n/a,n/a,n/a,n/a,n/a (CTD before transcript),count/total/mean/min/max=0/n/a/n/a/n/a/n/a,count/total/mean/min/max=0/n/a/n/a/n/a/n/a,unsupported,n/a,n/a; legacy aggregate disabled for renderscale-tuning nvidia,n/a; renderscale-tuning nvidia,n/a; renderscale-tuning nvidia; see evidence bundle,n/a; renderscale-tuning nvidia; see evidence bundle,n/a; renderscale-tuning nvidia; see evidence bundle,n/a; not derived for this assay,n/a; not derived for this assay
preparation_sss_prewarm_records_occurrences,n/a,n/a,n/a,n/a,n/a,n/a (CTD before transcript),0/0,0/0,unsupported,n/a,n/a; legacy aggregate disabled for renderscale-tuning nvidia,n/a; renderscale-tuning nvidia,n/a; renderscale-tuning nvidia; see evidence bundle,n/a; renderscale-tuning nvidia; see evidence bundle,n/a; renderscale-tuning nvidia; see evidence bundle,n/a; not derived for this assay,n/a; not derived for this assay
preparation_sss_prewarm_duration_ms,n/a,n/a,n/a,n/a,n/a,n/a (CTD before transcript),count/total/mean/min/max=0/n/a/n/a/n/a/n/a,count/total/mean/min/max=0/n/a/n/a/n/a/n/a,unsupported,n/a,n/a; legacy aggregate disabled for renderscale-tuning nvidia,n/a; renderscale-tuning nvidia,n/a; renderscale-tuning nvidia; see evidence bundle,n/a; renderscale-tuning nvidia; see evidence bundle,n/a; renderscale-tuning nvidia; see evidence bundle,n/a; not derived for this assay,n/a; not derived for this assay
preparation_ssgi_prewarm_records_occurrences,n/a,n/a,n/a,n/a,n/a,n/a (CTD before transcript),0/0,0/0,unsupported,n/a,n/a; legacy aggregate disabled for renderscale-tuning nvidia,n/a; renderscale-tuning nvidia,n/a; renderscale-tuning nvidia; see evidence bundle,n/a; renderscale-tuning nvidia; see evidence bundle,n/a; renderscale-tuning nvidia; see evidence bundle,n/a; not derived for this assay,n/a; not derived for this assay
preparation_ssgi_prewarm_duration_ms,n/a,n/a,n/a,n/a,n/a,n/a (CTD before transcript),count/total/mean/min/max=0/n/a/n/a/n/a/n/a,count/total/mean/min/max=0/n/a/n/a/n/a/n/a,unsupported,n/a,n/a; legacy aggregate disabled for renderscale-tuning nvidia,n/a; renderscale-tuning nvidia,n/a; renderscale-tuning nvidia; see evidence bundle,n/a; renderscale-tuning nvidia; see evidence bundle,n/a; renderscale-tuning nvidia; see evidence bundle,n/a; not derived for this assay,n/a; not derived for this assay
preparation_dlss_records_occurrences,n/a,n/a,n/a,n/a,n/a,n/a (CTD before transcript),0/0,0/0,unsupported,n/a,n/a; legacy aggregate disabled for renderscale-tuning nvidia,n/a; renderscale-tuning nvidia,n/a; renderscale-tuning nvidia; see evidence bundle,n/a; renderscale-tuning nvidia; see evidence bundle,n/a; renderscale-tuning nvidia; see evidence bundle,n/a; not derived for this assay,n/a; not derived for this assay
preparation_dlss_duration_ms,n/a,n/a,n/a,n/a,n/a,n/a (CTD before transcript),count/total/mean/min/max=0/n/a/n/a/n/a/n/a,count/total/mean/min/max=0/n/a/n/a/n/a/n/a,unsupported,n/a,n/a; legacy aggregate disabled for renderscale-tuning nvidia,n/a; renderscale-tuning nvidia,n/a; renderscale-tuning nvidia; see evidence bundle,n/a; renderscale-tuning nvidia; see evidence bundle,n/a; renderscale-tuning nvidia; see evidence bundle,n/a; not derived for this assay,n/a; not derived for this assay
preparation_fsr_records_occurrences,n/a,n/a,n/a,n/a,n/a,n/a (CTD before transcript),0/0,0/0,unsupported,n/a,n/a; legacy aggregate disabled for renderscale-tuning nvidia,n/a; renderscale-tuning nvidia,n/a; renderscale-tuning nvidia; see evidence bundle,n/a; renderscale-tuning nvidia; see evidence bundle,n/a; renderscale-tuning nvidia; see evidence bundle,n/a; not derived for this assay,n/a; not derived for this assay
preparation_fsr_duration_ms,n/a,n/a,n/a,n/a,n/a,n/a (CTD before transcript),count/total/mean/min/max=0/n/a/n/a/n/a/n/a,count/total/mean/min/max=0/n/a/n/a/n/a/n/a,unsupported,n/a,n/a; legacy aggregate disabled for renderscale-tuning nvidia,n/a; renderscale-tuning nvidia,n/a; renderscale-tuning nvidia; see evidence bundle,n/a; renderscale-tuning nvidia; see evidence bundle,n/a; renderscale-tuning nvidia; see evidence bundle,n/a; not derived for this assay,n/a; not derived for this assay
preparation_fsr4_records_occurrences,n/a,n/a,n/a,n/a,n/a,n/a (CTD before transcript),0/0,0/0,unsupported,n/a,n/a; legacy aggregate disabled for renderscale-tuning nvidia,n/a; renderscale-tuning nvidia,n/a; renderscale-tuning nvidia; see evidence bundle,n/a; renderscale-tuning nvidia; see evidence bundle,n/a; renderscale-tuning nvidia; see evidence bundle,n/a; not derived for this assay,n/a; not derived for this assay
preparation_fsr4_duration_ms,n/a,n/a,n/a,n/a,n/a,n/a (CTD before transcript),count/total/mean/min/max=0/n/a/n/a/n/a/n/a,count/total/mean/min/max=0/n/a/n/a/n/a/n/a,unsupported,n/a,n/a; legacy aggregate disabled for renderscale-tuning nvidia,n/a; renderscale-tuning nvidia,n/a; renderscale-tuning nvidia; see evidence bundle,n/a; renderscale-tuning nvidia; see evidence bundle,n/a; renderscale-tuning nvidia; see evidence bundle,n/a; not derived for this assay,n/a; not derived for this assay
preparation_d3d_creation_records_occurrences,n/a,n/a,n/a,n/a,n/a,n/a (CTD before transcript),0/0,0/0,unsupported,n/a,n/a; legacy aggregate disabled for renderscale-tuning nvidia,n/a; renderscale-tuning nvidia,n/a; renderscale-tuning nvidia; see evidence bundle,n/a; renderscale-tuning nvidia; see evidence bundle,n/a; renderscale-tuning nvidia; see evidence bundle,n/a; not derived for this assay,n/a; not derived for this assay
preparation_d3d_creation_duration_ms,n/a,n/a,n/a,n/a,n/a,n/a (CTD before transcript),count/total/mean/min/max=0/n/a/n/a/n/a/n/a,count/total/mean/min/max=0/n/a/n/a/n/a/n/a,unsupported,n/a,n/a; legacy aggregate disabled for renderscale-tuning nvidia,n/a; renderscale-tuning nvidia,n/a; renderscale-tuning nvidia; see evidence bundle,n/a; renderscale-tuning nvidia; see evidence bundle,n/a; renderscale-tuning nvidia; see evidence bundle,n/a; not derived for this assay,n/a; not derived for this assay
preparation_total_records_occurrences,n/a,n/a,n/a,n/a,n/a,n/a (CTD before transcript),20/159,20/159,unsupported,n/a,n/a; legacy aggregate disabled for renderscale-tuning nvidia,n/a; renderscale-tuning nvidia,n/a; renderscale-tuning nvidia; see evidence bundle,n/a; renderscale-tuning nvidia; see evidence bundle,n/a; renderscale-tuning nvidia; see evidence bundle,n/a; not derived for this assay,n/a; not derived for this assay
preparation_total_duration_ms,n/a,n/a,n/a,n/a,n/a,n/a (CTD before transcript),count/total/mean/min/max=20/0.0022/0.00011/0/0.0003,count/total/mean/min/max=20/0.0019/0.000095/0/0.0002,unsupported,n/a,n/a; legacy aggregate disabled for renderscale-tuning nvidia,n/a; renderscale-tuning nvidia,n/a; renderscale-tuning nvidia; see evidence bundle,n/a; renderscale-tuning nvidia; see evidence bundle,n/a; renderscale-tuning nvidia; see evidence bundle,n/a; not derived for this assay,n/a; not derived for this assay
preparation_request_to_prepared_records_occurrences,n/a,n/a,n/a,n/a,n/a,n/a (CTD before transcript),0/0,0/0,unsupported,n/a,n/a; legacy aggregate disabled for renderscale-tuning nvidia,n/a; renderscale-tuning nvidia,n/a; renderscale-tuning nvidia; see evidence bundle,n/a; renderscale-tuning nvidia; see evidence bundle,n/a; renderscale-tuning nvidia; see evidence bundle,n/a; not derived for this assay,n/a; not derived for this assay
preparation_request_to_prepared_duration_ms,n/a,n/a,n/a,n/a,n/a,n/a (CTD before transcript),count/total/mean/min/max=0/n/a/n/a/n/a/n/a,count/total/mean/min/max=0/n/a/n/a/n/a/n/a,unsupported,n/a,n/a; legacy aggregate disabled for renderscale-tuning nvidia,n/a; renderscale-tuning nvidia,n/a; renderscale-tuning nvidia; see evidence bundle,n/a; renderscale-tuning nvidia; see evidence bundle,n/a; renderscale-tuning nvidia; see evidence bundle,n/a; not derived for this assay,n/a; not derived for this assay
preparation_prepared_to_creator_records_occurrences,n/a,n/a,n/a,n/a,n/a,n/a (CTD before transcript),0/0,0/0,unsupported,n/a,n/a; legacy aggregate disabled for renderscale-tuning nvidia,n/a; renderscale-tuning nvidia,n/a; renderscale-tuning nvidia; see evidence bundle,n/a; renderscale-tuning nvidia; see evidence bundle,n/a; renderscale-tuning nvidia; see evidence bundle,n/a; not derived for this assay,n/a; not derived for this assay
preparation_prepared_to_creator_duration_ms,n/a,n/a,n/a,n/a,n/a,n/a (CTD before transcript),count/total/mean/min/max=0/n/a/n/a/n/a/n/a,count/total/mean/min/max=0/n/a/n/a/n/a/n/a,unsupported,n/a,n/a; legacy aggregate disabled for renderscale-tuning nvidia,n/a; renderscale-tuning nvidia,n/a; renderscale-tuning nvidia; see evidence bundle,n/a; renderscale-tuning nvidia; see evidence bundle,n/a; renderscale-tuning nvidia; see evidence bundle,n/a; not derived for this assay,n/a; not derived for this assay
preparation_bytecode_compile_count_ms,n/a,n/a,n/a,n/a,n/a,n/a (CTD before transcript),80/0,80/0,unsupported,n/a,n/a; legacy aggregate disabled for renderscale-tuning nvidia,n/a; renderscale-tuning nvidia,n/a; renderscale-tuning nvidia; see evidence bundle,n/a; renderscale-tuning nvidia; see evidence bundle,n/a; renderscale-tuning nvidia; see evidence bundle,n/a; not derived for this assay,n/a; not derived for this assay
preparation_d3d_create_count_ms,n/a,n/a,n/a,n/a,n/a,n/a (CTD before transcript),80/0,80/0,unsupported,n/a,n/a; legacy aggregate disabled for renderscale-tuning nvidia,n/a; renderscale-tuning nvidia,n/a; renderscale-tuning nvidia; see evidence bundle,n/a; renderscale-tuning nvidia; see evidence bundle,n/a; renderscale-tuning nvidia; see evidence bundle,n/a; not derived for this assay,n/a; not derived for this assay
protocol_name_id,n/a,n/a,n/a,n/a,n/a,n/a,5,5,5,renderscale-tuning-nvidia; matrix schema 1; plugin 0.8.0+codex.20260829085344,renderscale-tuning-nvidia-v1,renderscale-tuning-nvidia; nvidia-mtgw3qfz,n/a; renderscale-tuning nvidia; see evidence bundle,renderscale-tuning-nvidia; nvidia-mtl3ic44,n/a; renderscale-tuning nvidia; see evidence bundle,renderscale-tuning nvidia,renderscale-tuning nvidia
protocol_completion_status,n/a,n/a,n/a,n/a,n/a,n/a,interrupted,complete,complete,COMPLETE; 33/33,COMPLETE,COMPLETE,n/a; renderscale-tuning nvidia; see evidence bundle,COMPLETE,n/a; renderscale-tuning nvidia; see evidence bundle,COMPLETE,COMPLETE
protocol_interrupt_reasons,n/a,n/a,n/a,n/a,n/a,n/a,profiler start_capture disabled; transition 5 terminal diagnostic missing strict frame,n/a,n/a,none,none,none,n/a; renderscale-tuning nvidia; see evidence bundle,none,n/a; renderscale-tuning nvidia; see evidence bundle,none; post-measurement worker notification shutdown recovered after verified cleanup; journal unchanged,none
strict_waiter_receipts,n/a,n/a,n/a,n/a,n/a,n/a,20,20,20,33,66,66,n/a; renderscale-tuning nvidia; see evidence bundle,66,n/a; renderscale-tuning nvidia; see evidence bundle,66,66
strict_satisfied_receipts,n/a,n/a,n/a,n/a,n/a,n/a,19,20,20,24,66,66,n/a; renderscale-tuning nvidia; see evidence bundle,66,n/a; renderscale-tuning nvidia; see evidence bundle,66,66
strict_terminal_receipts,n/a,n/a,n/a,n/a,n/a,n/a,1 (transition 5),0,0,33,66,66,n/a; renderscale-tuning nvidia; see evidence bundle,66,n/a; renderscale-tuning nvidia; see evidence bundle,66,66
partial_dragonsreach_mean_stabilization_frames,n/a,n/a,n/a,n/a,n/a,n/a,78.4 (9 samples),n/a,n/a,n/a,n/a; legacy aggregate disabled for renderscale-tuning nvidia,n/a; renderscale-tuning nvidia,n/a; renderscale-tuning nvidia; see evidence bundle,n/a; renderscale-tuning nvidia; see evidence bundle,n/a; renderscale-tuning nvidia; see evidence bundle,n/a; not derived for this assay,n/a; not derived for this assay
partial_overall_mean_stabilization_frames,n/a,n/a,n/a,n/a,n/a,n/a,113.3 (19 samples),n/a,n/a,n/a,n/a; legacy aggregate disabled for renderscale-tuning nvidia,n/a; renderscale-tuning nvidia,n/a; renderscale-tuning nvidia; see evidence bundle,n/a; renderscale-tuning nvidia; see evidence bundle,n/a; renderscale-tuning nvidia; see evidence bundle,n/a; not derived for this assay,n/a; not derived for this assay
partial_worst_stabilization_frames,n/a,n/a,n/a,n/a,n/a,n/a,152 (19 samples),n/a,n/a,n/a,n/a; legacy aggregate disabled for renderscale-tuning nvidia,n/a; renderscale-tuning nvidia,n/a; renderscale-tuning nvidia; see evidence bundle,n/a; renderscale-tuning nvidia; see evidence bundle,n/a; renderscale-tuning nvidia; see evidence bundle,n/a; not derived for this assay,n/a; not derived for this assay
resource_publication_receipts_available,n/a,n/a,n/a,n/a,n/a,n/a,20/20,20/20,unsupported,33,n/a; legacy aggregate disabled for renderscale-tuning nvidia,66,n/a; renderscale-tuning nvidia; see evidence bundle,n/a; renderscale-tuning nvidia; see evidence bundle,n/a; renderscale-tuning nvidia; see evidence bundle,n/a; not derived for this assay,n/a; not derived for this assay
resource_publication_complete_current_matched,n/a,n/a,n/a,n/a,n/a,n/a,20/20,20/20,unsupported,24 strict; 33 final public profiles exact,n/a; legacy aggregate disabled for renderscale-tuning nvidia,66/66 render-qualified,n/a; renderscale-tuning nvidia; see evidence bundle,n/a; renderscale-tuning nvidia; see evidence bundle,n/a; renderscale-tuning nvidia; see evidence bundle,n/a; not derived for this assay,n/a; not derived for this assay
resource_publication_generation_dimension_device_context_matched,n/a,n/a,n/a,n/a,n/a,n/a,20/20,20/20,unsupported,n/a,n/a; legacy aggregate disabled for renderscale-tuning nvidia,66/66 render-qualified,n/a; renderscale-tuning nvidia; see evidence bundle,n/a; renderscale-tuning nvidia; see evidence bundle,n/a; renderscale-tuning nvidia; see evidence bundle,n/a; not derived for this assay,n/a; not derived for this assay
profiler_arm_error,n/a,n/a,n/a,n/a,n/a,n/a,disabled; non-retryable,n/a,n/a,none,n/a; legacy aggregate disabled for renderscale-tuning nvidia,n/a; renderscale-tuning nvidia,n/a; renderscale-tuning nvidia; see evidence bundle,n/a; renderscale-tuning nvidia; see evidence bundle,n/a; renderscale-tuning nvidia; see evidence bundle,n/a; not derived for this assay,n/a; not derived for this assay
scenario_nested_semantic_failure_propagated,n/a,n/a,n/a,n/a,n/a,n/a,no; step ok while nested profiler result ok=false,yes; invalid_field produced ok=false and abort in negative proof,yes; invalid_field produced ok=false and abort in negative proof,true,true,true,n/a; renderscale-tuning nvidia; see evidence bundle,n/a; renderscale-tuning nvidia; see evidence bundle,n/a; renderscale-tuning nvidia; see evidence bundle,n/a; not derived for this assay,n/a; not derived for this assay
preparation_transition_receipts_available,n/a,n/a,n/a,n/a,n/a,n/a,20/20,20/20,unsupported,33,n/a; legacy aggregate disabled for renderscale-tuning nvidia,n/a; renderscale-tuning nvidia,n/a; renderscale-tuning nvidia; see evidence bundle,n/a; renderscale-tuning nvidia; see evidence bundle,n/a; renderscale-tuning nvidia; see evidence bundle,n/a; not derived for this assay,n/a; not derived for this assay
preparation_transition_event_count,n/a,n/a,n/a,n/a,n/a,n/a,80 total; 4 per transition,80 total; 4 per transition,unsupported,132,n/a; legacy aggregate disabled for renderscale-tuning nvidia,n/a; renderscale-tuning nvidia,n/a; renderscale-tuning nvidia; see evidence bundle,n/a; renderscale-tuning nvidia; see evidence bundle,n/a; renderscale-tuning nvidia; see evidence bundle,n/a; not derived for this assay,n/a; not derived for this assay
evidence_directory,n/a,n/a,n/a,n/a,n/a,n/a,build/devbench-evidence/simple-coc-5-20260828T050904493Z,build/devbench-evidence/simple-coc-5-20260828T091327Z,build/devbench-evidence/simple-coc-5-20260828T094151Z,build/devbench-evidence/renderscale-tuning-nvidia-20260829T100038310Z,docs/development/evidence/renderscale-tuning-nvidia/20260830T163411Z-nvidia-mtg04xkk-8e99b6e8,artifacts/renderscale-tuning-nvidia/nvidia-mtgw3qfz,n/a; renderscale-tuning nvidia; see evidence bundle,docs/development/evidence/renderscale-tuning-nvidia-mtl3ic44,n/a; renderscale-tuning nvidia; see evidence bundle,artifacts/renderscale-tuning/nvidia-2026-09-10T07-19-50-405Z,artifacts/renderscale-tuning/renderscale-tuning-nvidia-20260910T090649592Z
evidence_file_sha256,n/a,n/a,n/a,n/a,n/a,n/a,setup 44b5db6a284e77cf2d4ef5f4f0437cac989d9a4b3184a8d23f3316f4762afe2d; scenario a22cd6ab5510f296b33a4a57564b3864bc2041a974489147cb6b3a8653507daa; final ed3077ccb19b24fc8126aab285e04f52768c07a558b8d39b4c4b7fcdf2b9501b,d9264ec38a49cc3b1692d48879ba3cd379ddefda1264a37efcf497dfbb54dce7,normalized eb57a6d8948c2299f8d5a5ab8c94800fc2d2ec0d1306726ee95febccaecaad7b,summary.json=66c12bdf1fb94878d583f4bd755f018186f419377d6afdd3261d8c9657fe1d32; transitions.csv=213098ff4f6f5fb871470a2b34f888b3746603fd29b9d49d90c0acf6bdc3621e,n/a; legacy aggregate disabled for renderscale-tuning nvidia,receipt-index.json ddb9c9f5b10e4910c70fb52eb5cf6c528abd94013788962aeed9c5e338671745,n/a; renderscale-tuning nvidia; see evidence bundle,receipt-index.json 220c378aadddc3ffba157f061f7218566dc58ad735c59c16950b9cd312432979,n/a; renderscale-tuning nvidia; see evidence bundle,n/a; not derived for this assay,n/a; not derived for this assay
normalizer_module_version,n/a,n/a,n/a,n/a,n/a,n/a,skyrim-vr-automation 0.8.0+codex.20260828051447,n/a,n/a,n/a; direct MCP protocol,n/a; legacy aggregate disabled for renderscale-tuning nvidia,renderscale-tuning-nvidia-summary-v4,n/a; renderscale-tuning nvidia; see evidence bundle,packaged renderscale tuning finalizer; summary schema v5,n/a; renderscale-tuning nvidia; see evidence bundle,n/a; not derived for this assay,n/a; not derived for this assay
preparation_stage_request_queued_records_occurrences,n/a,n/a,n/a,n/a,n/a,n/a,20/20,20/20,n/a,n/a,n/a; legacy aggregate disabled for renderscale-tuning nvidia,n/a; renderscale-tuning nvidia,n/a; renderscale-tuning nvidia; see evidence bundle,n/a; renderscale-tuning nvidia; see evidence bundle,n/a; renderscale-tuning nvidia; see evidence bundle,n/a; not derived for this assay,n/a; not derived for this assay
preparation_stage_request_queued_duration_ms_count_total_mean_min_max,n/a,n/a,n/a,n/a,n/a,n/a,count/total/mean/min/max=20/0/0/0/0,count/total/mean/min/max=20/0/0/0/0,n/a,n/a,n/a; legacy aggregate disabled for renderscale-tuning nvidia,n/a; renderscale-tuning nvidia,n/a; renderscale-tuning nvidia; see evidence bundle,n/a; renderscale-tuning nvidia; see evidence bundle,n/a; renderscale-tuning nvidia; see evidence bundle,n/a; not derived for this assay,n/a; not derived for this assay
preparation_stage_request_queued_bytecode_ms_count_total_mean_min_max,n/a,n/a,n/a,n/a,n/a,n/a,count/total/mean/min/max=20/0/0/0/0,count/total/mean/min/max=20/0/0/0/0,n/a,n/a,n/a; legacy aggregate disabled for renderscale-tuning nvidia,n/a; renderscale-tuning nvidia,n/a; renderscale-tuning nvidia; see evidence bundle,n/a; renderscale-tuning nvidia; see evidence bundle,n/a; renderscale-tuning nvidia; see evidence bundle,n/a; not derived for this assay,n/a; not derived for this assay
preparation_stage_request_queued_d3d_ms_count_total_mean_min_max,n/a,n/a,n/a,n/a,n/a,n/a,count/total/mean/min/max=20/0/0/0/0,count/total/mean/min/max=20/0/0/0/0,n/a,n/a,n/a; legacy aggregate disabled for renderscale-tuning nvidia,n/a; renderscale-tuning nvidia,n/a; renderscale-tuning nvidia; see evidence bundle,n/a; renderscale-tuning nvidia; see evidence bundle,n/a; renderscale-tuning nvidia; see evidence bundle,n/a; not derived for this assay,n/a; not derived for this assay
preparation_stage_admission_check_records_occurrences,n/a,n/a,n/a,n/a,n/a,n/a,20/159,20/159,n/a,n/a,n/a; legacy aggregate disabled for renderscale-tuning nvidia,n/a; renderscale-tuning nvidia,n/a; renderscale-tuning nvidia; see evidence bundle,n/a; renderscale-tuning nvidia; see evidence bundle,n/a; renderscale-tuning nvidia; see evidence bundle,n/a; not derived for this assay,n/a; not derived for this assay
preparation_stage_admission_check_duration_ms_count_total_mean_min_max,n/a,n/a,n/a,n/a,n/a,n/a,count/total/mean/min/max=20/0.0022/0.00011/0/0.0003,count/total/mean/min/max=20/0.0019/0.000095/0/0.0002,n/a,n/a,n/a; legacy aggregate disabled for renderscale-tuning nvidia,n/a; renderscale-tuning nvidia,n/a; renderscale-tuning nvidia; see evidence bundle,n/a; renderscale-tuning nvidia; see evidence bundle,n/a; renderscale-tuning nvidia; see evidence bundle,n/a; not derived for this assay,n/a; not derived for this assay
preparation_stage_admission_check_bytecode_ms_count_total_mean_min_max,n/a,n/a,n/a,n/a,n/a,n/a,count/total/mean/min/max=20/0/0/0/0,count/total/mean/min/max=20/0/0/0/0,n/a,n/a,n/a; legacy aggregate disabled for renderscale-tuning nvidia,n/a; renderscale-tuning nvidia,n/a; renderscale-tuning nvidia; see evidence bundle,n/a; renderscale-tuning nvidia; see evidence bundle,n/a; renderscale-tuning nvidia; see evidence bundle,n/a; not derived for this assay,n/a; not derived for this assay
preparation_stage_admission_check_d3d_ms_count_total_mean_min_max,n/a,n/a,n/a,n/a,n/a,n/a,count/total/mean/min/max=20/0/0/0/0,count/total/mean/min/max=20/0/0/0/0,n/a,n/a,n/a; legacy aggregate disabled for renderscale-tuning nvidia,n/a; renderscale-tuning nvidia,n/a; renderscale-tuning nvidia; see evidence bundle,n/a; renderscale-tuning nvidia; see evidence bundle,n/a; renderscale-tuning nvidia; see evidence bundle,n/a; not derived for this assay,n/a; not derived for this assay
preparation_stage_early_exit_records_occurrences,n/a,n/a,n/a,n/a,n/a,n/a,20/159,20/159,n/a,n/a,n/a; legacy aggregate disabled for renderscale-tuning nvidia,n/a; renderscale-tuning nvidia,n/a; renderscale-tuning nvidia; see evidence bundle,n/a; renderscale-tuning nvidia; see evidence bundle,n/a; renderscale-tuning nvidia; see evidence bundle,n/a; not derived for this assay,n/a; not derived for this assay
preparation_stage_early_exit_duration_ms_count_total_mean_min_max,n/a,n/a,n/a,n/a,n/a,n/a,count/total/mean/min/max=20/0.0022/0.00011/0/0.0003,count/total/mean/min/max=20/0.0019/0.000095/0/0.0002,n/a,n/a,n/a; legacy aggregate disabled for renderscale-tuning nvidia,n/a; renderscale-tuning nvidia,n/a; renderscale-tuning nvidia; see evidence bundle,n/a; renderscale-tuning nvidia; see evidence bundle,n/a; renderscale-tuning nvidia; see evidence bundle,n/a; not derived for this assay,n/a; not derived for this assay
preparation_stage_early_exit_bytecode_ms_count_total_mean_min_max,n/a,n/a,n/a,n/a,n/a,n/a,count/total/mean/min/max=20/0/0/0/0,count/total/mean/min/max=20/0/0/0/0,n/a,n/a,n/a; legacy aggregate disabled for renderscale-tuning nvidia,n/a; renderscale-tuning nvidia,n/a; renderscale-tuning nvidia; see evidence bundle,n/a; renderscale-tuning nvidia; see evidence bundle,n/a; renderscale-tuning nvidia; see evidence bundle,n/a; not derived for this assay,n/a; not derived for this assay
preparation_stage_early_exit_d3d_ms_count_total_mean_min_max,n/a,n/a,n/a,n/a,n/a,n/a,count/total/mean/min/max=20/0/0/0/0,count/total/mean/min/max=20/0/0/0/0,n/a,n/a,n/a; legacy aggregate disabled for renderscale-tuning nvidia,n/a; renderscale-tuning nvidia,n/a; renderscale-tuning nvidia; see evidence bundle,n/a; renderscale-tuning nvidia; see evidence bundle,n/a; renderscale-tuning nvidia; see evidence bundle,n/a; not derived for this assay,n/a; not derived for this assay
preparation_stage_shader_cache_busy_wait_records_occurrences,n/a,n/a,n/a,n/a,n/a,n/a,0/0,0/0,n/a,n/a,n/a; legacy aggregate disabled for renderscale-tuning nvidia,n/a; renderscale-tuning nvidia,n/a; renderscale-tuning nvidia; see evidence bundle,n/a; renderscale-tuning nvidia; see evidence bundle,n/a; renderscale-tuning nvidia; see evidence bundle,n/a; not derived for this assay,n/a; not derived for this assay
preparation_stage_shader_cache_busy_wait_duration_ms_count_total_mean_min_max,n/a,n/a,n/a,n/a,n/a,n/a,count/total/mean/min/max=0/n/a/n/a/n/a/n/a,count/total/mean/min/max=0/n/a/n/a/n/a/n/a,n/a,n/a,n/a; legacy aggregate disabled for renderscale-tuning nvidia,n/a; renderscale-tuning nvidia,n/a; renderscale-tuning nvidia; see evidence bundle,n/a; renderscale-tuning nvidia; see evidence bundle,n/a; renderscale-tuning nvidia; see evidence bundle,n/a; not derived for this assay,n/a; not derived for this assay
preparation_stage_shader_cache_busy_wait_bytecode_ms_count_total_mean_min_max,n/a,n/a,n/a,n/a,n/a,n/a,count/total/mean/min/max=0/n/a/n/a/n/a/n/a,count/total/mean/min/max=0/n/a/n/a/n/a/n/a,n/a,n/a,n/a; legacy aggregate disabled for renderscale-tuning nvidia,n/a; renderscale-tuning nvidia,n/a; renderscale-tuning nvidia; see evidence bundle,n/a; renderscale-tuning nvidia; see evidence bundle,n/a; renderscale-tuning nvidia; see evidence bundle,n/a; not derived for this assay,n/a; not derived for this assay
preparation_stage_shader_cache_busy_wait_d3d_ms_count_total_mean_min_max,n/a,n/a,n/a,n/a,n/a,n/a,count/total/mean/min/max=0/n/a/n/a/n/a/n/a,count/total/mean/min/max=0/n/a/n/a/n/a/n/a,n/a,n/a,n/a; legacy aggregate disabled for renderscale-tuning nvidia,n/a; renderscale-tuning nvidia,n/a; renderscale-tuning nvidia; see evidence bundle,n/a; renderscale-tuning nvidia; see evidence bundle,n/a; renderscale-tuning nvidia; see evidence bundle,n/a; not derived for this assay,n/a; not derived for this assay
preparation_stage_sss_raymarch_prewarm_records_occurrences,n/a,n/a,n/a,n/a,n/a,n/a,0/0,0/0,n/a,n/a,n/a; legacy aggregate disabled for renderscale-tuning nvidia,n/a; renderscale-tuning nvidia,n/a; renderscale-tuning nvidia; see evidence bundle,n/a; renderscale-tuning nvidia; see evidence bundle,n/a; renderscale-tuning nvidia; see evidence bundle,n/a; not derived for this assay,n/a; not derived for this assay
preparation_stage_sss_raymarch_prewarm_duration_ms_count_total_mean_min_max,n/a,n/a,n/a,n/a,n/a,n/a,count/total/mean/min/max=0/n/a/n/a/n/a/n/a,count/total/mean/min/max=0/n/a/n/a/n/a/n/a,n/a,n/a,n/a; legacy aggregate disabled for renderscale-tuning nvidia,n/a; renderscale-tuning nvidia,n/a; renderscale-tuning nvidia; see evidence bundle,n/a; renderscale-tuning nvidia; see evidence bundle,n/a; renderscale-tuning nvidia; see evidence bundle,n/a; not derived for this assay,n/a; not derived for this assay
preparation_stage_sss_raymarch_prewarm_bytecode_ms_count_total_mean_min_max,n/a,n/a,n/a,n/a,n/a,n/a,count/total/mean/min/max=0/n/a/n/a/n/a/n/a,count/total/mean/min/max=0/n/a/n/a/n/a/n/a,n/a,n/a,n/a; legacy aggregate disabled for renderscale-tuning nvidia,n/a; renderscale-tuning nvidia,n/a; renderscale-tuning nvidia; see evidence bundle,n/a; renderscale-tuning nvidia; see evidence bundle,n/a; renderscale-tuning nvidia; see evidence bundle,n/a; not derived for this assay,n/a; not derived for this assay
preparation_stage_sss_raymarch_prewarm_d3d_ms_count_total_mean_min_max,n/a,n/a,n/a,n/a,n/a,n/a,count/total/mean/min/max=0/n/a/n/a/n/a/n/a,count/total/mean/min/max=0/n/a/n/a/n/a/n/a,n/a,n/a,n/a; legacy aggregate disabled for renderscale-tuning nvidia,n/a; renderscale-tuning nvidia,n/a; renderscale-tuning nvidia; see evidence bundle,n/a; renderscale-tuning nvidia; see evidence bundle,n/a; renderscale-tuning nvidia; see evidence bundle,n/a; not derived for this assay,n/a; not derived for this assay
preparation_stage_ssgi_prewarm_records_occurrences,n/a,n/a,n/a,n/a,n/a,n/a,0/0,0/0,n/a,n/a,n/a; legacy aggregate disabled for renderscale-tuning nvidia,n/a; renderscale-tuning nvidia,n/a; renderscale-tuning nvidia; see evidence bundle,n/a; renderscale-tuning nvidia; see evidence bundle,n/a; renderscale-tuning nvidia; see evidence bundle,n/a; not derived for this assay,n/a; not derived for this assay
preparation_stage_ssgi_prewarm_duration_ms_count_total_mean_min_max,n/a,n/a,n/a,n/a,n/a,n/a,count/total/mean/min/max=0/n/a/n/a/n/a/n/a,count/total/mean/min/max=0/n/a/n/a/n/a/n/a,n/a,n/a,n/a; legacy aggregate disabled for renderscale-tuning nvidia,n/a; renderscale-tuning nvidia,n/a; renderscale-tuning nvidia; see evidence bundle,n/a; renderscale-tuning nvidia; see evidence bundle,n/a; renderscale-tuning nvidia; see evidence bundle,n/a; not derived for this assay,n/a; not derived for this assay
preparation_stage_ssgi_prewarm_bytecode_ms_count_total_mean_min_max,n/a,n/a,n/a,n/a,n/a,n/a,count/total/mean/min/max=0/n/a/n/a/n/a/n/a,count/total/mean/min/max=0/n/a/n/a/n/a/n/a,n/a,n/a,n/a; legacy aggregate disabled for renderscale-tuning nvidia,n/a; renderscale-tuning nvidia,n/a; renderscale-tuning nvidia; see evidence bundle,n/a; renderscale-tuning nvidia; see evidence bundle,n/a; renderscale-tuning nvidia; see evidence bundle,n/a; not derived for this assay,n/a; not derived for this assay
preparation_stage_ssgi_prewarm_d3d_ms_count_total_mean_min_max,n/a,n/a,n/a,n/a,n/a,n/a,count/total/mean/min/max=0/n/a/n/a/n/a/n/a,count/total/mean/min/max=0/n/a/n/a/n/a/n/a,n/a,n/a,n/a; legacy aggregate disabled for renderscale-tuning nvidia,n/a; renderscale-tuning nvidia,n/a; renderscale-tuning nvidia; see evidence bundle,n/a; renderscale-tuning nvidia; see evidence bundle,n/a; renderscale-tuning nvidia; see evidence bundle,n/a; not derived for this assay,n/a; not derived for this assay
preparation_stage_dlss_preparation_records_occurrences,n/a,n/a,n/a,n/a,n/a,n/a,0/0,0/0,n/a,n/a,n/a; legacy aggregate disabled for renderscale-tuning nvidia,n/a; renderscale-tuning nvidia,n/a; renderscale-tuning nvidia; see evidence bundle,n/a; renderscale-tuning nvidia; see evidence bundle,n/a; renderscale-tuning nvidia; see evidence bundle,n/a; not derived for this assay,n/a; not derived for this assay
preparation_stage_dlss_preparation_duration_ms_count_total_mean_min_max,n/a,n/a,n/a,n/a,n/a,n/a,count/total/mean/min/max=0/n/a/n/a/n/a/n/a,count/total/mean/min/max=0/n/a/n/a/n/a/n/a,n/a,n/a,n/a; legacy aggregate disabled for renderscale-tuning nvidia,n/a; renderscale-tuning nvidia,n/a; renderscale-tuning nvidia; see evidence bundle,n/a; renderscale-tuning nvidia; see evidence bundle,n/a; renderscale-tuning nvidia; see evidence bundle,n/a; not derived for this assay,n/a; not derived for this assay
preparation_stage_dlss_preparation_bytecode_ms_count_total_mean_min_max,n/a,n/a,n/a,n/a,n/a,n/a,count/total/mean/min/max=0/n/a/n/a/n/a/n/a,count/total/mean/min/max=0/n/a/n/a/n/a/n/a,n/a,n/a,n/a; legacy aggregate disabled for renderscale-tuning nvidia,n/a; renderscale-tuning nvidia,n/a; renderscale-tuning nvidia; see evidence bundle,n/a; renderscale-tuning nvidia; see evidence bundle,n/a; renderscale-tuning nvidia; see evidence bundle,n/a; not derived for this assay,n/a; not derived for this assay
preparation_stage_dlss_preparation_d3d_ms_count_total_mean_min_max,n/a,n/a,n/a,n/a,n/a,n/a,count/total/mean/min/max=0/n/a/n/a/n/a/n/a,count/total/mean/min/max=0/n/a/n/a/n/a/n/a,n/a,n/a,n/a; legacy aggregate disabled for renderscale-tuning nvidia,n/a; renderscale-tuning nvidia,n/a; renderscale-tuning nvidia; see evidence bundle,n/a; renderscale-tuning nvidia; see evidence bundle,n/a; renderscale-tuning nvidia; see evidence bundle,n/a; not derived for this assay,n/a; not derived for this assay
preparation_stage_fsr_preparation_records_occurrences,n/a,n/a,n/a,n/a,n/a,n/a,0/0,0/0,n/a,n/a,n/a; legacy aggregate disabled for renderscale-tuning nvidia,n/a; renderscale-tuning nvidia,n/a; renderscale-tuning nvidia; see evidence bundle,n/a; renderscale-tuning nvidia; see evidence bundle,n/a; renderscale-tuning nvidia; see evidence bundle,n/a; not derived for this assay,n/a; not derived for this assay
preparation_stage_fsr_preparation_duration_ms_count_total_mean_min_max,n/a,n/a,n/a,n/a,n/a,n/a,count/total/mean/min/max=0/n/a/n/a/n/a/n/a,count/total/mean/min/max=0/n/a/n/a/n/a/n/a,n/a,n/a,n/a; legacy aggregate disabled for renderscale-tuning nvidia,n/a; renderscale-tuning nvidia,n/a; renderscale-tuning nvidia; see evidence bundle,n/a; renderscale-tuning nvidia; see evidence bundle,n/a; renderscale-tuning nvidia; see evidence bundle,n/a; not derived for this assay,n/a; not derived for this assay
preparation_stage_fsr_preparation_bytecode_ms_count_total_mean_min_max,n/a,n/a,n/a,n/a,n/a,n/a,count/total/mean/min/max=0/n/a/n/a/n/a/n/a,count/total/mean/min/max=0/n/a/n/a/n/a/n/a,n/a,n/a,n/a; legacy aggregate disabled for renderscale-tuning nvidia,n/a; renderscale-tuning nvidia,n/a; renderscale-tuning nvidia; see evidence bundle,n/a; renderscale-tuning nvidia; see evidence bundle,n/a; renderscale-tuning nvidia; see evidence bundle,n/a; not derived for this assay,n/a; not derived for this assay
preparation_stage_fsr_preparation_d3d_ms_count_total_mean_min_max,n/a,n/a,n/a,n/a,n/a,n/a,count/total/mean/min/max=0/n/a/n/a/n/a/n/a,count/total/mean/min/max=0/n/a/n/a/n/a/n/a,n/a,n/a,n/a; legacy aggregate disabled for renderscale-tuning nvidia,n/a; renderscale-tuning nvidia,n/a; renderscale-tuning nvidia; see evidence bundle,n/a; renderscale-tuning nvidia; see evidence bundle,n/a; renderscale-tuning nvidia; see evidence bundle,n/a; not derived for this assay,n/a; not derived for this assay
preparation_stage_fsr4_preparation_records_occurrences,n/a,n/a,n/a,n/a,n/a,n/a,0/0,0/0,n/a,n/a,n/a; legacy aggregate disabled for renderscale-tuning nvidia,n/a; renderscale-tuning nvidia,n/a; renderscale-tuning nvidia; see evidence bundle,n/a; renderscale-tuning nvidia; see evidence bundle,n/a; renderscale-tuning nvidia; see evidence bundle,n/a; not derived for this assay,n/a; not derived for this assay
preparation_stage_fsr4_preparation_duration_ms_count_total_mean_min_max,n/a,n/a,n/a,n/a,n/a,n/a,count/total/mean/min/max=0/n/a/n/a/n/a/n/a,count/total/mean/min/max=0/n/a/n/a/n/a/n/a,n/a,n/a,n/a; legacy aggregate disabled for renderscale-tuning nvidia,n/a; renderscale-tuning nvidia,n/a; renderscale-tuning nvidia; see evidence bundle,n/a; renderscale-tuning nvidia; see evidence bundle,n/a; renderscale-tuning nvidia; see evidence bundle,n/a; not derived for this assay,n/a; not derived for this assay
preparation_stage_fsr4_preparation_bytecode_ms_count_total_mean_min_max,n/a,n/a,n/a,n/a,n/a,n/a,count/total/mean/min/max=0/n/a/n/a/n/a/n/a,count/total/mean/min/max=0/n/a/n/a/n/a/n/a,n/a,n/a,n/a; legacy aggregate disabled for renderscale-tuning nvidia,n/a; renderscale-tuning nvidia,n/a; renderscale-tuning nvidia; see evidence bundle,n/a; renderscale-tuning nvidia; see evidence bundle,n/a; renderscale-tuning nvidia; see evidence bundle,n/a; not derived for this assay,n/a; not derived for this assay
preparation_stage_fsr4_preparation_d3d_ms_count_total_mean_min_max,n/a,n/a,n/a,n/a,n/a,n/a,count/total/mean/min/max=0/n/a/n/a/n/a/n/a,count/total/mean/min/max=0/n/a/n/a/n/a/n/a,n/a,n/a,n/a; legacy aggregate disabled for renderscale-tuning nvidia,n/a; renderscale-tuning nvidia,n/a; renderscale-tuning nvidia; see evidence bundle,n/a; renderscale-tuning nvidia; see evidence bundle,n/a; renderscale-tuning nvidia; see evidence bundle,n/a; not derived for this assay,n/a; not derived for this assay
preparation_stage_d3d_object_creation_records_occurrences,n/a,n/a,n/a,n/a,n/a,n/a,0/0,0/0,n/a,n/a,n/a; legacy aggregate disabled for renderscale-tuning nvidia,n/a; renderscale-tuning nvidia,n/a; renderscale-tuning nvidia; see evidence bundle,n/a; renderscale-tuning nvidia; see evidence bundle,n/a; renderscale-tuning nvidia; see evidence bundle,n/a; not derived for this assay,n/a; not derived for this assay
preparation_stage_d3d_object_creation_duration_ms_count_total_mean_min_max,n/a,n/a,n/a,n/a,n/a,n/a,count/total/mean/min/max=0/n/a/n/a/n/a/n/a,count/total/mean/min/max=0/n/a/n/a/n/a/n/a,n/a,n/a,n/a; legacy aggregate disabled for renderscale-tuning nvidia,n/a; renderscale-tuning nvidia,n/a; renderscale-tuning nvidia; see evidence bundle,n/a; renderscale-tuning nvidia; see evidence bundle,n/a; renderscale-tuning nvidia; see evidence bundle,n/a; not derived for this assay,n/a; not derived for this assay
preparation_stage_d3d_object_creation_bytecode_ms_count_total_mean_min_max,n/a,n/a,n/a,n/a,n/a,n/a,count/total/mean/min/max=0/n/a/n/a/n/a/n/a,count/total/mean/min/max=0/n/a/n/a/n/a/n/a,n/a,n/a,n/a; legacy aggregate disabled for renderscale-tuning nvidia,n/a; renderscale-tuning nvidia,n/a; renderscale-tuning nvidia; see evidence bundle,n/a; renderscale-tuning nvidia; see evidence bundle,n/a; renderscale-tuning nvidia; see evidence bundle,n/a; not derived for this assay,n/a; not derived for this assay
preparation_stage_d3d_object_creation_d3d_ms_count_total_mean_min_max,n/a,n/a,n/a,n/a,n/a,n/a,count/total/mean/min/max=0/n/a/n/a/n/a/n/a,count/total/mean/min/max=0/n/a/n/a/n/a/n/a,n/a,n/a,n/a; legacy aggregate disabled for renderscale-tuning nvidia,n/a; renderscale-tuning nvidia,n/a; renderscale-tuning nvidia; see evidence bundle,n/a; renderscale-tuning nvidia; see evidence bundle,n/a; renderscale-tuning nvidia; see evidence bundle,n/a; not derived for this assay,n/a; not derived for this assay
preparation_stage_total_preparation_records_occurrences,n/a,n/a,n/a,n/a,n/a,n/a,20/159,20/159,n/a,n/a,n/a; legacy aggregate disabled for renderscale-tuning nvidia,n/a; renderscale-tuning nvidia,n/a; renderscale-tuning nvidia; see evidence bundle,n/a; renderscale-tuning nvidia; see evidence bundle,n/a; renderscale-tuning nvidia; see evidence bundle,n/a; not derived for this assay,n/a; not derived for this assay
preparation_stage_total_preparation_duration_ms_count_total_mean_min_max,n/a,n/a,n/a,n/a,n/a,n/a,count/total/mean/min/max=20/0.0022/0.00011/0/0.0003,count/total/mean/min/max=20/0.0019/0.000095/0/0.0002,n/a,n/a,n/a; legacy aggregate disabled for renderscale-tuning nvidia,n/a; renderscale-tuning nvidia,n/a; renderscale-tuning nvidia; see evidence bundle,n/a; renderscale-tuning nvidia; see evidence bundle,n/a; renderscale-tuning nvidia; see evidence bundle,n/a; not derived for this assay,n/a; not derived for this assay
preparation_stage_total_preparation_bytecode_ms_count_total_mean_min_max,n/a,n/a,n/a,n/a,n/a,n/a,count/total/mean/min/max=20/0/0/0/0,count/total/mean/min/max=20/0/0/0/0,n/a,n/a,n/a; legacy aggregate disabled for renderscale-tuning nvidia,n/a; renderscale-tuning nvidia,n/a; renderscale-tuning nvidia; see evidence bundle,n/a; renderscale-tuning nvidia; see evidence bundle,n/a; renderscale-tuning nvidia; see evidence bundle,n/a; not derived for this assay,n/a; not derived for this assay
preparation_stage_total_preparation_d3d_ms_count_total_mean_min_max,n/a,n/a,n/a,n/a,n/a,n/a,count/total/mean/min/max=20/0/0/0/0,count/total/mean/min/max=20/0/0/0/0,n/a,n/a,n/a; legacy aggregate disabled for renderscale-tuning nvidia,n/a; renderscale-tuning nvidia,n/a; renderscale-tuning nvidia; see evidence bundle,n/a; renderscale-tuning nvidia; see evidence bundle,n/a; renderscale-tuning nvidia; see evidence bundle,n/a; not derived for this assay,n/a; not derived for this assay
preparation_stage_request_to_prepared_records_occurrences,n/a,n/a,n/a,n/a,n/a,n/a,0/0,0/0,n/a,n/a,n/a; legacy aggregate disabled for renderscale-tuning nvidia,n/a; renderscale-tuning nvidia,n/a; renderscale-tuning nvidia; see evidence bundle,n/a; renderscale-tuning nvidia; see evidence bundle,n/a; renderscale-tuning nvidia; see evidence bundle,n/a; not derived for this assay,n/a; not derived for this assay
preparation_stage_request_to_prepared_duration_ms_count_total_mean_min_max,n/a,n/a,n/a,n/a,n/a,n/a,count/total/mean/min/max=0/n/a/n/a/n/a/n/a,count/total/mean/min/max=0/n/a/n/a/n/a/n/a,n/a,n/a,n/a; legacy aggregate disabled for renderscale-tuning nvidia,n/a; renderscale-tuning nvidia,n/a; renderscale-tuning nvidia; see evidence bundle,n/a; renderscale-tuning nvidia; see evidence bundle,n/a; renderscale-tuning nvidia; see evidence bundle,n/a; not derived for this assay,n/a; not derived for this assay
preparation_stage_request_to_prepared_bytecode_ms_count_total_mean_min_max,n/a,n/a,n/a,n/a,n/a,n/a,count/total/mean/min/max=0/n/a/n/a/n/a/n/a,count/total/mean/min/max=0/n/a/n/a/n/a/n/a,n/a,n/a,n/a; legacy aggregate disabled for renderscale-tuning nvidia,n/a; renderscale-tuning nvidia,n/a; renderscale-tuning nvidia; see evidence bundle,n/a; renderscale-tuning nvidia; see evidence bundle,n/a; renderscale-tuning nvidia; see evidence bundle,n/a; not derived for this assay,n/a; not derived for this assay
preparation_stage_request_to_prepared_d3d_ms_count_total_mean_min_max,n/a,n/a,n/a,n/a,n/a,n/a,count/total/mean/min/max=0/n/a/n/a/n/a/n/a,count/total/mean/min/max=0/n/a/n/a/n/a/n/a,n/a,n/a,n/a; legacy aggregate disabled for renderscale-tuning nvidia,n/a; renderscale-tuning nvidia,n/a; renderscale-tuning nvidia; see evidence bundle,n/a; renderscale-tuning nvidia; see evidence bundle,n/a; renderscale-tuning nvidia; see evidence bundle,n/a; not derived for this assay,n/a; not derived for this assay
preparation_stage_prepared_to_creator_records_occurrences,n/a,n/a,n/a,n/a,n/a,n/a,0/0,0/0,n/a,n/a,n/a; legacy aggregate disabled for renderscale-tuning nvidia,n/a; renderscale-tuning nvidia,n/a; renderscale-tuning nvidia; see evidence bundle,n/a; renderscale-tuning nvidia; see evidence bundle,n/a; renderscale-tuning nvidia; see evidence bundle,n/a; not derived for this assay,n/a; not derived for this assay
preparation_stage_prepared_to_creator_duration_ms_count_total_mean_min_max,n/a,n/a,n/a,n/a,n/a,n/a,count/total/mean/min/max=0/n/a/n/a/n/a/n/a,count/total/mean/min/max=0/n/a/n/a/n/a/n/a,n/a,n/a,n/a; legacy aggregate disabled for renderscale-tuning nvidia,n/a; renderscale-tuning nvidia,n/a; renderscale-tuning nvidia; see evidence bundle,n/a; renderscale-tuning nvidia; see evidence bundle,n/a; renderscale-tuning nvidia; see evidence bundle,n/a; not derived for this assay,n/a; not derived for this assay
preparation_stage_prepared_to_creator_bytecode_ms_count_total_mean_min_max,n/a,n/a,n/a,n/a,n/a,n/a,count/total/mean/min/max=0/n/a/n/a/n/a/n/a,count/total/mean/min/max=0/n/a/n/a/n/a/n/a,n/a,n/a,n/a; legacy aggregate disabled for renderscale-tuning nvidia,n/a; renderscale-tuning nvidia,n/a; renderscale-tuning nvidia; see evidence bundle,n/a; renderscale-tuning nvidia; see evidence bundle,n/a; renderscale-tuning nvidia; see evidence bundle,n/a; not derived for this assay,n/a; not derived for this assay
preparation_stage_prepared_to_creator_d3d_ms_count_total_mean_min_max,n/a,n/a,n/a,n/a,n/a,n/a,count/total/mean/min/max=0/n/a/n/a/n/a/n/a,count/total/mean/min/max=0/n/a/n/a/n/a/n/a,n/a,n/a,n/a; legacy aggregate disabled for renderscale-tuning nvidia,n/a; renderscale-tuning nvidia,n/a; renderscale-tuning nvidia; see evidence bundle,n/a; renderscale-tuning nvidia; see evidence bundle,n/a; renderscale-tuning nvidia; see evidence bundle,n/a; not derived for this assay,n/a; not derived for this assay
producer_source_commit_exact,n/a,n/a,n/a,n/a,n/a,n/a,n/a,9e1ac9755e38478eb30c38bcd38a440a92730a7a,86d21fc0ae35532829b22d7c18a708ff8e21c1eb,49761bc995f2f30c50b6ab812926abfc942e2110,2032a0e2968bb36ed065d506f37e62a08dc7969e,f08cc3f1900ca69ed7d354480211a7e86e08ff10,n/a; renderscale-tuning nvidia; see evidence bundle,0ac8f603c1503894dc91051db7a5c98599592381,n/a; renderscale-tuning nvidia; see evidence bundle,348803c1831c8cd71ceb75a58143ad0bcb00abb2,390fdea2533ae447849c5f07766c796872996a61
producer_build_configuration,n/a,n/a,n/a,n/a,n/a,n/a,n/a,Release,Release,Release,Release,Release,n/a; renderscale-tuning nvidia; see evidence bundle,Release,n/a; renderscale-tuning nvidia; see evidence bundle,Release,Release
producer_shader_abi_sha256,n/a,n/a,n/a,n/a,n/a,n/a,n/a,e5935748127652885753098c9685b6c5677369c8ac1459dacddfc10f00c503d3,a98c367d3e949a8ecad2fa8a27ce7cb91c616089d5695bde27bec0a4d3a6ca13,07a82e9bac53c79c207d8550e5c34187591b406bd4c874732709923650f24d19,e0070b1a7ce8b8bde5952a9d720f31cf1432e0f31512d233033e44246b26838e,e0070b1a7ce8b8bde5952a9d720f31cf1432e0f31512d233033e44246b26838e,n/a; renderscale-tuning nvidia; see evidence bundle,85f71f8f713542badba1027e6216e07f42a762782165d185f004e4c14af1d5c6,n/a; renderscale-tuning nvidia; see evidence bundle,267215b3932d4eed65f01397180d535c0b36cf71f15880303e84a240eed0aaf9,267215b3932d4eed65f01397180d535c0b36cf71f15880303e84a240eed0aaf9
producer_d3d_compiler,n/a,n/a,n/a,n/a,n/a,n/a,n/a,d3dcompiler_47.dll:10.0.19041.7663,d3dcompiler_47.dll:6-2-19041-7663:8c6d644f86724b542a490eb4f2bfdfad759998b9a3c51fa46eb5dfc5460ed9d7,d3dcompiler_47.dll:10.0.19041.7663,d3dcompiler_47.dll:10.0.19041.7663,d3dcompiler_47.dll:10.0.19041.7663,n/a; renderscale-tuning nvidia; see evidence bundle,d3dcompiler_47.dll:10.0.19041.7663,n/a; renderscale-tuning nvidia; see evidence bundle,d3dcompiler_47.dll:10.0.26100.9444,d3dcompiler_47.dll:10.0.26100.9444
devbench_version,n/a,n/a,n/a,n/a,n/a,n/a,n/a,1.15.4,1.15.4,1.15.4,1.15.4,1.15.4,n/a; renderscale-tuning nvidia; see evidence bundle,1.15.4,n/a; renderscale-tuning nvidia; see evidence bundle,n/a; not derived for this assay,n/a; not derived for this assay
first_after_positioning_load_population,n/a,n/a,n/a,n/a,n/a,n/a,n/a,1 sample; transition 1; WhiterunDragonsreach; 51 frames,1 sample; transition 1; WhiterunDragonsreach; 24 frames,n/a,n/a; legacy aggregate disabled for renderscale-tuning nvidia,n/a; renderscale-tuning nvidia,n/a; renderscale-tuning nvidia; see evidence bundle,n/a; renderscale-tuning nvidia; see evidence bundle,n/a; renderscale-tuning nvidia; see evidence bundle,n/a; not derived for this assay,n/a; not derived for this assay
first_after_restart_population,n/a,n/a,n/a,n/a,n/a,n/a,n/a,n/a; game was not restarted for this attached-session repeat,n/a; game was not restarted,n/a,n/a; legacy aggregate disabled for renderscale-tuning nvidia,n/a; renderscale-tuning nvidia,n/a; renderscale-tuning nvidia; see evidence bundle,n/a; renderscale-tuning nvidia; see evidence bundle,n/a; renderscale-tuning nvidia; see evidence bundle,n/a; not derived for this assay,n/a; not derived for this assay
warm_population,n/a,n/a,n/a,n/a,n/a,n/a,n/a,19 samples; Dragonsreach 9 mean 73.1; Windhelm 10 mean 137.8; overall mean 107.2,19 samples; Dragonsreach 9 mean 24.0; Windhelm 10 mean 20.0; overall mean 21.9,n/a,n/a; legacy aggregate disabled for renderscale-tuning nvidia,n/a; renderscale-tuning nvidia,n/a; renderscale-tuning nvidia; see evidence bundle,n/a; renderscale-tuning nvidia; see evidence bundle,n/a; renderscale-tuning nvidia; see evidence bundle,n/a; not derived for this assay,n/a; not derived for this assay
warm_dragonsreach_mean_stabilization_frames,n/a,n/a,n/a,n/a,n/a,n/a,n/a,73.1,24.0,n/a,n/a; legacy aggregate disabled for renderscale-tuning nvidia,n/a; renderscale-tuning nvidia,n/a; renderscale-tuning nvidia; see evidence bundle,n/a; renderscale-tuning nvidia; see evidence bundle,n/a; renderscale-tuning nvidia; see evidence bundle,n/a; not derived for this assay,n/a; not derived for this assay
warm_windhelm_mean_stabilization_frames,n/a,n/a,n/a,n/a,n/a,n/a,n/a,137.8,20.0,n/a,n/a; legacy aggregate disabled for renderscale-tuning nvidia,n/a; renderscale-tuning nvidia,n/a; renderscale-tuning nvidia; see evidence bundle,n/a; renderscale-tuning nvidia; see evidence bundle,n/a; renderscale-tuning nvidia; see evidence bundle,n/a; not derived for this assay,n/a; not derived for this assay
warm_overall_mean_stabilization_frames,n/a,n/a,n/a,n/a,n/a,n/a,n/a,107.2,21.9,n/a,n/a; legacy aggregate disabled for renderscale-tuning nvidia,n/a; renderscale-tuning nvidia,n/a; renderscale-tuning nvidia; see evidence bundle,n/a; renderscale-tuning nvidia; see evidence bundle,n/a; renderscale-tuning nvidia; see evidence bundle,n/a; not derived for this assay,n/a; not derived for this assay
warm_worst_stabilization_frames,n/a,n/a,n/a,n/a,n/a,n/a,n/a,144,24,n/a,n/a; legacy aggregate disabled for renderscale-tuning nvidia,n/a; renderscale-tuning nvidia,n/a; renderscale-tuning nvidia; see evidence bundle,n/a; renderscale-tuning nvidia; see evidence bundle,n/a; renderscale-tuning nvidia; see evidence bundle,n/a; not derived for this assay,n/a; not derived for this assay
phase_mean_overall_queue_to_snapshot_frames,n/a,n/a,n/a,n/a,n/a,n/a,n/a,7.1,6.0,n/a,n/a; legacy aggregate disabled for renderscale-tuning nvidia,n/a; renderscale-tuning nvidia,n/a; renderscale-tuning nvidia; see evidence bundle,n/a; renderscale-tuning nvidia; see evidence bundle,n/a; renderscale-tuning nvidia; see evidence bundle,n/a; not derived for this assay,n/a; not derived for this assay
phase_mean_overall_snapshot_to_relatch_frames,n/a,n/a,n/a,n/a,n/a,n/a,n/a,6.0,6.0,n/a,n/a; legacy aggregate disabled for renderscale-tuning nvidia,n/a; renderscale-tuning nvidia,n/a; renderscale-tuning nvidia; see evidence bundle,n/a; renderscale-tuning nvidia; see evidence bundle,n/a; renderscale-tuning nvidia; see evidence bundle,n/a; not derived for this assay,n/a; not derived for this assay
phase_mean_overall_relatch_to_stabilizing_frames,n/a,n/a,n/a,n/a,n/a,n/a,n/a,3.0,9.0,n/a,n/a; legacy aggregate disabled for renderscale-tuning nvidia,n/a; renderscale-tuning nvidia,n/a; renderscale-tuning nvidia; see evidence bundle,n/a; renderscale-tuning nvidia; see evidence bundle,n/a; renderscale-tuning nvidia; see evidence bundle,n/a; not derived for this assay,n/a; not derived for this assay
phase_mean_overall_stabilizing_to_active_frames,n/a,n/a,n/a,n/a,n/a,n/a,n/a,88.3,1.0,n/a,n/a; legacy aggregate disabled for renderscale-tuning nvidia,n/a; renderscale-tuning nvidia,n/a; renderscale-tuning nvidia; see evidence bundle,n/a; renderscale-tuning nvidia; see evidence bundle,n/a; renderscale-tuning nvidia; see evidence bundle,n/a; not derived for this assay,n/a; not derived for this assay
phase_mean_dragonsreach_queue_to_snapshot_frames,n/a,n/a,n/a,n/a,n/a,n/a,n/a,7.0,6.0,n/a,n/a; legacy aggregate disabled for renderscale-tuning nvidia,n/a; renderscale-tuning nvidia,n/a; renderscale-tuning nvidia; see evidence bundle,n/a; renderscale-tuning nvidia; see evidence bundle,n/a; renderscale-tuning nvidia; see evidence bundle,n/a; not derived for this assay,n/a; not derived for this assay
phase_mean_dragonsreach_snapshot_to_relatch_frames,n/a,n/a,n/a,n/a,n/a,n/a,n/a,6.0,6.0,n/a,n/a; legacy aggregate disabled for renderscale-tuning nvidia,n/a; renderscale-tuning nvidia,n/a; renderscale-tuning nvidia; see evidence bundle,n/a; renderscale-tuning nvidia; see evidence bundle,n/a; renderscale-tuning nvidia; see evidence bundle,n/a; not derived for this assay,n/a; not derived for this assay
phase_mean_dragonsreach_relatch_to_stabilizing_frames,n/a,n/a,n/a,n/a,n/a,n/a,n/a,0.0,12.0,n/a,n/a; legacy aggregate disabled for renderscale-tuning nvidia,n/a; renderscale-tuning nvidia,n/a; renderscale-tuning nvidia; see evidence bundle,n/a; renderscale-tuning nvidia; see evidence bundle,n/a; renderscale-tuning nvidia; see evidence bundle,n/a; not derived for this assay,n/a; not derived for this assay
phase_mean_dragonsreach_stabilizing_to_active_frames,n/a,n/a,n/a,n/a,n/a,n/a,n/a,57.9,0.0,n/a,n/a; legacy aggregate disabled for renderscale-tuning nvidia,n/a; renderscale-tuning nvidia,n/a; renderscale-tuning nvidia; see evidence bundle,n/a; renderscale-tuning nvidia; see evidence bundle,n/a; renderscale-tuning nvidia; see evidence bundle,n/a; not derived for this assay,n/a; not derived for this assay
phase_mean_windhelm_queue_to_snapshot_frames,n/a,n/a,n/a,n/a,n/a,n/a,n/a,7.1,6.0,n/a,n/a; legacy aggregate disabled for renderscale-tuning nvidia,n/a; renderscale-tuning nvidia,n/a; renderscale-tuning nvidia; see evidence bundle,n/a; renderscale-tuning nvidia; see evidence bundle,n/a; renderscale-tuning nvidia; see evidence bundle,n/a; not derived for this assay,n/a; not derived for this assay
phase_mean_windhelm_snapshot_to_relatch_frames,n/a,n/a,n/a,n/a,n/a,n/a,n/a,6.0,6.0,n/a,n/a; legacy aggregate disabled for renderscale-tuning nvidia,n/a; renderscale-tuning nvidia,n/a; renderscale-tuning nvidia; see evidence bundle,n/a; renderscale-tuning nvidia; see evidence bundle,n/a; renderscale-tuning nvidia; see evidence bundle,n/a; not derived for this assay,n/a; not derived for this assay
phase_mean_windhelm_relatch_to_stabilizing_frames,n/a,n/a,n/a,n/a,n/a,n/a,n/a,6.0,6.0,n/a,n/a; legacy aggregate disabled for renderscale-tuning nvidia,n/a; renderscale-tuning nvidia,n/a; renderscale-tuning nvidia; see evidence bundle,n/a; renderscale-tuning nvidia; see evidence bundle,n/a; renderscale-tuning nvidia; see evidence bundle,n/a; not derived for this assay,n/a; not derived for this assay
phase_mean_windhelm_stabilizing_to_active_frames,n/a,n/a,n/a,n/a,n/a,n/a,n/a,118.7,2.0,n/a,n/a; legacy aggregate disabled for renderscale-tuning nvidia,n/a; renderscale-tuning nvidia,n/a; renderscale-tuning nvidia; see evidence bundle,n/a; renderscale-tuning nvidia; see evidence bundle,n/a; renderscale-tuning nvidia; see evidence bundle,n/a; not derived for this assay,n/a; not derived for this assay
phase_mean_warm_overall_queue_to_snapshot_frames,n/a,n/a,n/a,n/a,n/a,n/a,n/a,7.1,6.0,n/a,n/a; legacy aggregate disabled for renderscale-tuning nvidia,n/a; renderscale-tuning nvidia,n/a; renderscale-tuning nvidia; see evidence bundle,n/a; renderscale-tuning nvidia; see evidence bundle,n/a; renderscale-tuning nvidia; see evidence bundle,n/a; not derived for this assay,n/a; not derived for this assay
phase_mean_warm_overall_snapshot_to_relatch_frames,n/a,n/a,n/a,n/a,n/a,n/a,n/a,6.0,6.0,n/a,n/a; legacy aggregate disabled for renderscale-tuning nvidia,n/a; renderscale-tuning nvidia,n/a; renderscale-tuning nvidia; see evidence bundle,n/a; renderscale-tuning nvidia; see evidence bundle,n/a; renderscale-tuning nvidia; see evidence bundle,n/a; not derived for this assay,n/a; not derived for this assay
phase_mean_warm_overall_relatch_to_stabilizing_frames,n/a,n/a,n/a,n/a,n/a,n/a,n/a,3.2,8.8,n/a,n/a; legacy aggregate disabled for renderscale-tuning nvidia,n/a; renderscale-tuning nvidia,n/a; renderscale-tuning nvidia; see evidence bundle,n/a; renderscale-tuning nvidia; see evidence bundle,n/a; renderscale-tuning nvidia; see evidence bundle,n/a; not derived for this assay,n/a; not derived for this assay
phase_mean_warm_overall_stabilizing_to_active_frames,n/a,n/a,n/a,n/a,n/a,n/a,n/a,90.9,1.1,n/a,n/a; legacy aggregate disabled for renderscale-tuning nvidia,n/a; renderscale-tuning nvidia,n/a; renderscale-tuning nvidia; see evidence bundle,n/a; renderscale-tuning nvidia; see evidence bundle,n/a; renderscale-tuning nvidia; see evidence bundle,n/a; not derived for this assay,n/a; not derived for this assay
strict_waiter_dragonsreach_mean_frames,n/a,n/a,n/a,n/a,n/a,n/a,n/a,79.3,30.0,n/a,n/a; legacy aggregate disabled for renderscale-tuning nvidia,n/a; renderscale-tuning nvidia,n/a; renderscale-tuning nvidia; see evidence bundle,n/a; renderscale-tuning nvidia; see evidence bundle,n/a; renderscale-tuning nvidia; see evidence bundle,n/a; not derived for this assay,n/a; not derived for this assay
strict_waiter_windhelm_mean_frames,n/a,n/a,n/a,n/a,n/a,n/a,n/a,141.9,26.4,n/a,n/a; legacy aggregate disabled for renderscale-tuning nvidia,n/a; renderscale-tuning nvidia,n/a; renderscale-tuning nvidia; see evidence bundle,n/a; renderscale-tuning nvidia; see evidence bundle,n/a; renderscale-tuning nvidia; see evidence bundle,n/a; not derived for this assay,n/a; not derived for this assay
strict_waiter_overall_mean_frames,n/a,n/a,n/a,n/a,n/a,n/a,n/a,110.6,28.2,n/a,n/a; legacy aggregate disabled for renderscale-tuning nvidia,n/a; renderscale-tuning nvidia,n/a; renderscale-tuning nvidia; see evidence bundle,n/a; renderscale-tuning nvidia; see evidence bundle,n/a; renderscale-tuning nvidia; see evidence bundle,n/a; not derived for this assay,n/a; not derived for this assay
strict_waiter_worst_frames,n/a,n/a,n/a,n/a,n/a,n/a,n/a,148,31,n/a,n/a; legacy aggregate disabled for renderscale-tuning nvidia,n/a; renderscale-tuning nvidia,n/a; renderscale-tuning nvidia; see evidence bundle,n/a; renderscale-tuning nvidia; see evidence bundle,n/a; renderscale-tuning nvidia; see evidence bundle,n/a; not derived for this assay,n/a; not derived for this assay
compositor_hold_elapsed_mean_ms,n/a,n/a,n/a,n/a,n/a,n/a,n/a,1501.6,n/a: RC166 does not emit compositor-hold telemetry,n/a,n/a; legacy aggregate disabled for renderscale-tuning nvidia,n/a; renderscale-tuning nvidia,n/a; renderscale-tuning nvidia; see evidence bundle,n/a; renderscale-tuning nvidia; see evidence bundle,n/a; renderscale-tuning nvidia; see evidence bundle,n/a; not derived for this assay,n/a; not derived for this assay
compositor_hold_elapsed_min_max_ms,n/a,n/a,n/a,n/a,n/a,n/a,n/a,1500/1516,n/a: RC166 does not emit compositor-hold telemetry,n/a,n/a; legacy aggregate disabled for renderscale-tuning nvidia,n/a; renderscale-tuning nvidia,n/a; renderscale-tuning nvidia; see evidence bundle,n/a; renderscale-tuning nvidia; see evidence bundle,n/a; renderscale-tuning nvidia; see evidence bundle,n/a; not derived for this assay,n/a; not derived for this assay
compositor_hold_soft_grace_hard_ms,n/a,n/a,n/a,n/a,n/a,n/a,n/a,1000/500/1500,n/a: RC166 does not emit compositor-hold deadlines,n/a,n/a; legacy aggregate disabled for renderscale-tuning nvidia,n/a; renderscale-tuning nvidia,n/a; renderscale-tuning nvidia; see evidence bundle,n/a; renderscale-tuning nvidia; see evidence bundle,n/a; renderscale-tuning nvidia; see evidence bundle,n/a; not derived for this assay,n/a; not derived for this assay
final_activation_reason_all_transitions,n/a,n/a,n/a,n/a,n/a,n/a,n/a,proven-idle post-load compositor hold released at hard deadline,n/a: RC166 does not emit a final activation-reason field,n/a,n/a; legacy aggregate disabled for renderscale-tuning nvidia,n/a; renderscale-tuning nvidia,n/a; renderscale-tuning nvidia; see evidence bundle,n/a; renderscale-tuning nvidia; see evidence bundle,n/a; renderscale-tuning nvidia; see evidence bundle,n/a; not derived for this assay,n/a; not derived for this assay
resource_publication_failures,n/a,n/a,n/a,n/a,n/a,n/a,n/a,0,unsupported,n/a,n/a; legacy aggregate disabled for renderscale-tuning nvidia,0,n/a; renderscale-tuning nvidia; see evidence bundle,n/a; renderscale-tuning nvidia; see evidence bundle,n/a; renderscale-tuning nvidia; see evidence bundle,n/a; not derived for this assay,n/a; not derived for this assay
resource_deferred_setup_failures,n/a,n/a,n/a,n/a,n/a,n/a,n/a,0,unsupported,n/a,n/a; legacy aggregate disabled for renderscale-tuning nvidia,0,n/a; renderscale-tuning nvidia; see evidence bundle,n/a; renderscale-tuning nvidia; see evidence bundle,n/a; renderscale-tuning nvidia; see evidence bundle,n/a; not derived for this assay,n/a; not derived for this assay
resource_device_context_failures,n/a,n/a,n/a,n/a,n/a,n/a,n/a,0,unsupported,n/a,n/a; legacy aggregate disabled for renderscale-tuning nvidia,0,n/a; renderscale-tuning nvidia; see evidence bundle,n/a; renderscale-tuning nvidia; see evidence bundle,n/a; renderscale-tuning nvidia; see evidence bundle,n/a; not derived for this assay,n/a; not derived for this assay
resource_generation_failures,n/a,n/a,n/a,n/a,n/a,n/a,n/a,0,unsupported,n/a,n/a; legacy aggregate disabled for renderscale-tuning nvidia,0,n/a; renderscale-tuning nvidia; see evidence bundle,n/a; renderscale-tuning nvidia; see evidence bundle,n/a; renderscale-tuning nvidia; see evidence bundle,n/a; not derived for this assay,n/a; not derived for this assay
resource_dimension_failures,n/a,n/a,n/a,n/a,n/a,n/a,n/a,0,unsupported,n/a,n/a; legacy aggregate disabled for renderscale-tuning nvidia,0,n/a; renderscale-tuning nvidia; see evidence bundle,n/a; renderscale-tuning nvidia; see evidence bundle,n/a; renderscale-tuning nvidia; see evidence bundle,n/a; not derived for this assay,n/a; not derived for this assay
resource_publication_complete_transitions,n/a,n/a,n/a,n/a,n/a,n/a,n/a,20/20,unsupported,n/a,n/a; legacy aggregate disabled for renderscale-tuning nvidia,66,n/a; renderscale-tuning nvidia; see evidence bundle,n/a; renderscale-tuning nvidia; see evidence bundle,n/a; renderscale-tuning nvidia; see evidence bundle,n/a; not derived for this assay,n/a; not derived for this assay
session_stretch_total_frames,n/a,n/a,n/a,n/a,n/a,n/a,n/a,19,unsupported: RC166 does not emit completed stretch-frame accounting,n/a,n/a; legacy aggregate disabled for renderscale-tuning nvidia,n/a; renderscale-tuning nvidia,n/a; renderscale-tuning nvidia; see evidence bundle,n/a; renderscale-tuning nvidia; see evidence bundle,n/a; renderscale-tuning nvidia; see evidence bundle,n/a; not derived for this assay,n/a; not derived for this assay
session_stretch_maximum_duration_ms,n/a,n/a,n/a,n/a,n/a,n/a,n/a,1388.990,unsupported: RC166 does not emit completed stretch QPC duration,n/a,n/a; legacy aggregate disabled for renderscale-tuning nvidia,n/a; renderscale-tuning nvidia,n/a; renderscale-tuning nvidia; see evidence bundle,n/a; renderscale-tuning nvidia; see evidence bundle,n/a; renderscale-tuning nvidia; see evidence bundle,n/a; not derived for this assay,n/a; not derived for this assay
session_vendor_dispatch_failures,n/a,n/a,n/a,n/a,n/a,n/a,n/a,4 eErrorDuplicatedConstants; active foveated submit-stage eye 0,1 fresh pre-transition eErrorDuplicatedConstants; active foveated submit-stage eye 0,n/a,n/a; legacy aggregate disabled for renderscale-tuning nvidia,n/a; renderscale-tuning nvidia,n/a; renderscale-tuning nvidia; see evidence bundle,n/a; renderscale-tuning nvidia; see evidence bundle,n/a; renderscale-tuning nvidia; see evidence bundle,n/a; not derived for this assay,n/a; not derived for this assay
session_vendor_dispatch_failure_frames,n/a,n/a,n/a,n/a,n/a,n/a,n/a,265900; 267898; 271985; 276836,85373 pre-transition,n/a,n/a; legacy aggregate disabled for renderscale-tuning nvidia,n/a; renderscale-tuning nvidia,n/a; renderscale-tuning nvidia; see evidence bundle,n/a; renderscale-tuning nvidia; see evidence bundle,n/a; renderscale-tuning nvidia; see evidence bundle,n/a; not derived for this assay,n/a; not derived for this assay
resource_retirement_pending_sets_fences,n/a,n/a,n/a,n/a,n/a,n/a,n/a,0/0,0/0,n/a,n/a; legacy aggregate disabled for renderscale-tuning nvidia,n/a; renderscale-tuning nvidia,n/a; renderscale-tuning nvidia; see evidence bundle,n/a; renderscale-tuning nvidia; see evidence bundle,n/a; renderscale-tuning nvidia; see evidence bundle,n/a; not derived for this assay,n/a; not derived for this assay
resource_retirement_fence_failures,n/a,n/a,n/a,n/a,n/a,n/a,n/a,0,0,n/a,n/a; legacy aggregate disabled for renderscale-tuning nvidia,n/a; renderscale-tuning nvidia,n/a; renderscale-tuning nvidia; see evidence bundle,n/a; renderscale-tuning nvidia; see evidence bundle,n/a; renderscale-tuning nvidia; see evidence bundle,n/a; not derived for this assay,n/a; not derived for this assay
steady_state_gpu_growth_bytes,n/a,n/a,n/a,n/a,n/a,n/a,n/a,15400960,0,n/a,n/a; legacy aggregate disabled for renderscale-tuning nvidia,n/a; renderscale-tuning nvidia,n/a; renderscale-tuning nvidia; see evidence bundle,n/a; renderscale-tuning nvidia; see evidence bundle,n/a; renderscale-tuning nvidia; see evidence bundle,n/a; not derived for this assay,n/a; not derived for this assay
hard_failures_oom_device_loss,n/a,n/a,n/a,n/a,n/a,n/a,n/a,0/0/0,0/0/0,n/a; legacy aggregate disabled,n/a; legacy aggregate disabled for renderscale-tuning nvidia,n/a; legacy aggregate disabled,n/a; legacy aggregate disabled,n/a; legacy aggregate disabled,n/a; legacy aggregate disabled,n/a; legacy aggregate disabled,n/a; legacy aggregate disabled
stress_metrics_complete_failures,n/a,n/a,n/a,n/a,n/a,n/a,n/a,20/20 complete; 0 failures,20/20 complete; 0 failures,true/9 semantic,n/a; legacy aggregate disabled for renderscale-tuning nvidia,n/a; renderscale-tuning nvidia,n/a; renderscale-tuning nvidia; see evidence bundle,0 runtime-hard failures; Task 2 classifications separate,n/a; renderscale-tuning nvidia; see evidence bundle,n/a; not derived for this assay,n/a; not derived for this assay
presentation_recovered_at_stop,n/a,n/a,n/a,n/a,n/a,n/a,n/a,yes; both eyes VendorEvaluated; stable contract,yes; both eyes VendorEvaluated; stable contract,controller clean; final DLAA strict FAIL,n/a; legacy aggregate disabled for renderscale-tuning nvidia,31/31 stretch-selected rows recovered; 66/66 render PASS,n/a; renderscale-tuning nvidia; see evidence bundle,66/66 rows render-qualified,n/a; renderscale-tuning nvidia; see evidence bundle,n/a; not derived for this assay,n/a; not derived for this assay
texture_ni_source_matched_estimated_bytes,n/a,n/a,n/a,n/a,n/a,n/a,n/a,1071/2827264296,1127/2984391064,n/a,n/a; legacy aggregate disabled for renderscale-tuning nvidia,37137384,n/a; renderscale-tuning nvidia; see evidence bundle,n/a; renderscale-tuning nvidia; see evidence bundle,n/a; renderscale-tuning nvidia; see evidence bundle,n/a; not derived for this assay,n/a; not derived for this assay
texture_owner_dropped_traversal_limited,n/a,n/a,n/a,n/a,n/a,n/a,n/a,0/false,0/false,n/a,n/a; legacy aggregate disabled for renderscale-tuning nvidia,0/false,n/a; renderscale-tuning nvidia; see evidence bundle,n/a; renderscale-tuning nvidia; see evidence bundle,n/a; renderscale-tuning nvidia; see evidence bundle,n/a; not derived for this assay,n/a; not derived for this assay
profiler_capture_submitted_resolved_requested,n/a,n/a,n/a,n/a,n/a,n/a,n/a,300/300/300,300/300/300,300/300/300,n/a; legacy aggregate disabled for renderscale-tuning nvidia,n/a; renderscale-tuning nvidia,n/a; renderscale-tuning nvidia; see evidence bundle,n/a; renderscale-tuning nvidia; see evidence bundle,n/a; renderscale-tuning nvidia; see evidence bundle,n/a; not derived for this assay,n/a; not derived for this assay
load_probe_predominantly_black_candidates,n/a,n/a,n/a,n/a,n/a,n/a,n/a,66033; expected HAM-masked probe behavior,4096/4096 retained records,301734,n/a; legacy aggregate disabled for renderscale-tuning nvidia,n/a; renderscale-tuning nvidia,n/a; renderscale-tuning nvidia; see evidence bundle,n/a; renderscale-tuning nvidia; see evidence bundle,n/a; renderscale-tuning nvidia; see evidence bundle,n/a; not derived for this assay,n/a; not derived for this assay
load_probe_ham_dispatch_queued_completed_dropped,n/a,n/a,n/a,n/a,n/a,n/a,n/a,20/20/0,unsupported,n/a,n/a; legacy aggregate disabled for renderscale-tuning nvidia,n/a; renderscale-tuning nvidia,n/a; renderscale-tuning nvidia; see evidence bundle,n/a; renderscale-tuning nvidia; see evidence bundle,n/a; renderscale-tuning nvidia; see evidence bundle,n/a; not derived for this assay,n/a; not derived for this assay
archive_communityshaders_log,n/a,n/a,n/a,n/a,n/a,n/a,n/a,D:\Coding\GitHub\CS logs\c881bade50b2__20260828T092119112Z__636d24e3__CommunityShaders.log,D:\Coding\GitHub\CS logs\734dc711de78__20260828T094731584Z__05ee69c6__CommunityShaders.log,n/a; log not read,n/a; legacy aggregate disabled for renderscale-tuning nvidia,n/a; no user-supplied log,n/a; renderscale-tuning nvidia; see evidence bundle,n/a; renderscale-tuning nvidia; see evidence bundle,n/a; renderscale-tuning nvidia; see evidence bundle,n/a; not derived for this assay,n/a; not derived for this assay
archive_communityshaders_bytes_sha256,n/a,n/a,n/a,n/a,n/a,n/a,n/a,4728556/68c537deac1d29fda7016c7d5e7f34a0baf86d11d3fdd8a5421211f91da791f8,684054/381549807b065df1b75ff68d82e597570a308375fd1e97948aeb06617d29bbe8,n/a,n/a; legacy aggregate disabled for renderscale-tuning nvidia,n/a; no user-supplied log,n/a; renderscale-tuning nvidia; see evidence bundle,n/a; renderscale-tuning nvidia; see evidence bundle,n/a; renderscale-tuning nvidia; see evidence bundle,n/a; not derived for this assay,n/a; not derived for this assay
archive_devbench_log,n/a,n/a,n/a,n/a,n/a,n/a,n/a,D:\Coding\GitHub\CS logs\c881bade50b2__20260828T092119264Z__5d43c805__devbench.log,D:\Coding\GitHub\CS logs\734dc711de78__20260828T094731632Z__8e6c4414__devbench.log,n/a; log not read,n/a; legacy aggregate disabled for renderscale-tuning nvidia,n/a; no user-supplied log,n/a; renderscale-tuning nvidia; see evidence bundle,n/a; renderscale-tuning nvidia; see evidence bundle,n/a; renderscale-tuning nvidia; see evidence bundle,n/a; not derived for this assay,n/a; not derived for this assay
archive_devbench_bytes_sha256,n/a,n/a,n/a,n/a,n/a,n/a,n/a,782/1e36fb42121e8a8222e4becc3eed5f86f883da5befe3256cda6e401d8d833d3a,782/e6e318558f9102bb63b01076cadc6f879a66aefc858764dc6a5618e333c10137,n/a,n/a; legacy aggregate disabled for renderscale-tuning nvidia,n/a; no user-supplied log,n/a; renderscale-tuning nvidia; see evidence bundle,n/a; renderscale-tuning nvidia; see evidence bundle,n/a; renderscale-tuning nvidia; see evidence bundle,n/a; not derived for this assay,n/a; not derived for this assay
transition_01_render_scale_latch,n/a,n/a,n/a,n/a,n/a,n/a,n/a,destination=WhiterunDragonsreach; queue=253907; snapshot=253914; relatch=253920; stabilizing=253920; active=253958; stabilization=51; phases_q_s_r_st_a=7/6/0/38; retries_DLA_AA|DLSS_FSR=0|0; hold_elapsed_soft_grace_hard_ms=1500/1000/500/1500; activation=proven-idle post-load compositor hold released at hard deadline; publication_current_deferred_device_context_generation_dimension=matched; publication_failures=0; stretch_obs_episodes_frames_max=2/1/1/1; vendor_bounds_hard_oom_device_loss=0/0/0/0/0,destination=WhiterunDragonsreach; queue=90621; snapshot=90627; relatch=90633; stabilizing=90645; active=90645; stabilization=24; phases_q_s_r_st_a=6/6/12/0; retries_DLA_AA|DLSS_FSR=2|0; retry_reasons=Backend+Retirement; strict=29; hold=n/a; activation=n/a; publication=unsupported_rc166_predates_publication_contract; preparation=unsupported_rc166_synchronous_preparation; stretch_obs=38; stretch_episodes_frames_duration=unsupported; transition_fidelity_vendor_bounds_hard_oom_device_loss=0/0/0/0/0/0/0,route=DLSS Hoshipa->None; verdict=PASS; dispatch=32393; operation=2; strict_ms=2202.782; waiter_ms=2202.782; cleanup_ms=2202.782; failures=none; control_clean=true,n/a; legacy aggregate disabled for renderscale-tuning nvidia,n/a; renderscale-tuning nvidia,n/a; renderscale-tuning nvidia; see evidence bundle,n/a; renderscale-tuning nvidia; see evidence bundle,n/a; renderscale-tuning nvidia; see evidence bundle,n/a; not derived for this assay,n/a; not derived for this assay
transition_02_render_scale_latch,n/a,n/a,n/a,n/a,n/a,n/a,n/a,destination=WindhelmExterior01; queue=254264; snapshot=254271; relatch=254277; stabilizing=254283; active=254404; stabilization=140; phases_q_s_r_st_a=7/6/6/121; retries_DLA_AA|DLSS_FSR=0|1; hold_elapsed_soft_grace_hard_ms=1500/1000/500/1500; activation=proven-idle post-load compositor hold released at hard deadline; publication_current_deferred_device_context_generation_dimension=matched; publication_failures=0; stretch_obs_episodes_frames_max=0/0/0/1; vendor_bounds_hard_oom_device_loss=0/0/0/0/0,destination=WindhelmExterior01; queue=90955; snapshot=90961; relatch=90967; stabilizing=90973; active=90975; stabilization=20; phases_q_s_r_st_a=6/6/6/2; retries_DLA_AA|DLSS_FSR=0|1; retry_reasons=Backend; strict=27; hold=n/a; activation=n/a; publication=unsupported_rc166_predates_publication_contract; preparation=unsupported_rc166_synchronous_preparation; stretch_obs=3; stretch_episodes_frames_duration=unsupported; transition_fidelity_vendor_bounds_hard_oom_device_loss=0/0/0/0/0/0/0,route=None->TAA; verdict=PASS; dispatch=39179; operation=3; strict_ms=2130.9541; waiter_ms=2130.9541; cleanup_ms=2130.9541; failures=none; control_clean=true,n/a; legacy aggregate disabled for renderscale-tuning nvidia,n/a; renderscale-tuning nvidia,n/a; renderscale-tuning nvidia; see evidence bundle,n/a; renderscale-tuning nvidia; see evidence bundle,n/a; renderscale-tuning nvidia; see evidence bundle,n/a; not derived for this assay,n/a; not derived for this assay
transition_03_render_scale_latch,n/a,n/a,n/a,n/a,n/a,n/a,n/a,destination=WhiterunDragonsreach; queue=255009; snapshot=255016; relatch=255022; stabilizing=255022; active=255083; stabilization=74; phases_q_s_r_st_a=7/6/0/61; retries_DLA_AA|DLSS_FSR=0|0; hold_elapsed_soft_grace_hard_ms=1516/1000/500/1500; activation=proven-idle post-load compositor hold released at hard deadline; publication_current_deferred_device_context_generation_dimension=matched; publication_failures=0; stretch_obs_episodes_frames_max=4/2/2/1; vendor_bounds_hard_oom_device_loss=0/0/0/0/0,destination=WhiterunDragonsreach; queue=91549; snapshot=91555; relatch=91561; stabilizing=91573; active=91573; stabilization=24; phases_q_s_r_st_a=6/6/12/0; retries_DLA_AA|DLSS_FSR=2|0; retry_reasons=Backend+Retirement; strict=30; hold=n/a; activation=n/a; publication=unsupported_rc166_predates_publication_contract; preparation=unsupported_rc166_synchronous_preparation; stretch_obs=40; stretch_episodes_frames_duration=unsupported; transition_fidelity_vendor_bounds_hard_oom_device_loss=0/0/0/0/0/0/0,route=TAA->DLAA; verdict=FAIL; dispatch=41678; operation=4; strict_ms=timeout; waiter_ms=27111.9353; cleanup_ms=2371.2804; failures=physical_native_contract_mismatch; control_clean=true,n/a; legacy aggregate disabled for renderscale-tuning nvidia,n/a; renderscale-tuning nvidia,n/a; renderscale-tuning nvidia; see evidence bundle,n/a; renderscale-tuning nvidia; see evidence bundle,n/a; renderscale-tuning nvidia; see evidence bundle,n/a; not derived for this assay,n/a; not derived for this assay
transition_04_render_scale_latch,n/a,n/a,n/a,n/a,n/a,n/a,n/a,destination=WindhelmExterior01; queue=255388; snapshot=255395; relatch=255401; stabilizing=255407; active=255518; stabilization=130; phases_q_s_r_st_a=7/6/6/111; retries_DLA_AA|DLSS_FSR=0|1; hold_elapsed_soft_grace_hard_ms=1500/1000/500/1500; activation=proven-idle post-load compositor hold released at hard deadline; publication_current_deferred_device_context_generation_dimension=matched; publication_failures=0; stretch_obs_episodes_frames_max=0/0/0/1; vendor_bounds_hard_oom_device_loss=0/0/0/0/0,destination=WindhelmExterior01; queue=91881; snapshot=91887; relatch=91893; stabilizing=91899; active=91901; stabilization=20; phases_q_s_r_st_a=6/6/6/2; retries_DLA_AA|DLSS_FSR=0|1; retry_reasons=Backend; strict=26; hold=n/a; activation=n/a; publication=unsupported_rc166_predates_publication_contract; preparation=unsupported_rc166_synchronous_preparation; stretch_obs=3; stretch_episodes_frames_duration=unsupported; transition_fidelity_vendor_bounds_hard_oom_device_loss=0/0/0/0/0/0/0,route=DLAA->DLSS Hoshipa; verdict=PASS; dispatch=45047; operation=5; strict_ms=2233.2737; waiter_ms=2233.2737; cleanup_ms=2233.2737; failures=none; control_clean=true,n/a; legacy aggregate disabled for renderscale-tuning nvidia,n/a; renderscale-tuning nvidia,n/a; renderscale-tuning nvidia; see evidence bundle,n/a; renderscale-tuning nvidia; see evidence bundle,n/a; renderscale-tuning nvidia; see evidence bundle,n/a; not derived for this assay,n/a; not derived for this assay
transition_05_render_scale_latch,n/a,n/a,n/a,n/a,n/a,n/a,n/a,destination=WhiterunDragonsreach; queue=256117; snapshot=256124; relatch=256130; stabilizing=256130; active=256189; stabilization=72; phases_q_s_r_st_a=7/6/0/59; retries_DLA_AA|DLSS_FSR=0|0; hold_elapsed_soft_grace_hard_ms=1500/1000/500/1500; activation=proven-idle post-load compositor hold released at hard deadline; publication_current_deferred_device_context_generation_dimension=matched; publication_failures=0; stretch_obs_episodes_frames_max=4/2/2/1; vendor_bounds_hard_oom_device_loss=0/0/0/0/0,destination=WhiterunDragonsreach; queue=92475; snapshot=92481; relatch=92487; stabilizing=92499; active=92499; stabilization=24; phases_q_s_r_st_a=6/6/12/0; retries_DLA_AA|DLSS_FSR=2|0; retry_reasons=Backend+Retirement; strict=31; hold=n/a; activation=n/a; publication=unsupported_rc166_predates_publication_contract; preparation=unsupported_rc166_synchronous_preparation; stretch_obs=40; stretch_episodes_frames_duration=unsupported; transition_fidelity_vendor_bounds_hard_oom_device_loss=0/0/0/0/0/0/0,route=DLSS Hoshipa->DLSS Ultra Quality; verdict=PASS; dispatch=53278; operation=6; strict_ms=3644.9616; waiter_ms=3644.9616; cleanup_ms=3644.9616; failures=none; control_clean=true,n/a; legacy aggregate disabled for renderscale-tuning nvidia,n/a; renderscale-tuning nvidia,n/a; renderscale-tuning nvidia; see evidence bundle,n/a; renderscale-tuning nvidia; see evidence bundle,n/a; renderscale-tuning nvidia; see evidence bundle,n/a; not derived for this assay,n/a; not derived for this assay
transition_06_render_scale_latch,n/a,n/a,n/a,n/a,n/a,n/a,n/a,destination=WindhelmExterior01; queue=256493; snapshot=256500; relatch=256506; stabilizing=256512; active=256634; stabilization=141; phases_q_s_r_st_a=7/6/6/122; retries_DLA_AA|DLSS_FSR=0|1; hold_elapsed_soft_grace_hard_ms=1500/1000/500/1500; activation=proven-idle post-load compositor hold released at hard deadline; publication_current_deferred_device_context_generation_dimension=matched; publication_failures=0; stretch_obs_episodes_frames_max=0/0/0/1; vendor_bounds_hard_oom_device_loss=0/0/0/0/0,destination=WindhelmExterior01; queue=92798; snapshot=92804; relatch=92810; stabilizing=92816; active=92818; stabilization=20; phases_q_s_r_st_a=6/6/6/2; retries_DLA_AA|DLSS_FSR=0|1; retry_reasons=Backend; strict=25; hold=n/a; activation=n/a; publication=unsupported_rc166_predates_publication_contract; preparation=unsupported_rc166_synchronous_preparation; stretch_obs=3; stretch_episodes_frames_duration=unsupported; transition_fidelity_vendor_bounds_hard_oom_device_loss=0/0/0/0/0/0/0,route=DLSS Ultra Quality->DLSS Quality; verdict=PASS; dispatch=56486; operation=7; strict_ms=2622.8784; waiter_ms=2622.8784; cleanup_ms=2622.8784; failures=none; control_clean=true,n/a; legacy aggregate disabled for renderscale-tuning nvidia,n/a; renderscale-tuning nvidia,n/a; renderscale-tuning nvidia; see evidence bundle,n/a; renderscale-tuning nvidia; see evidence bundle,n/a; renderscale-tuning nvidia; see evidence bundle,n/a; not derived for this assay,n/a; not derived for this assay
transition_07_render_scale_latch,n/a,n/a,n/a,n/a,n/a,n/a,n/a,destination=WhiterunDragonsreach; queue=257240; snapshot=257247; relatch=257253; stabilizing=257253; active=257316; stabilization=76; phases_q_s_r_st_a=7/6/0/63; retries_DLA_AA|DLSS_FSR=0|0; hold_elapsed_soft_grace_hard_ms=1516/1000/500/1500; activation=proven-idle post-load compositor hold released at hard deadline; publication_current_deferred_device_context_generation_dimension=matched; publication_failures=0; stretch_obs_episodes_frames_max=4/2/2/1; vendor_bounds_hard_oom_device_loss=0/0/0/0/0,destination=WhiterunDragonsreach; queue=93391; snapshot=93397; relatch=93403; stabilizing=93415; active=93415; stabilization=24; phases_q_s_r_st_a=6/6/12/0; retries_DLA_AA|DLSS_FSR=2|0; retry_reasons=Backend+Retirement; strict=30; hold=n/a; activation=n/a; publication=unsupported_rc166_predates_publication_contract; preparation=unsupported_rc166_synchronous_preparation; stretch_obs=40; stretch_episodes_frames_duration=unsupported; transition_fidelity_vendor_bounds_hard_oom_device_loss=0/0/0/0/0/0/0,route=DLSS Quality->DLSS Balanced; verdict=PASS; dispatch=60957; operation=8; strict_ms=2445.431; waiter_ms=2445.431; cleanup_ms=2445.431; failures=none; control_clean=true,n/a; legacy aggregate disabled for renderscale-tuning nvidia,n/a; renderscale-tuning nvidia,n/a; renderscale-tuning nvidia; see evidence bundle,n/a; renderscale-tuning nvidia; see evidence bundle,n/a; renderscale-tuning nvidia; see evidence bundle,n/a; not derived for this assay,n/a; not derived for this assay
transition_08_render_scale_latch,n/a,n/a,n/a,n/a,n/a,n/a,n/a,destination=WindhelmExterior01; queue=257608; snapshot=257615; relatch=257621; stabilizing=257627; active=257738; stabilization=130; phases_q_s_r_st_a=7/6/6/111; retries_DLA_AA|DLSS_FSR=0|1; hold_elapsed_soft_grace_hard_ms=1500/1000/500/1500; activation=proven-idle post-load compositor hold released at hard deadline; publication_current_deferred_device_context_generation_dimension=matched; publication_failures=0; stretch_obs_episodes_frames_max=0/0/0/1; vendor_bounds_hard_oom_device_loss=0/0/0/0/0,destination=WindhelmExterior01; queue=93723; snapshot=93729; relatch=93735; stabilizing=93741; active=93743; stabilization=20; phases_q_s_r_st_a=6/6/6/2; retries_DLA_AA|DLSS_FSR=0|1; retry_reasons=Backend; strict=25; hold=n/a; activation=n/a; publication=unsupported_rc166_predates_publication_contract; preparation=unsupported_rc166_synchronous_preparation; stretch_obs=3; stretch_episodes_frames_duration=unsupported; transition_fidelity_vendor_bounds_hard_oom_device_loss=0/0/0/0/0/0/0,route=DLSS Balanced->DLSS Performance; verdict=PASS; dispatch=63638; operation=9; strict_ms=2371.0456; waiter_ms=2371.0456; cleanup_ms=2371.0456; failures=none; control_clean=true,n/a; legacy aggregate disabled for renderscale-tuning nvidia,n/a; renderscale-tuning nvidia,n/a; renderscale-tuning nvidia; see evidence bundle,n/a; renderscale-tuning nvidia; see evidence bundle,n/a; renderscale-tuning nvidia; see evidence bundle,n/a; not derived for this assay,n/a; not derived for this assay
transition_09_render_scale_latch,n/a,n/a,n/a,n/a,n/a,n/a,n/a,destination=WhiterunDragonsreach; queue=258341; snapshot=258348; relatch=258354; stabilizing=258354; active=258412; stabilization=71; phases_q_s_r_st_a=7/6/0/58; retries_DLA_AA|DLSS_FSR=0|0; hold_elapsed_soft_grace_hard_ms=1500/1000/500/1500; activation=proven-idle post-load compositor hold released at hard deadline; publication_current_deferred_device_context_generation_dimension=matched; publication_failures=0; stretch_obs_episodes_frames_max=4/2/2/1; vendor_bounds_hard_oom_device_loss=0/0/0/0/0,destination=WhiterunDragonsreach; queue=94317; snapshot=94323; relatch=94329; stabilizing=94341; active=94341; stabilization=24; phases_q_s_r_st_a=6/6/12/0; retries_DLA_AA|DLSS_FSR=2|0; retry_reasons=Backend+Retirement; strict=30; hold=n/a; activation=n/a; publication=unsupported_rc166_predates_publication_contract; preparation=unsupported_rc166_synchronous_preparation; stretch_obs=40; stretch_episodes_frames_duration=unsupported; transition_fidelity_vendor_bounds_hard_oom_device_loss=0/0/0/0/0/0/0,route=DLSS Performance->DLSS Ultra Performance; verdict=PASS; dispatch=67686; operation=10; strict_ms=2528.5601; waiter_ms=2528.5601; cleanup_ms=2528.5601; failures=none; control_clean=true,n/a; legacy aggregate disabled for renderscale-tuning nvidia,n/a; renderscale-tuning nvidia,n/a; renderscale-tuning nvidia; see evidence bundle,n/a; renderscale-tuning nvidia; see evidence bundle,n/a; renderscale-tuning nvidia; see evidence bundle,n/a; not derived for this assay,n/a; not derived for this assay
transition_10_render_scale_latch,n/a,n/a,n/a,n/a,n/a,n/a,n/a,destination=WindhelmExterior01; queue=258712; snapshot=258719; relatch=258725; stabilizing=258731; active=258852; stabilization=140; phases_q_s_r_st_a=7/6/6/121; retries_DLA_AA|DLSS_FSR=0|1; hold_elapsed_soft_grace_hard_ms=1500/1000/500/1500; activation=proven-idle post-load compositor hold released at hard deadline; publication_current_deferred_device_context_generation_dimension=matched; publication_failures=0; stretch_obs_episodes_frames_max=0/0/0/1; vendor_bounds_hard_oom_device_loss=0/0/0/0/0,destination=WindhelmExterior01; queue=94648; snapshot=94654; relatch=94660; stabilizing=94666; active=94668; stabilization=20; phases_q_s_r_st_a=6/6/6/2; retries_DLA_AA|DLSS_FSR=0|1; retry_reasons=Backend; strict=27; hold=n/a; activation=n/a; publication=unsupported_rc166_predates_publication_contract; preparation=unsupported_rc166_synchronous_preparation; stretch_obs=3; stretch_episodes_frames_duration=unsupported; transition_fidelity_vendor_bounds_hard_oom_device_loss=0/0/0/0/0/0/0,route=DLSS Ultra Performance->DLAA; verdict=FAIL; dispatch=71133; operation=11; strict_ms=timeout; waiter_ms=27055.5949; cleanup_ms=2591.2102; failures=physical_native_contract_mismatch; control_clean=true,n/a; legacy aggregate disabled for renderscale-tuning nvidia,n/a; renderscale-tuning nvidia,n/a; renderscale-tuning nvidia; see evidence bundle,n/a; renderscale-tuning nvidia; see evidence bundle,n/a; renderscale-tuning nvidia; see evidence bundle,n/a; not derived for this assay,n/a; not derived for this assay
transition_11_render_scale_latch,n/a,n/a,n/a,n/a,n/a,n/a,n/a,destination=WhiterunDragonsreach; queue=259456; snapshot=259463; relatch=259469; stabilizing=259469; active=259529; stabilization=73; phases_q_s_r_st_a=7/6/0/60; retries_DLA_AA|DLSS_FSR=0|0; hold_elapsed_soft_grace_hard_ms=1500/1000/500/1500; activation=proven-idle post-load compositor hold released at hard deadline; publication_current_deferred_device_context_generation_dimension=matched; publication_failures=0; stretch_obs_episodes_frames_max=4/2/2/1; vendor_bounds_hard_oom_device_loss=0/0/0/0/0,destination=WhiterunDragonsreach; queue=95244; snapshot=95250; relatch=95256; stabilizing=95268; active=95268; stabilization=24; phases_q_s_r_st_a=6/6/12/0; retries_DLA_AA|DLSS_FSR=2|0; retry_reasons=Backend+Retirement; strict=30; hold=n/a; activation=n/a; publication=unsupported_rc166_predates_publication_contract; preparation=unsupported_rc166_synchronous_preparation; stretch_obs=40; stretch_episodes_frames_duration=unsupported; transition_fidelity_vendor_bounds_hard_oom_device_loss=0/0/0/0/0/0/0,route=DLAA->TAA; verdict=PASS; dispatch=75073; operation=12; strict_ms=2425.4767; waiter_ms=2425.4767; cleanup_ms=2425.4767; failures=none; control_clean=true,n/a; legacy aggregate disabled for renderscale-tuning nvidia,n/a; renderscale-tuning nvidia,n/a; renderscale-tuning nvidia; see evidence bundle,n/a; renderscale-tuning nvidia; see evidence bundle,n/a; renderscale-tuning nvidia; see evidence bundle,n/a; not derived for this assay,n/a; not derived for this assay
transition_12_render_scale_latch,n/a,n/a,n/a,n/a,n/a,n/a,n/a,destination=WindhelmExterior01; queue=259836; snapshot=259843; relatch=259849; stabilizing=259855; active=259977; stabilization=141; phases_q_s_r_st_a=7/6/6/122; retries_DLA_AA|DLSS_FSR=0|1; hold_elapsed_soft_grace_hard_ms=1500/1000/500/1500; activation=proven-idle post-load compositor hold released at hard deadline; publication_current_deferred_device_context_generation_dimension=matched; publication_failures=0; stretch_obs_episodes_frames_max=0/0/0/1; vendor_bounds_hard_oom_device_loss=0/0/0/0/0,destination=WindhelmExterior01; queue=95577; snapshot=95583; relatch=95589; stabilizing=95595; active=95597; stabilization=20; phases_q_s_r_st_a=6/6/6/2; retries_DLA_AA|DLSS_FSR=0|1; retry_reasons=Backend; strict=26; hold=n/a; activation=n/a; publication=unsupported_rc166_predates_publication_contract; preparation=unsupported_rc166_synchronous_preparation; stretch_obs=3; stretch_episodes_frames_duration=unsupported; transition_fidelity_vendor_bounds_hard_oom_device_loss=0/0/0/0/0/0/0,route=TAA->None; verdict=PASS; dispatch=77239; operation=13; strict_ms=2967.3113; waiter_ms=2967.3113; cleanup_ms=2967.3113; failures=none; control_clean=true,n/a; legacy aggregate disabled for renderscale-tuning nvidia,n/a; renderscale-tuning nvidia,n/a; renderscale-tuning nvidia; see evidence bundle,n/a; renderscale-tuning nvidia; see evidence bundle,n/a; renderscale-tuning nvidia; see evidence bundle,n/a; not derived for this assay,n/a; not derived for this assay
transition_13_render_scale_latch,n/a,n/a,n/a,n/a,n/a,n/a,n/a,destination=WhiterunDragonsreach; queue=260584; snapshot=260591; relatch=260597; stabilizing=260597; active=260660; stabilization=76; phases_q_s_r_st_a=7/6/0/63; retries_DLA_AA|DLSS_FSR=0|0; hold_elapsed_soft_grace_hard_ms=1500/1000/500/1500; activation=proven-idle post-load compositor hold released at hard deadline; publication_current_deferred_device_context_generation_dimension=matched; publication_failures=0; stretch_obs_episodes_frames_max=4/2/2/1; vendor_bounds_hard_oom_device_loss=0/0/0/0/0,destination=WhiterunDragonsreach; queue=96172; snapshot=96178; relatch=96184; stabilizing=96196; active=96196; stabilization=24; phases_q_s_r_st_a=6/6/12/0; retries_DLA_AA|DLSS_FSR=2|0; retry_reasons=Backend+Retirement; strict=30; hold=n/a; activation=n/a; publication=unsupported_rc166_predates_publication_contract; preparation=unsupported_rc166_synchronous_preparation; stretch_obs=40; stretch_episodes_frames_duration=unsupported; transition_fidelity_vendor_bounds_hard_oom_device_loss=0/0/0/0/0/0/0,route=None->FSR Native AA; verdict=FAIL; dispatch=80439; operation=14; strict_ms=timeout; waiter_ms=25961.4029; cleanup_ms=3025.4904; failures=physical_native_contract_mismatch; control_clean=true,n/a; legacy aggregate disabled for renderscale-tuning nvidia,n/a; renderscale-tuning nvidia,n/a; renderscale-tuning nvidia; see evidence bundle,n/a; renderscale-tuning nvidia; see evidence bundle,n/a; renderscale-tuning nvidia; see evidence bundle,n/a; not derived for this assay,n/a; not derived for this assay
transition_14_render_scale_latch,n/a,n/a,n/a,n/a,n/a,n/a,n/a,destination=WindhelmExterior01; queue=260960; snapshot=260967; relatch=260973; stabilizing=260979; active=261097; stabilization=137; phases_q_s_r_st_a=7/6/6/118; retries_DLA_AA|DLSS_FSR=0|1; hold_elapsed_soft_grace_hard_ms=1500/1000/500/1500; activation=proven-idle post-load compositor hold released at hard deadline; publication_current_deferred_device_context_generation_dimension=matched; publication_failures=0; stretch_obs_episodes_frames_max=0/0/0/1; vendor_bounds_hard_oom_device_loss=0/0/0/0/0,destination=WindhelmExterior01; queue=96502; snapshot=96508; relatch=96514; stabilizing=96520; active=96522; stabilization=20; phases_q_s_r_st_a=6/6/6/2; retries_DLA_AA|DLSS_FSR=0|1; retry_reasons=Backend; strict=27; hold=n/a; activation=n/a; publication=unsupported_rc166_predates_publication_contract; preparation=unsupported_rc166_synchronous_preparation; stretch_obs=3; stretch_episodes_frames_duration=unsupported; transition_fidelity_vendor_bounds_hard_oom_device_loss=0/0/0/0/0/0/0,route=FSR Native AA->FSR Hoshipa; verdict=PASS; dispatch=84742; operation=15; strict_ms=3886.3237; waiter_ms=3886.3237; cleanup_ms=3886.3237; failures=none; control_clean=true,n/a; legacy aggregate disabled for renderscale-tuning nvidia,n/a; renderscale-tuning nvidia,n/a; renderscale-tuning nvidia; see evidence bundle,n/a; renderscale-tuning nvidia; see evidence bundle,n/a; renderscale-tuning nvidia; see evidence bundle,n/a; not derived for this assay,n/a; not derived for this assay
transition_15_render_scale_latch,n/a,n/a,n/a,n/a,n/a,n/a,n/a,destination=WhiterunDragonsreach; queue=261703; snapshot=261710; relatch=261716; stabilizing=261716; active=261777; stabilization=74; phases_q_s_r_st_a=7/6/0/61; retries_DLA_AA|DLSS_FSR=0|0; hold_elapsed_soft_grace_hard_ms=1500/1000/500/1500; activation=proven-idle post-load compositor hold released at hard deadline; publication_current_deferred_device_context_generation_dimension=matched; publication_failures=0; stretch_obs_episodes_frames_max=4/2/2/1; vendor_bounds_hard_oom_device_loss=0/0/0/0/0,destination=WhiterunDragonsreach; queue=97094; snapshot=97100; relatch=97106; stabilizing=97118; active=97118; stabilization=24; phases_q_s_r_st_a=6/6/12/0; retries_DLA_AA|DLSS_FSR=2|0; retry_reasons=Backend+Retirement; strict=29; hold=n/a; activation=n/a; publication=unsupported_rc166_predates_publication_contract; preparation=unsupported_rc166_synchronous_preparation; stretch_obs=40; stretch_episodes_frames_duration=unsupported; transition_fidelity_vendor_bounds_hard_oom_device_loss=0/0/0/0/0/0/0,route=FSR Hoshipa->FSR Ultra Quality; verdict=PASS; dispatch=87646; operation=16; strict_ms=3176.552; waiter_ms=3176.552; cleanup_ms=3176.552; failures=none; control_clean=true,n/a; legacy aggregate disabled for renderscale-tuning nvidia,n/a; renderscale-tuning nvidia,n/a; renderscale-tuning nvidia; see evidence bundle,n/a; renderscale-tuning nvidia; see evidence bundle,n/a; renderscale-tuning nvidia; see evidence bundle,n/a; not derived for this assay,n/a; not derived for this assay
transition_16_render_scale_latch,n/a,n/a,n/a,n/a,n/a,n/a,n/a,destination=WindhelmExterior01; queue=262081; snapshot=262088; relatch=262094; stabilizing=262100; active=262216; stabilization=135; phases_q_s_r_st_a=7/6/6/116; retries_DLA_AA|DLSS_FSR=0|1; hold_elapsed_soft_grace_hard_ms=1500/1000/500/1500; activation=proven-idle post-load compositor hold released at hard deadline; publication_current_deferred_device_context_generation_dimension=matched; publication_failures=0; stretch_obs_episodes_frames_max=0/0/0/1; vendor_bounds_hard_oom_device_loss=0/0/0/0/0,destination=WindhelmExterior01; queue=97425; snapshot=97431; relatch=97437; stabilizing=97443; active=97445; stabilization=20; phases_q_s_r_st_a=6/6/6/2; retries_DLA_AA|DLSS_FSR=0|1; retry_reasons=Backend; strict=27; hold=n/a; activation=n/a; publication=unsupported_rc166_predates_publication_contract; preparation=unsupported_rc166_synchronous_preparation; stretch_obs=3; stretch_episodes_frames_duration=unsupported; transition_fidelity_vendor_bounds_hard_oom_device_loss=0/0/0/0/0/0/0,route=FSR Ultra Quality->FSR Quality; verdict=FAIL; dispatch=91814; operation=17; strict_ms=timeout; waiter_ms=25132.5105; cleanup_ms=n/a; failures=profile_mismatch+api_operation_active+api_conditions_blocking+controller_not_settled+relatch_pending+api_active_contract_mismatch+physical_active_contract_mismatch; control_clean=true,n/a; legacy aggregate disabled for renderscale-tuning nvidia,n/a; renderscale-tuning nvidia,n/a; renderscale-tuning nvidia; see evidence bundle,n/a; renderscale-tuning nvidia; see evidence bundle,n/a; renderscale-tuning nvidia; see evidence bundle,n/a; not derived for this assay,n/a; not derived for this assay
transition_17_render_scale_latch,n/a,n/a,n/a,n/a,n/a,n/a,n/a,destination=WhiterunDragonsreach; queue=262821; snapshot=262828; relatch=262834; stabilizing=262834; active=262890; stabilization=69; phases_q_s_r_st_a=7/6/0/56; retries_DLA_AA|DLSS_FSR=0|0; hold_elapsed_soft_grace_hard_ms=1500/1000/500/1500; activation=proven-idle post-load compositor hold released at hard deadline; publication_current_deferred_device_context_generation_dimension=matched; publication_failures=0; stretch_obs_episodes_frames_max=4/2/2/1; vendor_bounds_hard_oom_device_loss=0/0/0/0/0,destination=WhiterunDragonsreach; queue=98035; snapshot=98041; relatch=98047; stabilizing=98059; active=98059; stabilization=24; phases_q_s_r_st_a=6/6/12/0; retries_DLA_AA|DLSS_FSR=2|0; retry_reasons=Backend+Retirement; strict=30; hold=n/a; activation=n/a; publication=unsupported_rc166_predates_publication_contract; preparation=unsupported_rc166_synchronous_preparation; stretch_obs=40; stretch_episodes_frames_duration=unsupported; transition_fidelity_vendor_bounds_hard_oom_device_loss=0/0/0/0/0/0/0,route=FSR Quality->FSR Balanced; verdict=PASS; dispatch=97139; operation=18; strict_ms=3372.4035; waiter_ms=3372.4035; cleanup_ms=3372.4035; failures=none; control_clean=true,n/a; legacy aggregate disabled for renderscale-tuning nvidia,n/a; renderscale-tuning nvidia,n/a; renderscale-tuning nvidia; see evidence bundle,n/a; renderscale-tuning nvidia; see evidence bundle,n/a; renderscale-tuning nvidia; see evidence bundle,n/a; not derived for this assay,n/a; not derived for this assay
transition_18_render_scale_latch,n/a,n/a,n/a,n/a,n/a,n/a,n/a,destination=WindhelmExterior01; queue=263195; snapshot=263202; relatch=263208; stabilizing=263214; active=263335; stabilization=140; phases_q_s_r_st_a=7/6/6/121; retries_DLA_AA|DLSS_FSR=0|1; hold_elapsed_soft_grace_hard_ms=1500/1000/500/1500; activation=proven-idle post-load compositor hold released at hard deadline; publication_current_deferred_device_context_generation_dimension=matched; publication_failures=0; stretch_obs_episodes_frames_max=0/0/0/1; vendor_bounds_hard_oom_device_loss=0/0/0/0/0,destination=WindhelmExterior01; queue=98363; snapshot=98369; relatch=98375; stabilizing=98381; active=98383; stabilization=20; phases_q_s_r_st_a=6/6/6/2; retries_DLA_AA|DLSS_FSR=0|1; retry_reasons=Backend; strict=27; hold=n/a; activation=n/a; publication=unsupported_rc166_predates_publication_contract; preparation=unsupported_rc166_synchronous_preparation; stretch_obs=3; stretch_episodes_frames_duration=unsupported; transition_fidelity_vendor_bounds_hard_oom_device_loss=0/0/0/0/0/0/0,route=FSR Balanced->FSR Performance; verdict=PASS; dispatch=101971; operation=19; strict_ms=5688.5678; waiter_ms=5688.5678; cleanup_ms=5688.5678; failures=none; control_clean=true,n/a; legacy aggregate disabled for renderscale-tuning nvidia,n/a; renderscale-tuning nvidia,n/a; renderscale-tuning nvidia; see evidence bundle,n/a; renderscale-tuning nvidia; see evidence bundle,n/a; renderscale-tuning nvidia; see evidence bundle,n/a; not derived for this assay,n/a; not derived for this assay
transition_19_render_scale_latch,n/a,n/a,n/a,n/a,n/a,n/a,n/a,destination=WhiterunDragonsreach; queue=263941; snapshot=263948; relatch=263954; stabilizing=263954; active=264014; stabilization=73; phases_q_s_r_st_a=7/6/0/60; retries_DLA_AA|DLSS_FSR=0|0; hold_elapsed_soft_grace_hard_ms=1500/1000/500/1500; activation=proven-idle post-load compositor hold released at hard deadline; publication_current_deferred_device_context_generation_dimension=matched; publication_failures=0; stretch_obs_episodes_frames_max=4/2/2/1; vendor_bounds_hard_oom_device_loss=0/0/0/0/0,destination=WhiterunDragonsreach; queue=98979; snapshot=98985; relatch=98991; stabilizing=99003; active=99003; stabilization=24; phases_q_s_r_st_a=6/6/12/0; retries_DLA_AA|DLSS_FSR=2|0; retry_reasons=Backend+Retirement; strict=31; hold=n/a; activation=n/a; publication=unsupported_rc166_predates_publication_contract; preparation=unsupported_rc166_synchronous_preparation; stretch_obs=40; stretch_episodes_frames_duration=unsupported; transition_fidelity_vendor_bounds_hard_oom_device_loss=0/0/0/0/0/0/0,route=FSR Performance->FSR Ultra Performance; verdict=PASS; dispatch=105374; operation=20; strict_ms=3411.6425; waiter_ms=3411.6425; cleanup_ms=3411.6425; failures=none; control_clean=true,n/a; legacy aggregate disabled for renderscale-tuning nvidia,n/a; renderscale-tuning nvidia,n/a; renderscale-tuning nvidia; see evidence bundle,n/a; renderscale-tuning nvidia; see evidence bundle,n/a; renderscale-tuning nvidia; see evidence bundle,n/a; not derived for this assay,n/a; not derived for this assay
transition_20_render_scale_latch,n/a,n/a,n/a,n/a,n/a,n/a,n/a,destination=WindhelmExterior01; queue=264318; snapshot=264326; relatch=264332; stabilizing=264338; active=264462; stabilization=144; phases_q_s_r_st_a=8/6/6/124; retries_DLA_AA|DLSS_FSR=0|1; hold_elapsed_soft_grace_hard_ms=1500/1000/500/1500; activation=proven-idle post-load compositor hold released at hard deadline; publication_current_deferred_device_context_generation_dimension=matched; publication_failures=0; stretch_obs_episodes_frames_max=0/0/0/1; vendor_bounds_hard_oom_device_loss=0/0/0/0/0,destination=WindhelmExterior01; queue=99308; snapshot=99314; relatch=99320; stabilizing=99326; active=99328; stabilization=20; phases_q_s_r_st_a=6/6/6/2; retries_DLA_AA|DLSS_FSR=0|1; retry_reasons=Backend; strict=27; hold=n/a; activation=n/a; publication=unsupported_rc166_predates_publication_contract; preparation=unsupported_rc166_synchronous_preparation; stretch_obs=3; stretch_episodes_frames_duration=unsupported; transition_fidelity_vendor_bounds_hard_oom_device_loss=0/0/0/0/0/0/0,route=FSR Ultra Performance->FSR Native AA; verdict=FAIL; dispatch=109044; operation=21; strict_ms=timeout; waiter_ms=25023.734; cleanup_ms=5208.7344; failures=physical_native_contract_mismatch; control_clean=true,n/a; legacy aggregate disabled for renderscale-tuning nvidia,n/a; renderscale-tuning nvidia,n/a; renderscale-tuning nvidia; see evidence bundle,n/a; renderscale-tuning nvidia; see evidence bundle,n/a; renderscale-tuning nvidia; see evidence bundle,n/a; not derived for this assay,n/a; not derived for this assay
rc166_preparation_capability,n/a,n/a,n/a,n/a,n/a,n/a,n/a,n/a,unsupported: rc166_uses_synchronous_render_scale_preparation,n/a,n/a; legacy aggregate disabled for renderscale-tuning nvidia,n/a; renderscale-tuning nvidia,n/a; renderscale-tuning nvidia; see evidence bundle,n/a; renderscale-tuning nvidia; see evidence bundle,n/a; renderscale-tuning nvidia; see evidence bundle,n/a; not derived for this assay,n/a; not derived for this assay
rc166_resource_publication_capability,n/a,n/a,n/a,n/a,n/a,n/a,n/a,n/a,unsupported: rc166_predates_render_target_publication_contract,n/a,n/a; legacy aggregate disabled for renderscale-tuning nvidia,n/a; renderscale-tuning nvidia,n/a; renderscale-tuning nvidia; see evidence bundle,n/a; renderscale-tuning nvidia; see evidence bundle,n/a; renderscale-tuning nvidia; see evidence bundle,n/a; not derived for this assay,n/a; not derived for this assay
rc166_completed_stretch_accounting_capability,n/a,n/a,n/a,n/a,n/a,n/a,n/a,n/a,unsupported: no completed episode/frame/QPC fields,n/a,n/a; legacy aggregate disabled for renderscale-tuning nvidia,n/a; renderscale-tuning nvidia,n/a; renderscale-tuning nvidia; see evidence bundle,n/a; renderscale-tuning nvidia; see evidence bundle,n/a; renderscale-tuning nvidia; see evidence bundle,n/a; not derived for this assay,n/a; not derived for this assay
rc166_cpu_bounds_guard_candidates_fast_skips,n/a,n/a,n/a,n/a,n/a,n/a,n/a,n/a,0/22042,n/a,n/a; legacy aggregate disabled for renderscale-tuning nvidia,n/a; renderscale-tuning nvidia,n/a; renderscale-tuning nvidia; see evidence bundle,n/a; renderscale-tuning nvidia; see evidence bundle,n/a; renderscale-tuning nvidia; see evidence bundle,n/a; not derived for this assay,n/a; not derived for this assay
rc166_cpu_deferred_recovery_candidates_fast_skips,n/a,n/a,n/a,n/a,n/a,n/a,n/a,n/a,20/21522,n/a,n/a; legacy aggregate disabled for renderscale-tuning nvidia,n/a; renderscale-tuning nvidia,n/a; renderscale-tuning nvidia; see evidence bundle,n/a; renderscale-tuning nvidia; see evidence bundle,n/a; renderscale-tuning nvidia; see evidence bundle,n/a; not derived for this assay,n/a; not derived for this assay
rc166_cpu_engine_retirement_fast_skips_services,n/a,n/a,n/a,n/a,n/a,n/a,n/a,n/a,21500/42,n/a,n/a; legacy aggregate disabled for renderscale-tuning nvidia,n/a; renderscale-tuning nvidia,n/a; renderscale-tuning nvidia; see evidence bundle,n/a; renderscale-tuning nvidia; see evidence bundle,n/a; renderscale-tuning nvidia; see evidence bundle,n/a; not derived for this assay,n/a; not derived for this assay
rc166_cpu_memory_telemetry_candidates_fast_skips,n/a,n/a,n/a,n/a,n/a,n/a,n/a,n/a,21542/0,n/a,n/a; legacy aggregate disabled for renderscale-tuning nvidia,n/a; renderscale-tuning nvidia,n/a; renderscale-tuning nvidia; see evidence bundle,n/a; renderscale-tuning nvidia; see evidence bundle,n/a; renderscale-tuning nvidia; see evidence bundle,n/a; not derived for this assay,n/a; not derived for this assay
rc166_cpu_memory_trim_fast_skips_services,n/a,n/a,n/a,n/a,n/a,n/a,n/a,n/a,21532/10,n/a,n/a; legacy aggregate disabled for renderscale-tuning nvidia,n/a; renderscale-tuning nvidia,n/a; renderscale-tuning nvidia; see evidence bundle,n/a; renderscale-tuning nvidia; see evidence bundle,n/a; renderscale-tuning nvidia; see evidence bundle,n/a; not derived for this assay,n/a; not derived for this assay
rc166_cpu_native_guard_candidates_fast_skips,n/a,n/a,n/a,n/a,n/a,n/a,n/a,n/a,0/0,n/a,n/a; legacy aggregate disabled for renderscale-tuning nvidia,n/a; renderscale-tuning nvidia,n/a; renderscale-tuning nvidia; see evidence bundle,n/a; renderscale-tuning nvidia; see evidence bundle,n/a; renderscale-tuning nvidia; see evidence bundle,n/a; not derived for this assay,n/a; not derived for this assay
rc166_cpu_post_mutation_guard_fast_skips_services,n/a,n/a,n/a,n/a,n/a,n/a,n/a,n/a,0/0,n/a,n/a; legacy aggregate disabled for renderscale-tuning nvidia,n/a; renderscale-tuning nvidia,n/a; renderscale-tuning nvidia; see evidence bundle,n/a; renderscale-tuning nvidia; see evidence bundle,n/a; renderscale-tuning nvidia; see evidence bundle,n/a; not derived for this assay,n/a; not derived for this assay
rc166_cpu_promotion_candidates_fast_skips,n/a,n/a,n/a,n/a,n/a,n/a,n/a,n/a,0/0,n/a,n/a; legacy aggregate disabled for renderscale-tuning nvidia,n/a; renderscale-tuning nvidia,n/a; renderscale-tuning nvidia; see evidence bundle,n/a; renderscale-tuning nvidia; see evidence bundle,n/a; renderscale-tuning nvidia; see evidence bundle,n/a; not derived for this assay,n/a; not derived for this assay
rc166_gpu_spatial_composite_dispatches_center_full_pixels,n/a,n/a,n/a,n/a,n/a,n/a,n/a,n/a,40736/44612763648/275469867520,n/a,n/a; legacy aggregate disabled for renderscale-tuning nvidia,n/a; renderscale-tuning nvidia,n/a; renderscale-tuning nvidia; see evidence bundle,n/a; renderscale-tuning nvidia; see evidence bundle,n/a; renderscale-tuning nvidia; see evidence bundle,n/a; not derived for this assay,n/a; not derived for this assay
rc166_hmd_mask_api_implementation,n/a,n/a,n/a,n/a,n/a,n/a,n/a,n/a,api 5; rc166_full_region,n/a,n/a; legacy aggregate disabled for renderscale-tuning nvidia,n/a; renderscale-tuning nvidia,n/a; renderscale-tuning nvidia; see evidence bundle,n/a; renderscale-tuning nvidia; see evidence bundle,n/a; renderscale-tuning nvidia; see evidence bundle,n/a; not derived for this assay,n/a; not derived for this assay
rc166_hmd_mask_final_input_rejected_dispatches,n/a,n/a,n/a,n/a,n/a,n/a,n/a,n/a,99754/0/0 at terminal status receipt,n/a,n/a; legacy aggregate disabled for renderscale-tuning nvidia,n/a; renderscale-tuning nvidia,n/a; renderscale-tuning nvidia; see evidence bundle,n/a; renderscale-tuning nvidia; see evidence bundle,n/a; renderscale-tuning nvidia; see evidence bundle,n/a; not derived for this assay,n/a; not derived for this assay
rc166_probe_retained_complete_vendor_black_left_right,n/a,n/a,n/a,n/a,n/a,n/a,n/a,n/a,4096/4096/4096/4096/2048/2048,n/a,n/a; legacy aggregate disabled for renderscale-tuning nvidia,n/a; renderscale-tuning nvidia,n/a; renderscale-tuning nvidia; see evidence bundle,n/a; renderscale-tuning nvidia; see evidence bundle,n/a; renderscale-tuning nvidia; see evidence bundle,n/a; not derived for this assay,n/a; not derived for this assay
rc166_lifetime_duplicated_constants_frames,n/a,n/a,n/a,n/a,n/a,n/a,n/a,n/a,59991; 69488; 85373,n/a,n/a; legacy aggregate disabled for renderscale-tuning nvidia,n/a; renderscale-tuning nvidia,n/a; renderscale-tuning nvidia; see evidence bundle,n/a; renderscale-tuning nvidia; see evidence bundle,n/a; renderscale-tuning nvidia; see evidence bundle,n/a; not derived for this assay,n/a; not derived for this assay
rc166_fresh_session_vendor_failure_timing,n/a,n/a,n/a,n/a,n/a,n/a,n/a,n/a,frame 85373 after stress arm and before transition 1; no measured-transition delta,n/a,n/a; legacy aggregate disabled for renderscale-tuning nvidia,n/a; renderscale-tuning nvidia,n/a; renderscale-tuning nvidia; see evidence bundle,n/a; renderscale-tuning nvidia; see evidence bundle,n/a; renderscale-tuning nvidia; see evidence bundle,n/a; not derived for this assay,n/a; not derived for this assay
rc166_dlss_trace_duplicate_evaluate_failures,n/a,n/a,n/a,n/a,n/a,n/a,n/a,n/a,0/0,n/a,n/a; legacy aggregate disabled for renderscale-tuning nvidia,n/a; renderscale-tuning nvidia,n/a; renderscale-tuning nvidia; see evidence bundle,n/a; renderscale-tuning nvidia; see evidence bundle,n/a; renderscale-tuning nvidia; see evidence bundle,n/a; not derived for this assay,n/a; not derived for this assay
rc166_retry_reason_counts_native_backend_native_retirement_dlss_backend,n/a,n/a,n/a,n/a,n/a,n/a,n/a,n/a,10/10/10,n/a,n/a; legacy aggregate disabled for renderscale-tuning nvidia,n/a; renderscale-tuning nvidia,n/a; renderscale-tuning nvidia; see evidence bundle,n/a; renderscale-tuning nvidia; see evidence bundle,n/a; renderscale-tuning nvidia; see evidence bundle,n/a; not derived for this assay,n/a; not derived for this assay
rc166_native_render_dimensions,n/a,n/a,n/a,n/a,n/a,n/a,n/a,n/a,2468x2740,n/a,n/a; legacy aggregate disabled for renderscale-tuning nvidia,n/a; renderscale-tuning nvidia,n/a; renderscale-tuning nvidia; see evidence bundle,n/a; renderscale-tuning nvidia; see evidence bundle,n/a; renderscale-tuning nvidia; see evidence bundle,n/a; not derived for this assay,n/a; not derived for this assay
rc166_render_scale_dimensions,n/a,n/a,n/a,n/a,n/a,n/a,n/a,n/a,2097x2329,n/a,n/a; legacy aggregate disabled for renderscale-tuning nvidia,n/a; renderscale-tuning nvidia,n/a; renderscale-tuning nvidia; see evidence bundle,n/a; renderscale-tuning nvidia; see evidence bundle,n/a; renderscale-tuning nvidia; see evidence bundle,n/a; not derived for this assay,n/a; not derived for this assay
evidence_scenario_transcript_bytes_sha256,n/a,n/a,n/a,n/a,n/a,n/a,n/a,n/a,1780838/93696cd926ae38acd922651d1734ff5e902700bfdf9194500116a50639292952,n/a,n/a; receipt-index hashes each retained transcript,raw/shared/cumulative-finalization-envelope.json indexed in receipt-index.json,retained terminal/trace receipts indexed in receipt-index.json,retained transition scenario receipts indexed in receipt-index.json,retained transition scenario envelopes indexed in receipt-index.json,n/a; not derived for this assay,n/a; not derived for this assay
evidence_final_telemetry_raw_bytes_sha256,n/a,n/a,n/a,n/a,n/a,n/a,n/a,n/a,16726068/52de4afa64505dc091c0530b051244435ba61e97ac523a7b207d8ed4e9f14473,n/a,n/a; receipt-index hashes each telemetry receipt,raw/shared/cumulative-finalization.json indexed in receipt-index.json,raw/finalization/cumulative.json indexed in receipt-index.json,raw/finalization/cumulative.json 4639eaea73e4aa83a0753c15979bd2ca3b173e95db9d79300ffdfbc092820c04,raw/finalization/cumulative-evidence.json indexed in receipt-index.json,n/a; not derived for this assay,n/a; not derived for this assay
evidence_cleanup_telemetry_raw_bytes_sha256,n/a,n/a,n/a,n/a,n/a,n/a,n/a,n/a,1270408/3a0c39417ad715fee06cdfa8659e54b1b1225ca82ed9dd88e9acd8e7957375a6,n/a,n/a; receipt-index hashes each cleanup receipt,raw/pass-1/finalization and raw/pass-2/finalization indexed in receipt-index.json,raw/pass finalization receipts indexed in receipt-index.json,raw/pass-1/finalization and raw/pass-2/finalization indexed in receipt-index.json,raw/lane-nvidia pass finalization receipts indexed in receipt-index.json,n/a; not derived for this assay,n/a; not derived for this assay
,n/a; renderscale-tuning nvidia; see evidence bundle,,,,,,,,,,,,,,,n/a; not derived for this assay,n/a; not derived for this assay
tuning_retained_terminal_receipts,n/a; not recorded in historical ledger,n/a; not recorded in historical ledger,n/a; not recorded in historical ledger,n/a; not recorded in historical ledger,n/a; not recorded in historical ledger,n/a; not recorded in historical ledger,n/a; not recorded in historical ledger,n/a; not recorded in historical ledger,n/a; not recorded in historical ledger,n/a; not recorded in historical ledger,n/a; not recorded in historical ledger,n/a; not recorded in historical ledger,n/a; not recorded in historical ledger,n/a; not recorded in historical ledger,n/a; not recorded in historical ledger,66/66; pass1 33; pass2 33,66/66; pass1 33; pass2 33
tuning_strict_mean_ms_pass1_pass2,n/a; not recorded in historical ledger,n/a; not recorded in historical ledger,n/a; not recorded in historical ledger,n/a; not recorded in historical ledger,n/a; not recorded in historical ledger,n/a; not recorded in historical ledger,n/a; not recorded in historical ledger,n/a; not recorded in historical ledger,n/a; not recorded in historical ledger,n/a; not recorded in historical ledger,n/a; not recorded in historical ledger,n/a; not recorded in historical ledger,n/a; not recorded in historical ledger,n/a; not recorded in historical ledger,n/a; not recorded in historical ledger,767.2459/730.5135060606061,838.4902272727272/830.0582393939394
tuning_matched_first24_strict_mean_ms_pass1_pass2,n/a; not recorded in historical ledger,n/a; not recorded in historical ledger,n/a; not recorded in historical ledger,n/a; not recorded in historical ledger,n/a; not recorded in historical ledger,n/a; not recorded in historical ledger,n/a; not recorded in historical ledger,n/a; not recorded in historical ledger,n/a; not recorded in historical ledger,n/a; not recorded in historical ledger,n/a; not recorded in historical ledger,n/a; not recorded in historical ledger,n/a; not recorded in historical ledger,n/a; not recorded in historical ledger,n/a; not recorded in historical ledger,n/a; not derived for this assay,n/a; not derived for this assay
tuning_matched_first24_presentation_mean_ms_pass1_pass2,n/a; not recorded in historical ledger,n/a; not recorded in historical ledger,n/a; not recorded in historical ledger,n/a; not recorded in historical ledger,n/a; not recorded in historical ledger,n/a; not recorded in historical ledger,n/a; not recorded in historical ledger,n/a; not recorded in historical ledger,n/a; not recorded in historical ledger,n/a; not recorded in historical ledger,n/a; not recorded in historical ledger,n/a; not recorded in historical ledger,n/a; not recorded in historical ledger,n/a; not recorded in historical ledger,n/a; not recorded in historical ledger,n/a; not derived for this assay,n/a; not derived for this assay
tuning_strict_worst_ms_pass1_pass2,n/a; not recorded in historical ledger,n/a; not recorded in historical ledger,n/a; not recorded in historical ledger,n/a; not recorded in historical ledger,n/a; not recorded in historical ledger,n/a; not recorded in historical ledger,n/a; not recorded in historical ledger,n/a; not recorded in historical ledger,n/a; not recorded in historical ledger,n/a; not recorded in historical ledger,n/a; not recorded in historical ledger,n/a; not recorded in historical ledger,n/a; not recorded in historical ledger,n/a; not recorded in historical ledger,n/a; not recorded in historical ledger,1392.3187/1658.3524,2002.0543/2236.9897
tuning_trace_windows_complete_partial,n/a; not recorded in historical ledger,n/a; not recorded in historical ledger,n/a; not recorded in historical ledger,n/a; not recorded in historical ledger,n/a; not recorded in historical ledger,n/a; not recorded in historical ledger,n/a; not recorded in historical ledger,n/a; not recorded in historical ledger,n/a; not recorded in historical ledger,n/a; not recorded in historical ledger,n/a; not recorded in historical ledger,n/a; not recorded in historical ledger,n/a; not recorded in historical ledger,n/a; not recorded in historical ledger,n/a; not recorded in historical ledger,24/0,24/0
tuning_original_task2_retained_pass_fail_inconclusive,n/a; not recorded in historical ledger,n/a; not recorded in historical ledger,n/a; not recorded in historical ledger,n/a; not recorded in historical ledger,n/a; not recorded in historical ledger,n/a; not recorded in historical ledger,n/a; not recorded in historical ledger,n/a; not recorded in historical ledger,n/a; not recorded in historical ledger,n/a; not recorded in historical ledger,n/a; not recorded in historical ledger,n/a; not recorded in historical ledger,n/a; not recorded in historical ledger,n/a; not recorded in historical ledger,n/a; not recorded in historical ledger,66/0/0,66/0/0
tuning_corrected_offline_task2_pass_fail_inconclusive,n/a; not recorded in historical ledger,n/a; not recorded in historical ledger,n/a; not recorded in historical ledger,n/a; not recorded in historical ledger,n/a; not recorded in historical ledger,n/a; not recorded in historical ledger,n/a; not recorded in historical ledger,n/a; not recorded in historical ledger,n/a; not recorded in historical ledger,n/a; not recorded in historical ledger,n/a; not recorded in historical ledger,n/a; not recorded in historical ledger,n/a; not recorded in historical ledger,n/a; not recorded in historical ledger,n/a; not recorded in historical ledger,66/0/0,66/0/0
tuning_stretch_recovered_unrecovered_retained,n/a; not recorded in historical ledger,n/a; not recorded in historical ledger,n/a; not recorded in historical ledger,n/a; not recorded in historical ledger,n/a; not recorded in historical ledger,n/a; not recorded in historical ledger,n/a; not recorded in historical ledger,n/a; not recorded in historical ledger,n/a; not recorded in historical ledger,n/a; not recorded in historical ledger,n/a; not recorded in historical ledger,n/a; not recorded in historical ledger,n/a; not recorded in historical ledger,n/a; not recorded in historical ledger,n/a; not recorded in historical ledger,31/0,32/0
tuning_pass1_transition_01_dlss_hoshipa_to_none_strict_ms,n/a; different protocol,n/a; different protocol,n/a; different protocol,n/a; different protocol,n/a; different protocol,n/a; different protocol,n/a; different protocol,n/a; different protocol,n/a; different protocol,n/a; different protocol,n/a; no retained timing receipt,n/a; no retained timing receipt,n/a; no retained timing receipt,n/a; no retained timing receipt,n/a; no retained timing receipt,669.5,696.3014
tuning_pass1_transition_02_none_to_taa_strict_ms,n/a; different protocol,n/a; different protocol,n/a; different protocol,n/a; different protocol,n/a; different protocol,n/a; different protocol,n/a; different protocol,n/a; different protocol,n/a; different protocol,n/a; different protocol,n/a; no retained timing receipt,n/a; no retained timing receipt,n/a; no retained timing receipt,n/a; no retained timing receipt,n/a; no retained timing receipt,181.4987,163.7179
tuning_pass1_transition_03_taa_to_dlaa_strict_ms,n/a; different protocol,n/a; different protocol,n/a; different protocol,n/a; different protocol,n/a; different protocol,n/a; different protocol,n/a; different protocol,n/a; different protocol,n/a; different protocol,n/a; different protocol,n/a; no retained timing receipt,n/a; no retained timing receipt,n/a; no retained timing receipt,n/a; no retained timing receipt,n/a; no retained timing receipt,289.8271,318.5174
tuning_pass1_transition_04_dlaa_to_dlss_hoshipa_strict_ms,n/a; different protocol,n/a; different protocol,n/a; different protocol,n/a; different protocol,n/a; different protocol,n/a; different protocol,n/a; different protocol,n/a; different protocol,n/a; different protocol,n/a; different protocol,n/a; no retained timing receipt,n/a; no retained timing receipt,n/a; no retained timing receipt,n/a; no retained timing receipt,n/a; no retained timing receipt,920.5647,984.1766
tuning_pass1_transition_05_dlss_hoshipa_to_dlss_ultra_quality_strict_ms,n/a; different protocol,n/a; different protocol,n/a; different protocol,n/a; different protocol,n/a; different protocol,n/a; different protocol,n/a; different protocol,n/a; different protocol,n/a; different protocol,n/a; different protocol,n/a; no retained timing receipt,n/a; no retained timing receipt,n/a; no retained timing receipt,n/a; no retained timing receipt,n/a; no retained timing receipt,981.7929,1135.4885
tuning_pass1_transition_06_dlss_ultra_quality_to_dlss_quality_strict_ms,n/a; different protocol,n/a; different protocol,n/a; different protocol,n/a; different protocol,n/a; different protocol,n/a; different protocol,n/a; different protocol,n/a; different protocol,n/a; different protocol,n/a; different protocol,n/a; no retained timing receipt,n/a; no retained timing receipt,n/a; no retained timing receipt,n/a; no retained timing receipt,n/a; no retained timing receipt,1099.6912,1206.6006
tuning_pass1_transition_07_dlss_quality_to_dlss_balanced_strict_ms,n/a; different protocol,n/a; different protocol,n/a; different protocol,n/a; different protocol,n/a; different protocol,n/a; different protocol,n/a; different protocol,n/a; different protocol,n/a; different protocol,n/a; different protocol,n/a; no retained timing receipt,n/a; no retained timing receipt,n/a; no retained timing receipt,n/a; no retained timing receipt,n/a; no retained timing receipt,1392.3187,1281.789
tuning_pass1_transition_08_dlss_balanced_to_dlss_performance_strict_ms,n/a; different protocol,n/a; different protocol,n/a; different protocol,n/a; different protocol,n/a; different protocol,n/a; different protocol,n/a; different protocol,n/a; different protocol,n/a; different protocol,n/a; different protocol,n/a; no retained timing receipt,n/a; no retained timing receipt,n/a; no retained timing receipt,n/a; no retained timing receipt,n/a; no retained timing receipt,1343.7521,1542.2562
tuning_pass1_transition_09_dlss_performance_to_dlss_ultra_performance_strict_ms,n/a; different protocol,n/a; different protocol,n/a; different protocol,n/a; different protocol,n/a; different protocol,n/a; different protocol,n/a; different protocol,n/a; different protocol,n/a; different protocol,n/a; different protocol,n/a; no retained timing receipt,n/a; no retained timing receipt,n/a; no retained timing receipt,n/a; no retained timing receipt,n/a; no retained timing receipt,1221.9728,1375.0572
tuning_pass1_transition_10_dlss_ultra_performance_to_dlaa_strict_ms,n/a; different protocol,n/a; different protocol,n/a; different protocol,n/a; different protocol,n/a; different protocol,n/a; different protocol,n/a; different protocol,n/a; different protocol,n/a; different protocol,n/a; different protocol,n/a; no retained timing receipt,n/a; no retained timing receipt,n/a; no retained timing receipt,n/a; no retained timing receipt,n/a; no retained timing receipt,740.4535,896.8014
tuning_pass1_transition_11_dlaa_to_taa_strict_ms,n/a; different protocol,n/a; different protocol,n/a; different protocol,n/a; different protocol,n/a; different protocol,n/a; different protocol,n/a; different protocol,n/a; different protocol,n/a; different protocol,n/a; different protocol,n/a; no retained timing receipt,n/a; no retained timing receipt,n/a; no retained timing receipt,n/a; no retained timing receipt,n/a; no retained timing receipt,486.2165,456.7497
tuning_pass1_transition_12_taa_to_none_strict_ms,n/a; different protocol,n/a; different protocol,n/a; different protocol,n/a; different protocol,n/a; different protocol,n/a; different protocol,n/a; different protocol,n/a; different protocol,n/a; different protocol,n/a; different protocol,n/a; no retained timing receipt,n/a; no retained timing receipt,n/a; no retained timing receipt,n/a; no retained timing receipt,n/a; no retained timing receipt,155.0011,166.0658
tuning_pass1_transition_13_none_to_fsr3_native_aa_strict_ms,n/a; different protocol,n/a; different protocol,n/a; different protocol,n/a; different protocol,n/a; different protocol,n/a; different protocol,n/a; different protocol,n/a; different protocol,n/a; different protocol,n/a; different protocol,n/a; no retained timing receipt,n/a; no retained timing receipt,n/a; no retained timing receipt,n/a; no retained timing receipt,n/a; no retained timing receipt,937.8894,783.9657
tuning_pass1_transition_14_fsr3_native_aa_to_fsr3_hoshipa_strict_ms,n/a; different protocol,n/a; different protocol,n/a; different protocol,n/a; different protocol,n/a; different protocol,n/a; different protocol,n/a; different protocol,n/a; different protocol,n/a; different protocol,n/a; different protocol,n/a; no retained timing receipt,n/a; no retained timing receipt,n/a; no retained timing receipt,n/a; no retained timing receipt,n/a; no retained timing receipt,1339.5939,1505.1655
tuning_pass1_transition_15_fsr3_hoshipa_to_fsr3_ultra_quality_strict_ms,n/a; different protocol,n/a; different protocol,n/a; different protocol,n/a; different protocol,n/a; different protocol,n/a; different protocol,n/a; different protocol,n/a; different protocol,n/a; different protocol,n/a; different protocol,n/a; no retained timing receipt,n/a; no retained timing receipt,n/a; no retained timing receipt,n/a; no retained timing receipt,n/a; no retained timing receipt,802.9989,779.2736
tuning_pass1_transition_16_fsr3_ultra_quality_to_fsr3_quality_strict_ms,n/a; different protocol,n/a; different protocol,n/a; different protocol,n/a; different protocol,n/a; different protocol,n/a; different protocol,n/a; different protocol,n/a; different protocol,n/a; different protocol,n/a; different protocol,n/a; no retained timing receipt,n/a; no retained timing receipt,n/a; no retained timing receipt,n/a; no retained timing receipt,n/a; no retained timing receipt,803.8491,703.9722
tuning_pass1_transition_17_fsr3_quality_to_fsr3_balanced_strict_ms,n/a; different protocol,n/a; different protocol,n/a; different protocol,n/a; different protocol,n/a; different protocol,n/a; different protocol,n/a; different protocol,n/a; different protocol,n/a; different protocol,n/a; different protocol,n/a; no retained timing receipt,n/a; no retained timing receipt,n/a; no retained timing receipt,n/a; no retained timing receipt,n/a; no retained timing receipt,732.811,821.6209
tuning_pass1_transition_18_fsr3_balanced_to_fsr3_performance_strict_ms,n/a; different protocol,n/a; different protocol,n/a; different protocol,n/a; different protocol,n/a; different protocol,n/a; different protocol,n/a; different protocol,n/a; different protocol,n/a; different protocol,n/a; different protocol,n/a; no retained timing receipt,n/a; no retained timing receipt,n/a; no retained timing receipt,n/a; no retained timing receipt,n/a; no retained timing receipt,840.0523,786.2565
tuning_pass1_transition_19_fsr3_performance_to_fsr3_ultra_performance_strict_ms,n/a; different protocol,n/a; different protocol,n/a; different protocol,n/a; different protocol,n/a; different protocol,n/a; different protocol,n/a; different protocol,n/a; different protocol,n/a; different protocol,n/a; different protocol,n/a; no retained timing receipt,n/a; no retained timing receipt,n/a; no retained timing receipt,n/a; no retained timing receipt,n/a; no retained timing receipt,708.5673,719.5573
tuning_pass1_transition_20_fsr3_ultra_performance_to_fsr3_native_aa_strict_ms,n/a; different protocol,n/a; different protocol,n/a; different protocol,n/a; different protocol,n/a; different protocol,n/a; different protocol,n/a; different protocol,n/a; different protocol,n/a; different protocol,n/a; different protocol,n/a; no retained timing receipt,n/a; no retained timing receipt,n/a; no retained timing receipt,n/a; no retained timing receipt,n/a; no retained timing receipt,655.757,1038.1794
tuning_pass1_transition_21_fsr3_native_aa_to_taa_strict_ms,n/a; different protocol,n/a; different protocol,n/a; different protocol,n/a; different protocol,n/a; different protocol,n/a; different protocol,n/a; different protocol,n/a; different protocol,n/a; different protocol,n/a; different protocol,n/a; no retained timing receipt,n/a; no retained timing receipt,n/a; no retained timing receipt,n/a; no retained timing receipt,n/a; no retained timing receipt,475.9701,473.6918
tuning_pass1_transition_22_taa_to_none_strict_ms,n/a; different protocol,n/a; different protocol,n/a; different protocol,n/a; different protocol,n/a; different protocol,n/a; different protocol,n/a; different protocol,n/a; different protocol,n/a; different protocol,n/a; different protocol,n/a; no retained timing receipt,n/a; no retained timing receipt,n/a; no retained timing receipt,n/a; no retained timing receipt,n/a; no retained timing receipt,174.8952,166.96
tuning_pass1_transition_23_none_to_dlaa_strict_ms,n/a; different protocol,n/a; different protocol,n/a; different protocol,n/a; different protocol,n/a; different protocol,n/a; different protocol,n/a; different protocol,n/a; different protocol,n/a; different protocol,n/a; different protocol,n/a; no retained timing receipt,n/a; no retained timing receipt,n/a; no retained timing receipt,n/a; no retained timing receipt,n/a; no retained timing receipt,270.9109,246.4059
tuning_pass1_transition_24_dlaa_to_fsr3_native_aa_strict_ms,n/a; different protocol,n/a; different protocol,n/a; different protocol,n/a; different protocol,n/a; different protocol,n/a; different protocol,n/a; different protocol,n/a; different protocol,n/a; different protocol,n/a; different protocol,n/a; no retained timing receipt,n/a; no retained timing receipt,n/a; no retained timing receipt,n/a; no retained timing receipt,n/a; no retained timing receipt,1024.9701,832.7216
tuning_pass1_transition_25_fsr3_native_aa_to_dlss_hoshipa_strict_ms,n/a; different protocol,n/a; different protocol,n/a; different protocol,n/a; different protocol,n/a; different protocol,n/a; different protocol,n/a; different protocol,n/a; different protocol,n/a; different protocol,n/a; different protocol,n/a; no retained timing receipt,n/a; no retained timing receipt,n/a; no retained timing receipt,n/a; no retained timing receipt,n/a; no retained timing receipt,934.1344,2002.0543
tuning_pass1_transition_26_dlss_hoshipa_to_fsr3_hoshipa_strict_ms,n/a; different protocol,n/a; different protocol,n/a; different protocol,n/a; different protocol,n/a; different protocol,n/a; different protocol,n/a; different protocol,n/a; different protocol,n/a; different protocol,n/a; different protocol,n/a; no retained timing receipt,n/a; no retained timing receipt,n/a; no retained timing receipt,n/a; no retained timing receipt,n/a; no retained timing receipt,1378.3023,941.7102
tuning_pass1_transition_27_fsr3_hoshipa_to_none_strict_ms,n/a; different protocol,n/a; different protocol,n/a; different protocol,n/a; different protocol,n/a; different protocol,n/a; different protocol,n/a; different protocol,n/a; different protocol,n/a; different protocol,n/a; different protocol,n/a; no retained timing receipt,n/a; no retained timing receipt,n/a; no retained timing receipt,n/a; no retained timing receipt,n/a; no retained timing receipt,665.093,746.483
tuning_pass1_transition_28_none_to_fsr3_ultra_performance_strict_ms,n/a; different protocol,n/a; different protocol,n/a; different protocol,n/a; different protocol,n/a; different protocol,n/a; different protocol,n/a; different protocol,n/a; different protocol,n/a; different protocol,n/a; different protocol,n/a; no retained timing receipt,n/a; no retained timing receipt,n/a; no retained timing receipt,n/a; no retained timing receipt,n/a; no retained timing receipt,841.6846,906.0903
tuning_pass1_transition_29_fsr3_ultra_performance_to_dlss_ultra_performance_strict_ms,n/a; different protocol,n/a; different protocol,n/a; different protocol,n/a; different protocol,n/a; different protocol,n/a; different protocol,n/a; different protocol,n/a; different protocol,n/a; different protocol,n/a; different protocol,n/a; no retained timing receipt,n/a; no retained timing receipt,n/a; no retained timing receipt,n/a; no retained timing receipt,n/a; no retained timing receipt,1387.0839,1850.8677
tuning_pass1_transition_30_dlss_ultra_performance_to_taa_strict_ms,n/a; different protocol,n/a; different protocol,n/a; different protocol,n/a; different protocol,n/a; different protocol,n/a; different protocol,n/a; different protocol,n/a; different protocol,n/a; different protocol,n/a; different protocol,n/a; no retained timing receipt,n/a; no retained timing receipt,n/a; no retained timing receipt,n/a; no retained timing receipt,n/a; no retained timing receipt,644.2075,789.8319
tuning_pass1_transition_31_taa_to_fsr3_native_aa_strict_ms,n/a; different protocol,n/a; different protocol,n/a; different protocol,n/a; different protocol,n/a; different protocol,n/a; different protocol,n/a; different protocol,n/a; different protocol,n/a; different protocol,n/a; different protocol,n/a; no retained timing receipt,n/a; no retained timing receipt,n/a; no retained timing receipt,n/a; no retained timing receipt,n/a; no retained timing receipt,562.726,588.7689
tuning_pass1_transition_32_fsr3_native_aa_to_none_strict_ms,n/a; different protocol,n/a; different protocol,n/a; different protocol,n/a; different protocol,n/a; different protocol,n/a; different protocol,n/a; different protocol,n/a; different protocol,n/a; different protocol,n/a; different protocol,n/a; no retained timing receipt,n/a; no retained timing receipt,n/a; no retained timing receipt,n/a; no retained timing receipt,n/a; no retained timing receipt,417.9495,457.6179
tuning_pass1_transition_33_none_to_dlaa_strict_ms,n/a; different protocol,n/a; different protocol,n/a; different protocol,n/a; different protocol,n/a; different protocol,n/a; different protocol,n/a; different protocol,n/a; different protocol,n/a; different protocol,n/a; different protocol,n/a; no retained timing receipt,n/a; no retained timing receipt,n/a; no retained timing receipt,n/a; no retained timing receipt,n/a; no retained timing receipt,237.079,305.4612
tuning_pass2_transition_01_dlss_hoshipa_to_none_strict_ms,n/a; different protocol,n/a; different protocol,n/a; different protocol,n/a; different protocol,n/a; different protocol,n/a; different protocol,n/a; different protocol,n/a; different protocol,n/a; different protocol,n/a; different protocol,n/a; no retained timing receipt,n/a; no retained timing receipt,n/a; no retained timing receipt,n/a; no retained timing receipt,n/a; no retained timing receipt,734.8862,773.7207
tuning_pass2_transition_02_none_to_taa_strict_ms,n/a; different protocol,n/a; different protocol,n/a; different protocol,n/a; different protocol,n/a; different protocol,n/a; different protocol,n/a; different protocol,n/a; different protocol,n/a; different protocol,n/a; different protocol,n/a; no retained timing receipt,n/a; no retained timing receipt,n/a; no retained timing receipt,n/a; no retained timing receipt,n/a; no retained timing receipt,177.7818,185.6428
tuning_pass2_transition_03_taa_to_dlaa_strict_ms,n/a; different protocol,n/a; different protocol,n/a; different protocol,n/a; different protocol,n/a; different protocol,n/a; different protocol,n/a; different protocol,n/a; different protocol,n/a; different protocol,n/a; different protocol,n/a; no retained timing receipt,n/a; no retained timing receipt,n/a; no retained timing receipt,n/a; no retained timing receipt,n/a; no retained timing receipt,260.5254,273.7567
tuning_pass2_transition_04_dlaa_to_dlss_hoshipa_strict_ms,n/a; different protocol,n/a; different protocol,n/a; different protocol,n/a; different protocol,n/a; different protocol,n/a; different protocol,n/a; different protocol,n/a; different protocol,n/a; different protocol,n/a; different protocol,n/a; no retained timing receipt,n/a; no retained timing receipt,n/a; no retained timing receipt,n/a; no retained timing receipt,n/a; no retained timing receipt,906.6805,1052.7779
tuning_pass2_transition_05_dlss_hoshipa_to_dlss_ultra_quality_strict_ms,n/a; different protocol,n/a; different protocol,n/a; different protocol,n/a; different protocol,n/a; different protocol,n/a; different protocol,n/a; different protocol,n/a; different protocol,n/a; different protocol,n/a; different protocol,n/a; no retained timing receipt,n/a; no retained timing receipt,n/a; no retained timing receipt,n/a; no retained timing receipt,n/a; no retained timing receipt,904.2977,1043.4152
tuning_pass2_transition_06_dlss_ultra_quality_to_dlss_quality_strict_ms,n/a; different protocol,n/a; different protocol,n/a; different protocol,n/a; different protocol,n/a; different protocol,n/a; different protocol,n/a; different protocol,n/a; different protocol,n/a; different protocol,n/a; different protocol,n/a; no retained timing receipt,n/a; no retained timing receipt,n/a; no retained timing receipt,n/a; no retained timing receipt,n/a; no retained timing receipt,1039.9351,1198.608
tuning_pass2_transition_07_dlss_quality_to_dlss_balanced_strict_ms,n/a; different protocol,n/a; different protocol,n/a; different protocol,n/a; different protocol,n/a; different protocol,n/a; different protocol,n/a; different protocol,n/a; different protocol,n/a; different protocol,n/a; different protocol,n/a; no retained timing receipt,n/a; no retained timing receipt,n/a; no retained timing receipt,n/a; no retained timing receipt,n/a; no retained timing receipt,1064.0426,1228.4559
tuning_pass2_transition_08_dlss_balanced_to_dlss_performance_strict_ms,n/a; different protocol,n/a; different protocol,n/a; different protocol,n/a; different protocol,n/a; different protocol,n/a; different protocol,n/a; different protocol,n/a; different protocol,n/a; different protocol,n/a; different protocol,n/a; no retained timing receipt,n/a; no retained timing receipt,n/a; no retained timing receipt,n/a; no retained timing receipt,n/a; no retained timing receipt,1205.5856,1254.6044
tuning_pass2_transition_09_dlss_performance_to_dlss_ultra_performance_strict_ms,n/a; different protocol,n/a; different protocol,n/a; different protocol,n/a; different protocol,n/a; different protocol,n/a; different protocol,n/a; different protocol,n/a; different protocol,n/a; different protocol,n/a; different protocol,n/a; no retained timing receipt,n/a; no retained timing receipt,n/a; no retained timing receipt,n/a; no retained timing receipt,n/a; no retained timing receipt,1112.8246,1152.6807
tuning_pass2_transition_10_dlss_ultra_performance_to_dlaa_strict_ms,n/a; different protocol,n/a; different protocol,n/a; different protocol,n/a; different protocol,n/a; different protocol,n/a; different protocol,n/a; different protocol,n/a; different protocol,n/a; different protocol,n/a; different protocol,n/a; no retained timing receipt,n/a; no retained timing receipt,n/a; no retained timing receipt,n/a; no retained timing receipt,n/a; no retained timing receipt,729.9963,910.0292
tuning_pass2_transition_11_dlaa_to_taa_strict_ms,n/a; different protocol,n/a; different protocol,n/a; different protocol,n/a; different protocol,n/a; different protocol,n/a; different protocol,n/a; different protocol,n/a; different protocol,n/a; different protocol,n/a; different protocol,n/a; no retained timing receipt,n/a; no retained timing receipt,n/a; no retained timing receipt,n/a; no retained timing receipt,n/a; no retained timing receipt,431.6839,630.6716
tuning_pass2_transition_12_taa_to_none_strict_ms,n/a; different protocol,n/a; different protocol,n/a; different protocol,n/a; different protocol,n/a; different protocol,n/a; different protocol,n/a; different protocol,n/a; different protocol,n/a; different protocol,n/a; different protocol,n/a; no retained timing receipt,n/a; no retained timing receipt,n/a; no retained timing receipt,n/a; no retained timing receipt,n/a; no retained timing receipt,154.5059,173.3675
tuning_pass2_transition_13_none_to_fsr3_native_aa_strict_ms,n/a; different protocol,n/a; different protocol,n/a; different protocol,n/a; different protocol,n/a; different protocol,n/a; different protocol,n/a; different protocol,n/a; different protocol,n/a; different protocol,n/a; different protocol,n/a; no retained timing receipt,n/a; no retained timing receipt,n/a; no retained timing receipt,n/a; no retained timing receipt,n/a; no retained timing receipt,567.7943,599.4765
tuning_pass2_transition_14_fsr3_native_aa_to_fsr3_hoshipa_strict_ms,n/a; different protocol,n/a; different protocol,n/a; different protocol,n/a; different protocol,n/a; different protocol,n/a; different protocol,n/a; different protocol,n/a; different protocol,n/a; different protocol,n/a; different protocol,n/a; no retained timing receipt,n/a; no retained timing receipt,n/a; no retained timing receipt,n/a; no retained timing receipt,n/a; no retained timing receipt,1214.1112,1392.0515
tuning_pass2_transition_15_fsr3_hoshipa_to_fsr3_ultra_quality_strict_ms,n/a; different protocol,n/a; different protocol,n/a; different protocol,n/a; different protocol,n/a; different protocol,n/a; different protocol,n/a; different protocol,n/a; different protocol,n/a; different protocol,n/a; different protocol,n/a; no retained timing receipt,n/a; no retained timing receipt,n/a; no retained timing receipt,n/a; no retained timing receipt,n/a; no retained timing receipt,722.0153,741.3645
tuning_pass2_transition_16_fsr3_ultra_quality_to_fsr3_quality_strict_ms,n/a; different protocol,n/a; different protocol,n/a; different protocol,n/a; different protocol,n/a; different protocol,n/a; different protocol,n/a; different protocol,n/a; different protocol,n/a; different protocol,n/a; different protocol,n/a; no retained timing receipt,n/a; no retained timing receipt,n/a; no retained timing receipt,n/a; no retained timing receipt,n/a; no retained timing receipt,623.9094,777.1311
tuning_pass2_transition_17_fsr3_quality_to_fsr3_balanced_strict_ms,n/a; different protocol,n/a; different protocol,n/a; different protocol,n/a; different protocol,n/a; different protocol,n/a; different protocol,n/a; different protocol,n/a; different protocol,n/a; different protocol,n/a; different protocol,n/a; no retained timing receipt,n/a; no retained timing receipt,n/a; no retained timing receipt,n/a; no retained timing receipt,n/a; no retained timing receipt,699.3929,710.865
tuning_pass2_transition_18_fsr3_balanced_to_fsr3_performance_strict_ms,n/a; different protocol,n/a; different protocol,n/a; different protocol,n/a; different protocol,n/a; different protocol,n/a; different protocol,n/a; different protocol,n/a; different protocol,n/a; different protocol,n/a; different protocol,n/a; no retained timing receipt,n/a; no retained timing receipt,n/a; no retained timing receipt,n/a; no retained timing receipt,n/a; no retained timing receipt,670.1291,659.5173
tuning_pass2_transition_19_fsr3_performance_to_fsr3_ultra_performance_strict_ms,n/a; different protocol,n/a; different protocol,n/a; different protocol,n/a; different protocol,n/a; different protocol,n/a; different protocol,n/a; different protocol,n/a; different protocol,n/a; different protocol,n/a; different protocol,n/a; no retained timing receipt,n/a; no retained timing receipt,n/a; no retained timing receipt,n/a; no retained timing receipt,n/a; no retained timing receipt,698.4773,722.6907
tuning_pass2_transition_20_fsr3_ultra_performance_to_fsr3_native_aa_strict_ms,n/a; different protocol,n/a; different protocol,n/a; different protocol,n/a; different protocol,n/a; different protocol,n/a; different protocol,n/a; different protocol,n/a; different protocol,n/a; different protocol,n/a; different protocol,n/a; no retained timing receipt,n/a; no retained timing receipt,n/a; no retained timing receipt,n/a; no retained timing receipt,n/a; no retained timing receipt,643.8254,699.1456
tuning_pass2_transition_21_fsr3_native_aa_to_taa_strict_ms,n/a; different protocol,n/a; different protocol,n/a; different protocol,n/a; different protocol,n/a; different protocol,n/a; different protocol,n/a; different protocol,n/a; different protocol,n/a; different protocol,n/a; different protocol,n/a; no retained timing receipt,n/a; no retained timing receipt,n/a; no retained timing receipt,n/a; no retained timing receipt,n/a; no retained timing receipt,400.2979,436.1726
tuning_pass2_transition_22_taa_to_none_strict_ms,n/a; different protocol,n/a; different protocol,n/a; different protocol,n/a; different protocol,n/a; different protocol,n/a; different protocol,n/a; different protocol,n/a; different protocol,n/a; different protocol,n/a; different protocol,n/a; no retained timing receipt,n/a; no retained timing receipt,n/a; no retained timing receipt,n/a; no retained timing receipt,n/a; no retained timing receipt,154.9181,165.2887
tuning_pass2_transition_23_none_to_dlaa_strict_ms,n/a; different protocol,n/a; different protocol,n/a; different protocol,n/a; different protocol,n/a; different protocol,n/a; different protocol,n/a; different protocol,n/a; different protocol,n/a; different protocol,n/a; different protocol,n/a; no retained timing receipt,n/a; no retained timing receipt,n/a; no retained timing receipt,n/a; no retained timing receipt,n/a; no retained timing receipt,230.2187,281.9536
tuning_pass2_transition_24_dlaa_to_fsr3_native_aa_strict_ms,n/a; different protocol,n/a; different protocol,n/a; different protocol,n/a; different protocol,n/a; different protocol,n/a; different protocol,n/a; different protocol,n/a; different protocol,n/a; different protocol,n/a; different protocol,n/a; no retained timing receipt,n/a; no retained timing receipt,n/a; no retained timing receipt,n/a; no retained timing receipt,n/a; no retained timing receipt,1039.1842,1101.4935
tuning_pass2_transition_25_fsr3_native_aa_to_dlss_hoshipa_strict_ms,n/a; different protocol,n/a; different protocol,n/a; different protocol,n/a; different protocol,n/a; different protocol,n/a; different protocol,n/a; different protocol,n/a; different protocol,n/a; different protocol,n/a; different protocol,n/a; no retained timing receipt,n/a; no retained timing receipt,n/a; no retained timing receipt,n/a; no retained timing receipt,n/a; no retained timing receipt,1658.3524,2236.9897
tuning_pass2_transition_26_dlss_hoshipa_to_fsr3_hoshipa_strict_ms,n/a; different protocol,n/a; different protocol,n/a; different protocol,n/a; different protocol,n/a; different protocol,n/a; different protocol,n/a; different protocol,n/a; different protocol,n/a; different protocol,n/a; different protocol,n/a; no retained timing receipt,n/a; no retained timing receipt,n/a; no retained timing receipt,n/a; no retained timing receipt,n/a; no retained timing receipt,1227.9308,956.4867
tuning_pass2_transition_27_fsr3_hoshipa_to_none_strict_ms,n/a; different protocol,n/a; different protocol,n/a; different protocol,n/a; different protocol,n/a; different protocol,n/a; different protocol,n/a; different protocol,n/a; different protocol,n/a; different protocol,n/a; different protocol,n/a; no retained timing receipt,n/a; no retained timing receipt,n/a; no retained timing receipt,n/a; no retained timing receipt,n/a; no retained timing receipt,696.9515,798.9611
tuning_pass2_transition_28_none_to_fsr3_ultra_performance_strict_ms,n/a; different protocol,n/a; different protocol,n/a; different protocol,n/a; different protocol,n/a; different protocol,n/a; different protocol,n/a; different protocol,n/a; different protocol,n/a; different protocol,n/a; different protocol,n/a; no retained timing receipt,n/a; no retained timing receipt,n/a; no retained timing receipt,n/a; no retained timing receipt,n/a; no retained timing receipt,842.9206,954.8728
tuning_pass2_transition_29_fsr3_ultra_performance_to_dlss_ultra_performance_strict_ms,n/a; different protocol,n/a; different protocol,n/a; different protocol,n/a; different protocol,n/a; different protocol,n/a; different protocol,n/a; different protocol,n/a; different protocol,n/a; different protocol,n/a; different protocol,n/a; no retained timing receipt,n/a; no retained timing receipt,n/a; no retained timing receipt,n/a; no retained timing receipt,n/a; no retained timing receipt,1330.0586,2025.44
tuning_pass2_transition_30_dlss_ultra_performance_to_taa_strict_ms,n/a; different protocol,n/a; different protocol,n/a; different protocol,n/a; different protocol,n/a; different protocol,n/a; different protocol,n/a; different protocol,n/a; different protocol,n/a; different protocol,n/a; different protocol,n/a; no retained timing receipt,n/a; no retained timing receipt,n/a; no retained timing receipt,n/a; no retained timing receipt,n/a; no retained timing receipt,618.367,787.2844
tuning_pass2_transition_31_taa_to_fsr3_native_aa_strict_ms,n/a; different protocol,n/a; different protocol,n/a; different protocol,n/a; different protocol,n/a; different protocol,n/a; different protocol,n/a; different protocol,n/a; different protocol,n/a; different protocol,n/a; different protocol,n/a; no retained timing receipt,n/a; no retained timing receipt,n/a; no retained timing receipt,n/a; no retained timing receipt,n/a; no retained timing receipt,697.9045,653.4656
tuning_pass2_transition_32_fsr3_native_aa_to_none_strict_ms,n/a; different protocol,n/a; different protocol,n/a; different protocol,n/a; different protocol,n/a; different protocol,n/a; different protocol,n/a; different protocol,n/a; different protocol,n/a; different protocol,n/a; different protocol,n/a; no retained timing receipt,n/a; no retained timing receipt,n/a; no retained timing receipt,n/a; no retained timing receipt,n/a; no retained timing receipt,412.4201,522.4237
tuning_pass2_transition_33_none_to_dlaa_strict_ms,n/a; different protocol,n/a; different protocol,n/a; different protocol,n/a; different protocol,n/a; different protocol,n/a; different protocol,n/a; different protocol,n/a; different protocol,n/a; different protocol,n/a; different protocol,n/a; no retained timing receipt,n/a; no retained timing receipt,n/a; no retained timing receipt,n/a; no retained timing receipt,n/a; no retained timing receipt,235.0208,291.1167
tuning_pass1_transition_01_dlss_hoshipa_to_none_presentation_ms,n/a; historical extraction not performed,n/a; historical extraction not performed,n/a; historical extraction not performed,n/a; historical extraction not performed,n/a; historical extraction not performed,n/a; historical extraction not performed,n/a; historical extraction not performed,n/a; historical extraction not performed,n/a; historical extraction not performed,n/a; historical extraction not performed,n/a; historical extraction not performed,n/a; historical extraction not performed,n/a; historical extraction not performed,n/a; historical extraction not performed,n/a; historical extraction not performed,501.2938,526.9989
tuning_pass1_transition_01_dlss_hoshipa_to_none_cleanup_ms,n/a; historical extraction not performed,n/a; historical extraction not performed,n/a; historical extraction not performed,n/a; historical extraction not performed,n/a; historical extraction not performed,n/a; historical extraction not performed,n/a; historical extraction not performed,n/a; historical extraction not performed,n/a; historical extraction not performed,n/a; historical extraction not performed,n/a; historical extraction not performed,n/a; historical extraction not performed,n/a; historical extraction not performed,n/a; historical extraction not performed,n/a; historical extraction not performed,669.5,696.3014
tuning_pass1_transition_01_dlss_hoshipa_to_none_cleanup_tail_ms,n/a; historical extraction not performed,n/a; historical extraction not performed,n/a; historical extraction not performed,n/a; historical extraction not performed,n/a; historical extraction not performed,n/a; historical extraction not performed,n/a; historical extraction not performed,n/a; historical extraction not performed,n/a; historical extraction not performed,n/a; historical extraction not performed,n/a; historical extraction not performed,n/a; historical extraction not performed,n/a; historical extraction not performed,n/a; historical extraction not performed,n/a; historical extraction not performed,168.2062,169.3025
tuning_pass1_transition_01_dlss_hoshipa_to_none_strict_frames,n/a; historical extraction not performed,n/a; historical extraction not performed,n/a; historical extraction not performed,n/a; historical extraction not performed,n/a; historical extraction not performed,n/a; historical extraction not performed,n/a; historical extraction not performed,n/a; historical extraction not performed,n/a; historical extraction not performed,n/a; historical extraction not performed,n/a; historical extraction not performed,n/a; historical extraction not performed,n/a; historical extraction not performed,n/a; historical extraction not performed,n/a; historical extraction not performed,15,16
tuning_pass1_transition_01_dlss_hoshipa_to_none_dispatch_qpc_tick,n/a; historical extraction not performed,n/a; historical extraction not performed,n/a; historical extraction not performed,n/a; historical extraction not performed,n/a; historical extraction not performed,n/a; historical extraction not performed,n/a; historical extraction not performed,n/a; historical extraction not performed,n/a; historical extraction not performed,n/a; historical extraction not performed,n/a; historical extraction not performed,n/a; historical extraction not performed,n/a; historical extraction not performed,n/a; historical extraction not performed,n/a; historical extraction not performed,436666352326,500843795697
tuning_pass1_transition_01_dlss_hoshipa_to_none_strict_qpc_tick,n/a; historical extraction not performed,n/a; historical extraction not performed,n/a; historical extraction not performed,n/a; historical extraction not performed,n/a; historical extraction not performed,n/a; historical extraction not performed,n/a; historical extraction not performed,n/a; historical extraction not performed,n/a; historical extraction not performed,n/a; historical extraction not performed,n/a; historical extraction not performed,n/a; historical extraction not performed,n/a; historical extraction not performed,n/a; historical extraction not performed,n/a; historical extraction not performed,436673047326,500850758711
tuning_pass1_transition_01_dlss_hoshipa_to_none_qpc_frequency_hz,n/a; historical extraction not performed,n/a; historical extraction not performed,n/a; historical extraction not performed,n/a; historical extraction not performed,n/a; historical extraction not performed,n/a; historical extraction not performed,n/a; historical extraction not performed,n/a; historical extraction not performed,n/a; historical extraction not performed,n/a; historical extraction not performed,n/a; historical extraction not performed,n/a; historical extraction not performed,n/a; historical extraction not performed,n/a; historical extraction not performed,n/a; historical extraction not performed,10000000,10000000
tuning_pass1_transition_02_none_to_taa_presentation_ms,n/a; historical extraction not performed,n/a; historical extraction not performed,n/a; historical extraction not performed,n/a; historical extraction not performed,n/a; historical extraction not performed,n/a; historical extraction not performed,n/a; historical extraction not performed,n/a; historical extraction not performed,n/a; historical extraction not performed,n/a; historical extraction not performed,n/a; historical extraction not performed,n/a; historical extraction not performed,n/a; historical extraction not performed,n/a; historical extraction not performed,n/a; historical extraction not performed,181.4987,163.7179
tuning_pass1_transition_02_none_to_taa_cleanup_ms,n/a; historical extraction not performed,n/a; historical extraction not performed,n/a; historical extraction not performed,n/a; historical extraction not performed,n/a; historical extraction not performed,n/a; historical extraction not performed,n/a; historical extraction not performed,n/a; historical extraction not performed,n/a; historical extraction not performed,n/a; historical extraction not performed,n/a; historical extraction not performed,n/a; historical extraction not performed,n/a; historical extraction not performed,n/a; historical extraction not performed,n/a; historical extraction not performed,181.4987,163.7179
tuning_pass1_transition_02_none_to_taa_cleanup_tail_ms,n/a; historical extraction not performed,n/a; historical extraction not performed,n/a; historical extraction not performed,n/a; historical extraction not performed,n/a; historical extraction not performed,n/a; historical extraction not performed,n/a; historical extraction not performed,n/a; historical extraction not performed,n/a; historical extraction not performed,n/a; historical extraction not performed,n/a; historical extraction not performed,n/a; historical extraction not performed,n/a; historical extraction not performed,n/a; historical extraction not performed,n/a; historical extraction not performed,0,0
tuning_pass1_transition_02_none_to_taa_strict_frames,n/a; historical extraction not performed,n/a; historical extraction not performed,n/a; historical extraction not performed,n/a; historical extraction not performed,n/a; historical extraction not performed,n/a; historical extraction not performed,n/a; historical extraction not performed,n/a; historical extraction not performed,n/a; historical extraction not performed,n/a; historical extraction not performed,n/a; historical extraction not performed,n/a; historical extraction not performed,n/a; historical extraction not performed,n/a; historical extraction not performed,n/a; historical extraction not performed,4,3
tuning_pass1_transition_02_none_to_taa_dispatch_qpc_tick,n/a; historical extraction not performed,n/a; historical extraction not performed,n/a; historical extraction not performed,n/a; historical extraction not performed,n/a; historical extraction not performed,n/a; historical extraction not performed,n/a; historical extraction not performed,n/a; historical extraction not performed,n/a; historical extraction not performed,n/a; historical extraction not performed,n/a; historical extraction not performed,n/a; historical extraction not performed,n/a; historical extraction not performed,n/a; historical extraction not performed,n/a; historical extraction not performed,436723843579,500901794254
tuning_pass1_transition_02_none_to_taa_strict_qpc_tick,n/a; historical extraction not performed,n/a; historical extraction not performed,n/a; historical extraction not performed,n/a; historical extraction not performed,n/a; historical extraction not performed,n/a; historical extraction not performed,n/a; historical extraction not performed,n/a; historical extraction not performed,n/a; historical extraction not performed,n/a; historical extraction not performed,n/a; historical extraction not performed,n/a; historical extraction not performed,n/a; historical extraction not performed,n/a; historical extraction not performed,n/a; historical extraction not performed,436725658566,500903431433
tuning_pass1_transition_02_none_to_taa_qpc_frequency_hz,n/a; historical extraction not performed,n/a; historical extraction not performed,n/a; historical extraction not performed,n/a; historical extraction not performed,n/a; historical extraction not performed,n/a; historical extraction not performed,n/a; historical extraction not performed,n/a; historical extraction not performed,n/a; historical extraction not performed,n/a; historical extraction not performed,n/a; historical extraction not performed,n/a; historical extraction not performed,n/a; historical extraction not performed,n/a; historical extraction not performed,n/a; historical extraction not performed,10000000,10000000
tuning_pass1_transition_03_taa_to_dlaa_presentation_ms,n/a; historical extraction not performed,n/a; historical extraction not performed,n/a; historical extraction not performed,n/a; historical extraction not performed,n/a; historical extraction not performed,n/a; historical extraction not performed,n/a; historical extraction not performed,n/a; historical extraction not performed,n/a; historical extraction not performed,n/a; historical extraction not performed,n/a; historical extraction not performed,n/a; historical extraction not performed,n/a; historical extraction not performed,n/a; historical extraction not performed,n/a; historical extraction not performed,289.8271,318.5174
tuning_pass1_transition_03_taa_to_dlaa_cleanup_ms,n/a; historical extraction not performed,n/a; historical extraction not performed,n/a; historical extraction not performed,n/a; historical extraction not performed,n/a; historical extraction not performed,n/a; historical extraction not performed,n/a; historical extraction not performed,n/a; historical extraction not performed,n/a; historical extraction not performed,n/a; historical extraction not performed,n/a; historical extraction not performed,n/a; historical extraction not performed,n/a; historical extraction not performed,n/a; historical extraction not performed,n/a; historical extraction not performed,289.8271,318.5174
tuning_pass1_transition_03_taa_to_dlaa_cleanup_tail_ms,n/a; historical extraction not performed,n/a; historical extraction not performed,n/a; historical extraction not performed,n/a; historical extraction not performed,n/a; historical extraction not performed,n/a; historical extraction not performed,n/a; historical extraction not performed,n/a; historical extraction not performed,n/a; historical extraction not performed,n/a; historical extraction not performed,n/a; historical extraction not performed,n/a; historical extraction not performed,n/a; historical extraction not performed,n/a; historical extraction not performed,n/a; historical extraction not performed,0,0
tuning_pass1_transition_03_taa_to_dlaa_strict_frames,n/a; historical extraction not performed,n/a; historical extraction not performed,n/a; historical extraction not performed,n/a; historical extraction not performed,n/a; historical extraction not performed,n/a; historical extraction not performed,n/a; historical extraction not performed,n/a; historical extraction not performed,n/a; historical extraction not performed,n/a; historical extraction not performed,n/a; historical extraction not performed,n/a; historical extraction not performed,n/a; historical extraction not performed,n/a; historical extraction not performed,n/a; historical extraction not performed,5,5
tuning_pass1_transition_03_taa_to_dlaa_dispatch_qpc_tick,n/a; historical extraction not performed,n/a; historical extraction not performed,n/a; historical extraction not performed,n/a; historical extraction not performed,n/a; historical extraction not performed,n/a; historical extraction not performed,n/a; historical extraction not performed,n/a; historical extraction not performed,n/a; historical extraction not performed,n/a; historical extraction not performed,n/a; historical extraction not performed,n/a; historical extraction not performed,n/a; historical extraction not performed,n/a; historical extraction not performed,n/a; historical extraction not performed,436776562687,500954299907
tuning_pass1_transition_03_taa_to_dlaa_strict_qpc_tick,n/a; historical extraction not performed,n/a; historical extraction not performed,n/a; historical extraction not performed,n/a; historical extraction not performed,n/a; historical extraction not performed,n/a; historical extraction not performed,n/a; historical extraction not performed,n/a; historical extraction not performed,n/a; historical extraction not performed,n/a; historical extraction not performed,n/a; historical extraction not performed,n/a; historical extraction not performed,n/a; historical extraction not performed,n/a; historical extraction not performed,n/a; historical extraction not performed,436779460958,500957485081
tuning_pass1_transition_03_taa_to_dlaa_qpc_frequency_hz,n/a; historical extraction not performed,n/a; historical extraction not performed,n/a; historical extraction not performed,n/a; historical extraction not performed,n/a; historical extraction not performed,n/a; historical extraction not performed,n/a; historical extraction not performed,n/a; historical extraction not performed,n/a; historical extraction not performed,n/a; historical extraction not performed,n/a; historical extraction not performed,n/a; historical extraction not performed,n/a; historical extraction not performed,n/a; historical extraction not performed,n/a; historical extraction not performed,10000000,10000000
tuning_pass1_transition_04_dlaa_to_dlss_hoshipa_presentation_ms,n/a; historical extraction not performed,n/a; historical extraction not performed,n/a; historical extraction not performed,n/a; historical extraction not performed,n/a; historical extraction not performed,n/a; historical extraction not performed,n/a; historical extraction not performed,n/a; historical extraction not performed,n/a; historical extraction not performed,n/a; historical extraction not performed,n/a; historical extraction not performed,n/a; historical extraction not performed,n/a; historical extraction not performed,n/a; historical extraction not performed,n/a; historical extraction not performed,695.179,760.0832
tuning_pass1_transition_04_dlaa_to_dlss_hoshipa_cleanup_ms,n/a; historical extraction not performed,n/a; historical extraction not performed,n/a; historical extraction not performed,n/a; historical extraction not performed,n/a; historical extraction not performed,n/a; historical extraction not performed,n/a; historical extraction not performed,n/a; historical extraction not performed,n/a; historical extraction not performed,n/a; historical extraction not performed,n/a; historical extraction not performed,n/a; historical extraction not performed,n/a; historical extraction not performed,n/a; historical extraction not performed,n/a; historical extraction not performed,836.9018,897.3062
tuning_pass1_transition_04_dlaa_to_dlss_hoshipa_cleanup_tail_ms,n/a; historical extraction not performed,n/a; historical extraction not performed,n/a; historical extraction not performed,n/a; historical extraction not performed,n/a; historical extraction not performed,n/a; historical extraction not performed,n/a; historical extraction not performed,n/a; historical extraction not performed,n/a; historical extraction not performed,n/a; historical extraction not performed,n/a; historical extraction not performed,n/a; historical extraction not performed,n/a; historical extraction not performed,n/a; historical extraction not performed,n/a; historical extraction not performed,141.7228,137.223
tuning_pass1_transition_04_dlaa_to_dlss_hoshipa_strict_frames,n/a; historical extraction not performed,n/a; historical extraction not performed,n/a; historical extraction not performed,n/a; historical extraction not performed,n/a; historical extraction not performed,n/a; historical extraction not performed,n/a; historical extraction not performed,n/a; historical extraction not performed,n/a; historical extraction not performed,n/a; historical extraction not performed,n/a; historical extraction not performed,n/a; historical extraction not performed,n/a; historical extraction not performed,n/a; historical extraction not performed,n/a; historical extraction not performed,17,17
tuning_pass1_transition_04_dlaa_to_dlss_hoshipa_dispatch_qpc_tick,n/a; historical extraction not performed,n/a; historical extraction not performed,n/a; historical extraction not performed,n/a; historical extraction not performed,n/a; historical extraction not performed,n/a; historical extraction not performed,n/a; historical extraction not performed,n/a; historical extraction not performed,n/a; historical extraction not performed,n/a; historical extraction not performed,n/a; historical extraction not performed,n/a; historical extraction not performed,n/a; historical extraction not performed,n/a; historical extraction not performed,n/a; historical extraction not performed,436830488766,501008802706
tuning_pass1_transition_04_dlaa_to_dlss_hoshipa_strict_qpc_tick,n/a; historical extraction not performed,n/a; historical extraction not performed,n/a; historical extraction not performed,n/a; historical extraction not performed,n/a; historical extraction not performed,n/a; historical extraction not performed,n/a; historical extraction not performed,n/a; historical extraction not performed,n/a; historical extraction not performed,n/a; historical extraction not performed,n/a; historical extraction not performed,n/a; historical extraction not performed,n/a; historical extraction not performed,n/a; historical extraction not performed,n/a; historical extraction not performed,436839694413,501018644472
tuning_pass1_transition_04_dlaa_to_dlss_hoshipa_qpc_frequency_hz,n/a; historical extraction not performed,n/a; historical extraction not performed,n/a; historical extraction not performed,n/a; historical extraction not performed,n/a; historical extraction not performed,n/a; historical extraction not performed,n/a; historical extraction not performed,n/a; historical extraction not performed,n/a; historical extraction not performed,n/a; historical extraction not performed,n/a; historical extraction not performed,n/a; historical extraction not performed,n/a; historical extraction not performed,n/a; historical extraction not performed,n/a; historical extraction not performed,10000000,10000000
tuning_pass1_transition_05_dlss_hoshipa_to_dlss_ultra_quality_presentation_ms,n/a; historical extraction not performed,n/a; historical extraction not performed,n/a; historical extraction not performed,n/a; historical extraction not performed,n/a; historical extraction not performed,n/a; historical extraction not performed,n/a; historical extraction not performed,n/a; historical extraction not performed,n/a; historical extraction not performed,n/a; historical extraction not performed,n/a; historical extraction not performed,n/a; historical extraction not performed,n/a; historical extraction not performed,n/a; historical extraction not performed,n/a; historical extraction not performed,768.274,930.5338
tuning_pass1_transition_05_dlss_hoshipa_to_dlss_ultra_quality_cleanup_ms,n/a; historical extraction not performed,n/a; historical extraction not performed,n/a; historical extraction not performed,n/a; historical extraction not performed,n/a; historical extraction not performed,n/a; historical extraction not performed,n/a; historical extraction not performed,n/a; historical extraction not performed,n/a; historical extraction not performed,n/a; historical extraction not performed,n/a; historical extraction not performed,n/a; historical extraction not performed,n/a; historical extraction not performed,n/a; historical extraction not performed,n/a; historical extraction not performed,896.3035,1055.5073
tuning_pass1_transition_05_dlss_hoshipa_to_dlss_ultra_quality_cleanup_tail_ms,n/a; historical extraction not performed,n/a; historical extraction not performed,n/a; historical extraction not performed,n/a; historical extraction not performed,n/a; historical extraction not performed,n/a; historical extraction not performed,n/a; historical extraction not performed,n/a; historical extraction not performed,n/a; historical extraction not performed,n/a; historical extraction not performed,n/a; historical extraction not performed,n/a; historical extraction not performed,n/a; historical extraction not performed,n/a; historical extraction not performed,n/a; historical extraction not performed,128.0295,124.9735
tuning_pass1_transition_05_dlss_hoshipa_to_dlss_ultra_quality_strict_frames,n/a; historical extraction not performed,n/a; historical extraction not performed,n/a; historical extraction not performed,n/a; historical extraction not performed,n/a; historical extraction not performed,n/a; historical extraction not performed,n/a; historical extraction not performed,n/a; historical extraction not performed,n/a; historical extraction not performed,n/a; historical extraction not performed,n/a; historical extraction not performed,n/a; historical extraction not performed,n/a; historical extraction not performed,n/a; historical extraction not performed,n/a; historical extraction not performed,19,18
tuning_pass1_transition_05_dlss_hoshipa_to_dlss_ultra_quality_dispatch_qpc_tick,n/a; historical extraction not performed,n/a; historical extraction not performed,n/a; historical extraction not performed,n/a; historical extraction not performed,n/a; historical extraction not performed,n/a; historical extraction not performed,n/a; historical extraction not performed,n/a; historical extraction not performed,n/a; historical extraction not performed,n/a; historical extraction not performed,n/a; historical extraction not performed,n/a; historical extraction not performed,n/a; historical extraction not performed,n/a; historical extraction not performed,n/a; historical extraction not performed,436891094664,501069805791
tuning_pass1_transition_05_dlss_hoshipa_to_dlss_ultra_quality_strict_qpc_tick,n/a; historical extraction not performed,n/a; historical extraction not performed,n/a; historical extraction not performed,n/a; historical extraction not performed,n/a; historical extraction not performed,n/a; historical extraction not performed,n/a; historical extraction not performed,n/a; historical extraction not performed,n/a; historical extraction not performed,n/a; historical extraction not performed,n/a; historical extraction not performed,n/a; historical extraction not performed,n/a; historical extraction not performed,n/a; historical extraction not performed,n/a; historical extraction not performed,436900912593,501081160676
tuning_pass1_transition_05_dlss_hoshipa_to_dlss_ultra_quality_qpc_frequency_hz,n/a; historical extraction not performed,n/a; historical extraction not performed,n/a; historical extraction not performed,n/a; historical extraction not performed,n/a; historical extraction not performed,n/a; historical extraction not performed,n/a; historical extraction not performed,n/a; historical extraction not performed,n/a; historical extraction not performed,n/a; historical extraction not performed,n/a; historical extraction not performed,n/a; historical extraction not performed,n/a; historical extraction not performed,n/a; historical extraction not performed,n/a; historical extraction not performed,10000000,10000000
tuning_pass1_transition_06_dlss_ultra_quality_to_dlss_quality_presentation_ms,n/a; historical extraction not performed,n/a; historical extraction not performed,n/a; historical extraction not performed,n/a; historical extraction not performed,n/a; historical extraction not performed,n/a; historical extraction not performed,n/a; historical extraction not performed,n/a; historical extraction not performed,n/a; historical extraction not performed,n/a; historical extraction not performed,n/a; historical extraction not performed,n/a; historical extraction not performed,n/a; historical extraction not performed,n/a; historical extraction not performed,n/a; historical extraction not performed,898.5837,994.3974
tuning_pass1_transition_06_dlss_ultra_quality_to_dlss_quality_cleanup_ms,n/a; historical extraction not performed,n/a; historical extraction not performed,n/a; historical extraction not performed,n/a; historical extraction not performed,n/a; historical extraction not performed,n/a; historical extraction not performed,n/a; historical extraction not performed,n/a; historical extraction not performed,n/a; historical extraction not performed,n/a; historical extraction not performed,n/a; historical extraction not performed,n/a; historical extraction not performed,n/a; historical extraction not performed,n/a; historical extraction not performed,n/a; historical extraction not performed,1017.6697,1122.3833
tuning_pass1_transition_06_dlss_ultra_quality_to_dlss_quality_cleanup_tail_ms,n/a; historical extraction not performed,n/a; historical extraction not performed,n/a; historical extraction not performed,n/a; historical extraction not performed,n/a; historical extraction not performed,n/a; historical extraction not performed,n/a; historical extraction not performed,n/a; historical extraction not performed,n/a; historical extraction not performed,n/a; historical extraction not performed,n/a; historical extraction not performed,n/a; historical extraction not performed,n/a; historical extraction not performed,n/a; historical extraction not performed,n/a; historical extraction not performed,119.086,127.9859
tuning_pass1_transition_06_dlss_ultra_quality_to_dlss_quality_strict_frames,n/a; historical extraction not performed,n/a; historical extraction not performed,n/a; historical extraction not performed,n/a; historical extraction not performed,n/a; historical extraction not performed,n/a; historical extraction not performed,n/a; historical extraction not performed,n/a; historical extraction not performed,n/a; historical extraction not performed,n/a; historical extraction not performed,n/a; historical extraction not performed,n/a; historical extraction not performed,n/a; historical extraction not performed,n/a; historical extraction not performed,n/a; historical extraction not performed,23,22
tuning_pass1_transition_06_dlss_ultra_quality_to_dlss_quality_dispatch_qpc_tick,n/a; historical extraction not performed,n/a; historical extraction not performed,n/a; historical extraction not performed,n/a; historical extraction not performed,n/a; historical extraction not performed,n/a; historical extraction not performed,n/a; historical extraction not performed,n/a; historical extraction not performed,n/a; historical extraction not performed,n/a; historical extraction not performed,n/a; historical extraction not performed,n/a; historical extraction not performed,n/a; historical extraction not performed,n/a; historical extraction not performed,n/a; historical extraction not performed,436952188751,501132318015
tuning_pass1_transition_06_dlss_ultra_quality_to_dlss_quality_strict_qpc_tick,n/a; historical extraction not performed,n/a; historical extraction not performed,n/a; historical extraction not performed,n/a; historical extraction not performed,n/a; historical extraction not performed,n/a; historical extraction not performed,n/a; historical extraction not performed,n/a; historical extraction not performed,n/a; historical extraction not performed,n/a; historical extraction not performed,n/a; historical extraction not performed,n/a; historical extraction not performed,n/a; historical extraction not performed,n/a; historical extraction not performed,n/a; historical extraction not performed,436963185663,501144384021
tuning_pass1_transition_06_dlss_ultra_quality_to_dlss_quality_qpc_frequency_hz,n/a; historical extraction not performed,n/a; historical extraction not performed,n/a; historical extraction not performed,n/a; historical extraction not performed,n/a; historical extraction not performed,n/a; historical extraction not performed,n/a; historical extraction not performed,n/a; historical extraction not performed,n/a; historical extraction not performed,n/a; historical extraction not performed,n/a; historical extraction not performed,n/a; historical extraction not performed,n/a; historical extraction not performed,n/a; historical extraction not performed,n/a; historical extraction not performed,10000000,10000000
tuning_pass1_transition_07_dlss_quality_to_dlss_balanced_presentation_ms,n/a; historical extraction not performed,n/a; historical extraction not performed,n/a; historical extraction not performed,n/a; historical extraction not performed,n/a; historical extraction not performed,n/a; historical extraction not performed,n/a; historical extraction not performed,n/a; historical extraction not performed,n/a; historical extraction not performed,n/a; historical extraction not performed,n/a; historical extraction not performed,n/a; historical extraction not performed,n/a; historical extraction not performed,n/a; historical extraction not performed,n/a; historical extraction not performed,1184.4145,1071.2363
tuning_pass1_transition_07_dlss_quality_to_dlss_balanced_cleanup_ms,n/a; historical extraction not performed,n/a; historical extraction not performed,n/a; historical extraction not performed,n/a; historical extraction not performed,n/a; historical extraction not performed,n/a; historical extraction not performed,n/a; historical extraction not performed,n/a; historical extraction not performed,n/a; historical extraction not performed,n/a; historical extraction not performed,n/a; historical extraction not performed,n/a; historical extraction not performed,n/a; historical extraction not performed,n/a; historical extraction not performed,n/a; historical extraction not performed,1309.0148,1200.5275
tuning_pass1_transition_07_dlss_quality_to_dlss_balanced_cleanup_tail_ms,n/a; historical extraction not performed,n/a; historical extraction not performed,n/a; historical extraction not performed,n/a; historical extraction not performed,n/a; historical extraction not performed,n/a; historical extraction not performed,n/a; historical extraction not performed,n/a; historical extraction not performed,n/a; historical extraction not performed,n/a; historical extraction not performed,n/a; historical extraction not performed,n/a; historical extraction not performed,n/a; historical extraction not performed,n/a; historical extraction not performed,n/a; historical extraction not performed,124.6003,129.2912
tuning_pass1_transition_07_dlss_quality_to_dlss_balanced_strict_frames,n/a; historical extraction not performed,n/a; historical extraction not performed,n/a; historical extraction not performed,n/a; historical extraction not performed,n/a; historical extraction not performed,n/a; historical extraction not performed,n/a; historical extraction not performed,n/a; historical extraction not performed,n/a; historical extraction not performed,n/a; historical extraction not performed,n/a; historical extraction not performed,n/a; historical extraction not performed,n/a; historical extraction not performed,n/a; historical extraction not performed,n/a; historical extraction not performed,22,22
tuning_pass1_transition_07_dlss_quality_to_dlss_balanced_dispatch_qpc_tick,n/a; historical extraction not performed,n/a; historical extraction not performed,n/a; historical extraction not performed,n/a; historical extraction not performed,n/a; historical extraction not performed,n/a; historical extraction not performed,n/a; historical extraction not performed,n/a; historical extraction not performed,n/a; historical extraction not performed,n/a; historical extraction not performed,n/a; historical extraction not performed,n/a; historical extraction not performed,n/a; historical extraction not performed,n/a; historical extraction not performed,n/a; historical extraction not performed,437014624661,501195699725
tuning_pass1_transition_07_dlss_quality_to_dlss_balanced_strict_qpc_tick,n/a; historical extraction not performed,n/a; historical extraction not performed,n/a; historical extraction not performed,n/a; historical extraction not performed,n/a; historical extraction not performed,n/a; historical extraction not performed,n/a; historical extraction not performed,n/a; historical extraction not performed,n/a; historical extraction not performed,n/a; historical extraction not performed,n/a; historical extraction not performed,n/a; historical extraction not performed,n/a; historical extraction not performed,n/a; historical extraction not performed,n/a; historical extraction not performed,437028547848,501208517615
tuning_pass1_transition_07_dlss_quality_to_dlss_balanced_qpc_frequency_hz,n/a; historical extraction not performed,n/a; historical extraction not performed,n/a; historical extraction not performed,n/a; historical extraction not performed,n/a; historical extraction not performed,n/a; historical extraction not performed,n/a; historical extraction not performed,n/a; historical extraction not performed,n/a; historical extraction not performed,n/a; historical extraction not performed,n/a; historical extraction not performed,n/a; historical extraction not performed,n/a; historical extraction not performed,n/a; historical extraction not performed,n/a; historical extraction not performed,10000000,10000000
tuning_pass1_transition_08_dlss_balanced_to_dlss_performance_presentation_ms,n/a; historical extraction not performed,n/a; historical extraction not performed,n/a; historical extraction not performed,n/a; historical extraction not performed,n/a; historical extraction not performed,n/a; historical extraction not performed,n/a; historical extraction not performed,n/a; historical extraction not performed,n/a; historical extraction not performed,n/a; historical extraction not performed,n/a; historical extraction not performed,n/a; historical extraction not performed,n/a; historical extraction not performed,n/a; historical extraction not performed,n/a; historical extraction not performed,1159.0173,1239.872
tuning_pass1_transition_08_dlss_balanced_to_dlss_performance_cleanup_ms,n/a; historical extraction not performed,n/a; historical extraction not performed,n/a; historical extraction not performed,n/a; historical extraction not performed,n/a; historical extraction not performed,n/a; historical extraction not performed,n/a; historical extraction not performed,n/a; historical extraction not performed,n/a; historical extraction not performed,n/a; historical extraction not performed,n/a; historical extraction not performed,n/a; historical extraction not performed,n/a; historical extraction not performed,n/a; historical extraction not performed,n/a; historical extraction not performed,1256.318,1426.1292
tuning_pass1_transition_08_dlss_balanced_to_dlss_performance_cleanup_tail_ms,n/a; historical extraction not performed,n/a; historical extraction not performed,n/a; historical extraction not performed,n/a; historical extraction not performed,n/a; historical extraction not performed,n/a; historical extraction not performed,n/a; historical extraction not performed,n/a; historical extraction not performed,n/a; historical extraction not performed,n/a; historical extraction not performed,n/a; historical extraction not performed,n/a; historical extraction not performed,n/a; historical extraction not performed,n/a; historical extraction not performed,n/a; historical extraction not performed,97.3007,186.2572
tuning_pass1_transition_08_dlss_balanced_to_dlss_performance_strict_frames,n/a; historical extraction not performed,n/a; historical extraction not performed,n/a; historical extraction not performed,n/a; historical extraction not performed,n/a; historical extraction not performed,n/a; historical extraction not performed,n/a; historical extraction not performed,n/a; historical extraction not performed,n/a; historical extraction not performed,n/a; historical extraction not performed,n/a; historical extraction not performed,n/a; historical extraction not performed,n/a; historical extraction not performed,n/a; historical extraction not performed,n/a; historical extraction not performed,21,22
tuning_pass1_transition_08_dlss_balanced_to_dlss_performance_dispatch_qpc_tick,n/a; historical extraction not performed,n/a; historical extraction not performed,n/a; historical extraction not performed,n/a; historical extraction not performed,n/a; historical extraction not performed,n/a; historical extraction not performed,n/a; historical extraction not performed,n/a; historical extraction not performed,n/a; historical extraction not performed,n/a; historical extraction not performed,n/a; historical extraction not performed,n/a; historical extraction not performed,n/a; historical extraction not performed,n/a; historical extraction not performed,n/a; historical extraction not performed,437079937282,501259870493
tuning_pass1_transition_08_dlss_balanced_to_dlss_performance_strict_qpc_tick,n/a; historical extraction not performed,n/a; historical extraction not performed,n/a; historical extraction not performed,n/a; historical extraction not performed,n/a; historical extraction not performed,n/a; historical extraction not performed,n/a; historical extraction not performed,n/a; historical extraction not performed,n/a; historical extraction not performed,n/a; historical extraction not performed,n/a; historical extraction not performed,n/a; historical extraction not performed,n/a; historical extraction not performed,n/a; historical extraction not performed,n/a; historical extraction not performed,437093374803,501275293055
tuning_pass1_transition_08_dlss_balanced_to_dlss_performance_qpc_frequency_hz,n/a; historical extraction not performed,n/a; historical extraction not performed,n/a; historical extraction not performed,n/a; historical extraction not performed,n/a; historical extraction not performed,n/a; historical extraction not performed,n/a; historical extraction not performed,n/a; historical extraction not performed,n/a; historical extraction not performed,n/a; historical extraction not performed,n/a; historical extraction not performed,n/a; historical extraction not performed,n/a; historical extraction not performed,n/a; historical extraction not performed,n/a; historical extraction not performed,10000000,10000000
tuning_pass1_transition_09_dlss_performance_to_dlss_ultra_performance_presentation_ms,n/a; historical extraction not performed,n/a; historical extraction not performed,n/a; historical extraction not performed,n/a; historical extraction not performed,n/a; historical extraction not performed,n/a; historical extraction not performed,n/a; historical extraction not performed,n/a; historical extraction not performed,n/a; historical extraction not performed,n/a; historical extraction not performed,n/a; historical extraction not performed,n/a; historical extraction not performed,n/a; historical extraction not performed,n/a; historical extraction not performed,n/a; historical extraction not performed,1000.3317,1104.8079
tuning_pass1_transition_09_dlss_performance_to_dlss_ultra_performance_cleanup_ms,n/a; historical extraction not performed,n/a; historical extraction not performed,n/a; historical extraction not performed,n/a; historical extraction not performed,n/a; historical extraction not performed,n/a; historical extraction not performed,n/a; historical extraction not performed,n/a; historical extraction not performed,n/a; historical extraction not performed,n/a; historical extraction not performed,n/a; historical extraction not performed,n/a; historical extraction not performed,n/a; historical extraction not performed,n/a; historical extraction not performed,n/a; historical extraction not performed,1134.9999,1278.0036
tuning_pass1_transition_09_dlss_performance_to_dlss_ultra_performance_cleanup_tail_ms,n/a; historical extraction not performed,n/a; historical extraction not performed,n/a; historical extraction not performed,n/a; historical extraction not performed,n/a; historical extraction not performed,n/a; historical extraction not performed,n/a; historical extraction not performed,n/a; historical extraction not performed,n/a; historical extraction not performed,n/a; historical extraction not performed,n/a; historical extraction not performed,n/a; historical extraction not performed,n/a; historical extraction not performed,n/a; historical extraction not performed,n/a; historical extraction not performed,134.6682,173.1957
tuning_pass1_transition_09_dlss_performance_to_dlss_ultra_performance_strict_frames,n/a; historical extraction not performed,n/a; historical extraction not performed,n/a; historical extraction not performed,n/a; historical extraction not performed,n/a; historical extraction not performed,n/a; historical extraction not performed,n/a; historical extraction not performed,n/a; historical extraction not performed,n/a; historical extraction not performed,n/a; historical extraction not performed,n/a; historical extraction not performed,n/a; historical extraction not performed,n/a; historical extraction not performed,n/a; historical extraction not performed,n/a; historical extraction not performed,21,22
tuning_pass1_transition_09_dlss_performance_to_dlss_ultra_performance_dispatch_qpc_tick,n/a; historical extraction not performed,n/a; historical extraction not performed,n/a; historical extraction not performed,n/a; historical extraction not performed,n/a; historical extraction not performed,n/a; historical extraction not performed,n/a; historical extraction not performed,n/a; historical extraction not performed,n/a; historical extraction not performed,n/a; historical extraction not performed,n/a; historical extraction not performed,n/a; historical extraction not performed,n/a; historical extraction not performed,n/a; historical extraction not performed,n/a; historical extraction not performed,437144857888,501327181506
tuning_pass1_transition_09_dlss_performance_to_dlss_ultra_performance_strict_qpc_tick,n/a; historical extraction not performed,n/a; historical extraction not performed,n/a; historical extraction not performed,n/a; historical extraction not performed,n/a; historical extraction not performed,n/a; historical extraction not performed,n/a; historical extraction not performed,n/a; historical extraction not performed,n/a; historical extraction not performed,n/a; historical extraction not performed,n/a; historical extraction not performed,n/a; historical extraction not performed,n/a; historical extraction not performed,n/a; historical extraction not performed,n/a; historical extraction not performed,437157077616,501340932078
tuning_pass1_transition_09_dlss_performance_to_dlss_ultra_performance_qpc_frequency_hz,n/a; historical extraction not performed,n/a; historical extraction not performed,n/a; historical extraction not performed,n/a; historical extraction not performed,n/a; historical extraction not performed,n/a; historical extraction not performed,n/a; historical extraction not performed,n/a; historical extraction not performed,n/a; historical extraction not performed,n/a; historical extraction not performed,n/a; historical extraction not performed,n/a; historical extraction not performed,n/a; historical extraction not performed,n/a; historical extraction not performed,n/a; historical extraction not performed,10000000,10000000
tuning_pass1_transition_10_dlss_ultra_performance_to_dlaa_presentation_ms,n/a; historical extraction not performed,n/a; historical extraction not performed,n/a; historical extraction not performed,n/a; historical extraction not performed,n/a; historical extraction not performed,n/a; historical extraction not performed,n/a; historical extraction not performed,n/a; historical extraction not performed,n/a; historical extraction not performed,n/a; historical extraction not performed,n/a; historical extraction not performed,n/a; historical extraction not performed,n/a; historical extraction not performed,n/a; historical extraction not performed,n/a; historical extraction not performed,566.2337,718.0828
tuning_pass1_transition_10_dlss_ultra_performance_to_dlaa_cleanup_ms,n/a; historical extraction not performed,n/a; historical extraction not performed,n/a; historical extraction not performed,n/a; historical extraction not performed,n/a; historical extraction not performed,n/a; historical extraction not performed,n/a; historical extraction not performed,n/a; historical extraction not performed,n/a; historical extraction not performed,n/a; historical extraction not performed,n/a; historical extraction not performed,n/a; historical extraction not performed,n/a; historical extraction not performed,n/a; historical extraction not performed,n/a; historical extraction not performed,740.4535,896.8014
tuning_pass1_transition_10_dlss_ultra_performance_to_dlaa_cleanup_tail_ms,n/a; historical extraction not performed,n/a; historical extraction not performed,n/a; historical extraction not performed,n/a; historical extraction not performed,n/a; historical extraction not performed,n/a; historical extraction not performed,n/a; historical extraction not performed,n/a; historical extraction not performed,n/a; historical extraction not performed,n/a; historical extraction not performed,n/a; historical extraction not performed,n/a; historical extraction not performed,n/a; historical extraction not performed,n/a; historical extraction not performed,n/a; historical extraction not performed,174.2198,178.7186
tuning_pass1_transition_10_dlss_ultra_performance_to_dlaa_strict_frames,n/a; historical extraction not performed,n/a; historical extraction not performed,n/a; historical extraction not performed,n/a; historical extraction not performed,n/a; historical extraction not performed,n/a; historical extraction not performed,n/a; historical extraction not performed,n/a; historical extraction not performed,n/a; historical extraction not performed,n/a; historical extraction not performed,n/a; historical extraction not performed,n/a; historical extraction not performed,n/a; historical extraction not performed,n/a; historical extraction not performed,n/a; historical extraction not performed,14,15
tuning_pass1_transition_10_dlss_ultra_performance_to_dlaa_dispatch_qpc_tick,n/a; historical extraction not performed,n/a; historical extraction not performed,n/a; historical extraction not performed,n/a; historical extraction not performed,n/a; historical extraction not performed,n/a; historical extraction not performed,n/a; historical extraction not performed,n/a; historical extraction not performed,n/a; historical extraction not performed,n/a; historical extraction not performed,n/a; historical extraction not performed,n/a; historical extraction not performed,n/a; historical extraction not performed,n/a; historical extraction not performed,n/a; historical extraction not performed,437208261400,501392515925
tuning_pass1_transition_10_dlss_ultra_performance_to_dlaa_strict_qpc_tick,n/a; historical extraction not performed,n/a; historical extraction not performed,n/a; historical extraction not performed,n/a; historical extraction not performed,n/a; historical extraction not performed,n/a; historical extraction not performed,n/a; historical extraction not performed,n/a; historical extraction not performed,n/a; historical extraction not performed,n/a; historical extraction not performed,n/a; historical extraction not performed,n/a; historical extraction not performed,n/a; historical extraction not performed,n/a; historical extraction not performed,n/a; historical extraction not performed,437215665935,501401483939
tuning_pass1_transition_10_dlss_ultra_performance_to_dlaa_qpc_frequency_hz,n/a; historical extraction not performed,n/a; historical extraction not performed,n/a; historical extraction not performed,n/a; historical extraction not performed,n/a; historical extraction not performed,n/a; historical extraction not performed,n/a; historical extraction not performed,n/a; historical extraction not performed,n/a; historical extraction not performed,n/a; historical extraction not performed,n/a; historical extraction not performed,n/a; historical extraction not performed,n/a; historical extraction not performed,n/a; historical extraction not performed,n/a; historical extraction not performed,10000000,10000000
tuning_pass1_transition_11_dlaa_to_taa_presentation_ms,n/a; historical extraction not performed,n/a; historical extraction not performed,n/a; historical extraction not performed,n/a; historical extraction not performed,n/a; historical extraction not performed,n/a; historical extraction not performed,n/a; historical extraction not performed,n/a; historical extraction not performed,n/a; historical extraction not performed,n/a; historical extraction not performed,n/a; historical extraction not performed,n/a; historical extraction not performed,n/a; historical extraction not performed,n/a; historical extraction not performed,n/a; historical extraction not performed,195.9364,170.6212
tuning_pass1_transition_11_dlaa_to_taa_cleanup_ms,n/a; historical extraction not performed,n/a; historical extraction not performed,n/a; historical extraction not performed,n/a; historical extraction not performed,n/a; historical extraction not performed,n/a; historical extraction not performed,n/a; historical extraction not performed,n/a; historical extraction not performed,n/a; historical extraction not performed,n/a; historical extraction not performed,n/a; historical extraction not performed,n/a; historical extraction not performed,n/a; historical extraction not performed,n/a; historical extraction not performed,n/a; historical extraction not performed,486.2165,456.7497
tuning_pass1_transition_11_dlaa_to_taa_cleanup_tail_ms,n/a; historical extraction not performed,n/a; historical extraction not performed,n/a; historical extraction not performed,n/a; historical extraction not performed,n/a; historical extraction not performed,n/a; historical extraction not performed,n/a; historical extraction not performed,n/a; historical extraction not performed,n/a; historical extraction not performed,n/a; historical extraction not performed,n/a; historical extraction not performed,n/a; historical extraction not performed,n/a; historical extraction not performed,n/a; historical extraction not performed,n/a; historical extraction not performed,290.2801,286.1285
tuning_pass1_transition_11_dlaa_to_taa_strict_frames,n/a; historical extraction not performed,n/a; historical extraction not performed,n/a; historical extraction not performed,n/a; historical extraction not performed,n/a; historical extraction not performed,n/a; historical extraction not performed,n/a; historical extraction not performed,n/a; historical extraction not performed,n/a; historical extraction not performed,n/a; historical extraction not performed,n/a; historical extraction not performed,n/a; historical extraction not performed,n/a; historical extraction not performed,n/a; historical extraction not performed,n/a; historical extraction not performed,10,11
tuning_pass1_transition_11_dlaa_to_taa_dispatch_qpc_tick,n/a; historical extraction not performed,n/a; historical extraction not performed,n/a; historical extraction not performed,n/a; historical extraction not performed,n/a; historical extraction not performed,n/a; historical extraction not performed,n/a; historical extraction not performed,n/a; historical extraction not performed,n/a; historical extraction not performed,n/a; historical extraction not performed,n/a; historical extraction not performed,n/a; historical extraction not performed,n/a; historical extraction not performed,n/a; historical extraction not performed,n/a; historical extraction not performed,437266817690,501452775475
tuning_pass1_transition_11_dlaa_to_taa_strict_qpc_tick,n/a; historical extraction not performed,n/a; historical extraction not performed,n/a; historical extraction not performed,n/a; historical extraction not performed,n/a; historical extraction not performed,n/a; historical extraction not performed,n/a; historical extraction not performed,n/a; historical extraction not performed,n/a; historical extraction not performed,n/a; historical extraction not performed,n/a; historical extraction not performed,n/a; historical extraction not performed,n/a; historical extraction not performed,n/a; historical extraction not performed,n/a; historical extraction not performed,437271679855,501457342972
tuning_pass1_transition_11_dlaa_to_taa_qpc_frequency_hz,n/a; historical extraction not performed,n/a; historical extraction not performed,n/a; historical extraction not performed,n/a; historical extraction not performed,n/a; historical extraction not performed,n/a; historical extraction not performed,n/a; historical extraction not performed,n/a; historical extraction not performed,n/a; historical extraction not performed,n/a; historical extraction not performed,n/a; historical extraction not performed,n/a; historical extraction not performed,n/a; historical extraction not performed,n/a; historical extraction not performed,n/a; historical extraction not performed,10000000,10000000
tuning_pass1_transition_12_taa_to_none_presentation_ms,n/a; historical extraction not performed,n/a; historical extraction not performed,n/a; historical extraction not performed,n/a; historical extraction not performed,n/a; historical extraction not performed,n/a; historical extraction not performed,n/a; historical extraction not performed,n/a; historical extraction not performed,n/a; historical extraction not performed,n/a; historical extraction not performed,n/a; historical extraction not performed,n/a; historical extraction not performed,n/a; historical extraction not performed,n/a; historical extraction not performed,n/a; historical extraction not performed,155.0011,166.0658
tuning_pass1_transition_12_taa_to_none_cleanup_ms,n/a; historical extraction not performed,n/a; historical extraction not performed,n/a; historical extraction not performed,n/a; historical extraction not performed,n/a; historical extraction not performed,n/a; historical extraction not performed,n/a; historical extraction not performed,n/a; historical extraction not performed,n/a; historical extraction not performed,n/a; historical extraction not performed,n/a; historical extraction not performed,n/a; historical extraction not performed,n/a; historical extraction not performed,n/a; historical extraction not performed,n/a; historical extraction not performed,155.0011,166.0658
tuning_pass1_transition_12_taa_to_none_cleanup_tail_ms,n/a; historical extraction not performed,n/a; historical extraction not performed,n/a; historical extraction not performed,n/a; historical extraction not performed,n/a; historical extraction not performed,n/a; historical extraction not performed,n/a; historical extraction not performed,n/a; historical extraction not performed,n/a; historical extraction not performed,n/a; historical extraction not performed,n/a; historical extraction not performed,n/a; historical extraction not performed,n/a; historical extraction not performed,n/a; historical extraction not performed,n/a; historical extraction not performed,0,0
tuning_pass1_transition_12_taa_to_none_strict_frames,n/a; historical extraction not performed,n/a; historical extraction not performed,n/a; historical extraction not performed,n/a; historical extraction not performed,n/a; historical extraction not performed,n/a; historical extraction not performed,n/a; historical extraction not performed,n/a; historical extraction not performed,n/a; historical extraction not performed,n/a; historical extraction not performed,n/a; historical extraction not performed,n/a; historical extraction not performed,n/a; historical extraction not performed,n/a; historical extraction not performed,n/a; historical extraction not performed,4,4
tuning_pass1_transition_12_taa_to_none_dispatch_qpc_tick,n/a; historical extraction not performed,n/a; historical extraction not performed,n/a; historical extraction not performed,n/a; historical extraction not performed,n/a; historical extraction not performed,n/a; historical extraction not performed,n/a; historical extraction not performed,n/a; historical extraction not performed,n/a; historical extraction not performed,n/a; historical extraction not performed,n/a; historical extraction not performed,n/a; historical extraction not performed,n/a; historical extraction not performed,n/a; historical extraction not performed,n/a; historical extraction not performed,437322742514,501508287499
tuning_pass1_transition_12_taa_to_none_strict_qpc_tick,n/a; historical extraction not performed,n/a; historical extraction not performed,n/a; historical extraction not performed,n/a; historical extraction not performed,n/a; historical extraction not performed,n/a; historical extraction not performed,n/a; historical extraction not performed,n/a; historical extraction not performed,n/a; historical extraction not performed,n/a; historical extraction not performed,n/a; historical extraction not performed,n/a; historical extraction not performed,n/a; historical extraction not performed,n/a; historical extraction not performed,n/a; historical extraction not performed,437324292525,501509948157
tuning_pass1_transition_12_taa_to_none_qpc_frequency_hz,n/a; historical extraction not performed,n/a; historical extraction not performed,n/a; historical extraction not performed,n/a; historical extraction not performed,n/a; historical extraction not performed,n/a; historical extraction not performed,n/a; historical extraction not performed,n/a; historical extraction not performed,n/a; historical extraction not performed,n/a; historical extraction not performed,n/a; historical extraction not performed,n/a; historical extraction not performed,n/a; historical extraction not performed,n/a; historical extraction not performed,n/a; historical extraction not performed,10000000,10000000
tuning_pass1_transition_13_none_to_fsr3_native_aa_presentation_ms,n/a; historical extraction not performed,n/a; historical extraction not performed,n/a; historical extraction not performed,n/a; historical extraction not performed,n/a; historical extraction not performed,n/a; historical extraction not performed,n/a; historical extraction not performed,n/a; historical extraction not performed,n/a; historical extraction not performed,n/a; historical extraction not performed,n/a; historical extraction not performed,n/a; historical extraction not performed,n/a; historical extraction not performed,n/a; historical extraction not performed,n/a; historical extraction not performed,937.8894,783.9657
tuning_pass1_transition_13_none_to_fsr3_native_aa_cleanup_ms,n/a; historical extraction not performed,n/a; historical extraction not performed,n/a; historical extraction not performed,n/a; historical extraction not performed,n/a; historical extraction not performed,n/a; historical extraction not performed,n/a; historical extraction not performed,n/a; historical extraction not performed,n/a; historical extraction not performed,n/a; historical extraction not performed,n/a; historical extraction not performed,n/a; historical extraction not performed,n/a; historical extraction not performed,n/a; historical extraction not performed,n/a; historical extraction not performed,937.8894,783.9657
tuning_pass1_transition_13_none_to_fsr3_native_aa_cleanup_tail_ms,n/a; historical extraction not performed,n/a; historical extraction not performed,n/a; historical extraction not performed,n/a; historical extraction not performed,n/a; historical extraction not performed,n/a; historical extraction not performed,n/a; historical extraction not performed,n/a; historical extraction not performed,n/a; historical extraction not performed,n/a; historical extraction not performed,n/a; historical extraction not performed,n/a; historical extraction not performed,n/a; historical extraction not performed,n/a; historical extraction not performed,n/a; historical extraction not performed,0,0
tuning_pass1_transition_13_none_to_fsr3_native_aa_strict_frames,n/a; historical extraction not performed,n/a; historical extraction not performed,n/a; historical extraction not performed,n/a; historical extraction not performed,n/a; historical extraction not performed,n/a; historical extraction not performed,n/a; historical extraction not performed,n/a; historical extraction not performed,n/a; historical extraction not performed,n/a; historical extraction not performed,n/a; historical extraction not performed,n/a; historical extraction not performed,n/a; historical extraction not performed,n/a; historical extraction not performed,n/a; historical extraction not performed,11,10
tuning_pass1_transition_13_none_to_fsr3_native_aa_dispatch_qpc_tick,n/a; historical extraction not performed,n/a; historical extraction not performed,n/a; historical extraction not performed,n/a; historical extraction not performed,n/a; historical extraction not performed,n/a; historical extraction not performed,n/a; historical extraction not performed,n/a; historical extraction not performed,n/a; historical extraction not performed,n/a; historical extraction not performed,n/a; historical extraction not performed,n/a; historical extraction not performed,n/a; historical extraction not performed,n/a; historical extraction not performed,n/a; historical extraction not performed,437375293101,501561019720
tuning_pass1_transition_13_none_to_fsr3_native_aa_strict_qpc_tick,n/a; historical extraction not performed,n/a; historical extraction not performed,n/a; historical extraction not performed,n/a; historical extraction not performed,n/a; historical extraction not performed,n/a; historical extraction not performed,n/a; historical extraction not performed,n/a; historical extraction not performed,n/a; historical extraction not performed,n/a; historical extraction not performed,n/a; historical extraction not performed,n/a; historical extraction not performed,n/a; historical extraction not performed,n/a; historical extraction not performed,n/a; historical extraction not performed,437384671995,501568859377
tuning_pass1_transition_13_none_to_fsr3_native_aa_qpc_frequency_hz,n/a; historical extraction not performed,n/a; historical extraction not performed,n/a; historical extraction not performed,n/a; historical extraction not performed,n/a; historical extraction not performed,n/a; historical extraction not performed,n/a; historical extraction not performed,n/a; historical extraction not performed,n/a; historical extraction not performed,n/a; historical extraction not performed,n/a; historical extraction not performed,n/a; historical extraction not performed,n/a; historical extraction not performed,n/a; historical extraction not performed,n/a; historical extraction not performed,10000000,10000000
tuning_pass1_transition_14_fsr3_native_aa_to_fsr3_hoshipa_presentation_ms,n/a; historical extraction not performed,n/a; historical extraction not performed,n/a; historical extraction not performed,n/a; historical extraction not performed,n/a; historical extraction not performed,n/a; historical extraction not performed,n/a; historical extraction not performed,n/a; historical extraction not performed,n/a; historical extraction not performed,n/a; historical extraction not performed,n/a; historical extraction not performed,n/a; historical extraction not performed,n/a; historical extraction not performed,n/a; historical extraction not performed,n/a; historical extraction not performed,1339.5939,1505.1655
tuning_pass1_transition_14_fsr3_native_aa_to_fsr3_hoshipa_cleanup_ms,n/a; historical extraction not performed,n/a; historical extraction not performed,n/a; historical extraction not performed,n/a; historical extraction not performed,n/a; historical extraction not performed,n/a; historical extraction not performed,n/a; historical extraction not performed,n/a; historical extraction not performed,n/a; historical extraction not performed,n/a; historical extraction not performed,n/a; historical extraction not performed,n/a; historical extraction not performed,n/a; historical extraction not performed,n/a; historical extraction not performed,n/a; historical extraction not performed,1292.6783,1449.3535
tuning_pass1_transition_14_fsr3_native_aa_to_fsr3_hoshipa_cleanup_tail_ms,n/a; historical extraction not performed,n/a; historical extraction not performed,n/a; historical extraction not performed,n/a; historical extraction not performed,n/a; historical extraction not performed,n/a; historical extraction not performed,n/a; historical extraction not performed,n/a; historical extraction not performed,n/a; historical extraction not performed,n/a; historical extraction not performed,n/a; historical extraction not performed,n/a; historical extraction not performed,n/a; historical extraction not performed,n/a; historical extraction not performed,n/a; historical extraction not performed,0,0
tuning_pass1_transition_14_fsr3_native_aa_to_fsr3_hoshipa_strict_frames,n/a; historical extraction not performed,n/a; historical extraction not performed,n/a; historical extraction not performed,n/a; historical extraction not performed,n/a; historical extraction not performed,n/a; historical extraction not performed,n/a; historical extraction not performed,n/a; historical extraction not performed,n/a; historical extraction not performed,n/a; historical extraction not performed,n/a; historical extraction not performed,n/a; historical extraction not performed,n/a; historical extraction not performed,n/a; historical extraction not performed,n/a; historical extraction not performed,28,28
tuning_pass1_transition_14_fsr3_native_aa_to_fsr3_hoshipa_dispatch_qpc_tick,n/a; historical extraction not performed,n/a; historical extraction not performed,n/a; historical extraction not performed,n/a; historical extraction not performed,n/a; historical extraction not performed,n/a; historical extraction not performed,n/a; historical extraction not performed,n/a; historical extraction not performed,n/a; historical extraction not performed,n/a; historical extraction not performed,n/a; historical extraction not performed,n/a; historical extraction not performed,n/a; historical extraction not performed,n/a; historical extraction not performed,n/a; historical extraction not performed,437435888454,501619806920
tuning_pass1_transition_14_fsr3_native_aa_to_fsr3_hoshipa_strict_qpc_tick,n/a; historical extraction not performed,n/a; historical extraction not performed,n/a; historical extraction not performed,n/a; historical extraction not performed,n/a; historical extraction not performed,n/a; historical extraction not performed,n/a; historical extraction not performed,n/a; historical extraction not performed,n/a; historical extraction not performed,n/a; historical extraction not performed,n/a; historical extraction not performed,n/a; historical extraction not performed,n/a; historical extraction not performed,n/a; historical extraction not performed,n/a; historical extraction not performed,437449284393,501634858575
tuning_pass1_transition_14_fsr3_native_aa_to_fsr3_hoshipa_qpc_frequency_hz,n/a; historical extraction not performed,n/a; historical extraction not performed,n/a; historical extraction not performed,n/a; historical extraction not performed,n/a; historical extraction not performed,n/a; historical extraction not performed,n/a; historical extraction not performed,n/a; historical extraction not performed,n/a; historical extraction not performed,n/a; historical extraction not performed,n/a; historical extraction not performed,n/a; historical extraction not performed,n/a; historical extraction not performed,n/a; historical extraction not performed,n/a; historical extraction not performed,10000000,10000000
tuning_pass1_transition_15_fsr3_hoshipa_to_fsr3_ultra_quality_presentation_ms,n/a; historical extraction not performed,n/a; historical extraction not performed,n/a; historical extraction not performed,n/a; historical extraction not performed,n/a; historical extraction not performed,n/a; historical extraction not performed,n/a; historical extraction not performed,n/a; historical extraction not performed,n/a; historical extraction not performed,n/a; historical extraction not performed,n/a; historical extraction not performed,n/a; historical extraction not performed,n/a; historical extraction not performed,n/a; historical extraction not performed,n/a; historical extraction not performed,802.9989,779.2736
tuning_pass1_transition_15_fsr3_hoshipa_to_fsr3_ultra_quality_cleanup_ms,n/a; historical extraction not performed,n/a; historical extraction not performed,n/a; historical extraction not performed,n/a; historical extraction not performed,n/a; historical extraction not performed,n/a; historical extraction not performed,n/a; historical extraction not performed,n/a; historical extraction not performed,n/a; historical extraction not performed,n/a; historical extraction not performed,n/a; historical extraction not performed,n/a; historical extraction not performed,n/a; historical extraction not performed,n/a; historical extraction not performed,n/a; historical extraction not performed,622.7193,779.2736
tuning_pass1_transition_15_fsr3_hoshipa_to_fsr3_ultra_quality_cleanup_tail_ms,n/a; historical extraction not performed,n/a; historical extraction not performed,n/a; historical extraction not performed,n/a; historical extraction not performed,n/a; historical extraction not performed,n/a; historical extraction not performed,n/a; historical extraction not performed,n/a; historical extraction not performed,n/a; historical extraction not performed,n/a; historical extraction not performed,n/a; historical extraction not performed,n/a; historical extraction not performed,n/a; historical extraction not performed,n/a; historical extraction not performed,n/a; historical extraction not performed,0,0
tuning_pass1_transition_15_fsr3_hoshipa_to_fsr3_ultra_quality_strict_frames,n/a; historical extraction not performed,n/a; historical extraction not performed,n/a; historical extraction not performed,n/a; historical extraction not performed,n/a; historical extraction not performed,n/a; historical extraction not performed,n/a; historical extraction not performed,n/a; historical extraction not performed,n/a; historical extraction not performed,n/a; historical extraction not performed,n/a; historical extraction not performed,n/a; historical extraction not performed,n/a; historical extraction not performed,n/a; historical extraction not performed,n/a; historical extraction not performed,16,14
tuning_pass1_transition_15_fsr3_hoshipa_to_fsr3_ultra_quality_dispatch_qpc_tick,n/a; historical extraction not performed,n/a; historical extraction not performed,n/a; historical extraction not performed,n/a; historical extraction not performed,n/a; historical extraction not performed,n/a; historical extraction not performed,n/a; historical extraction not performed,n/a; historical extraction not performed,n/a; historical extraction not performed,n/a; historical extraction not performed,n/a; historical extraction not performed,n/a; historical extraction not performed,n/a; historical extraction not performed,n/a; historical extraction not performed,n/a; historical extraction not performed,437500344752,501686266199
tuning_pass1_transition_15_fsr3_hoshipa_to_fsr3_ultra_quality_strict_qpc_tick,n/a; historical extraction not performed,n/a; historical extraction not performed,n/a; historical extraction not performed,n/a; historical extraction not performed,n/a; historical extraction not performed,n/a; historical extraction not performed,n/a; historical extraction not performed,n/a; historical extraction not performed,n/a; historical extraction not performed,n/a; historical extraction not performed,n/a; historical extraction not performed,n/a; historical extraction not performed,n/a; historical extraction not performed,n/a; historical extraction not performed,n/a; historical extraction not performed,437508374741,501694058935
tuning_pass1_transition_15_fsr3_hoshipa_to_fsr3_ultra_quality_qpc_frequency_hz,n/a; historical extraction not performed,n/a; historical extraction not performed,n/a; historical extraction not performed,n/a; historical extraction not performed,n/a; historical extraction not performed,n/a; historical extraction not performed,n/a; historical extraction not performed,n/a; historical extraction not performed,n/a; historical extraction not performed,n/a; historical extraction not performed,n/a; historical extraction not performed,n/a; historical extraction not performed,n/a; historical extraction not performed,n/a; historical extraction not performed,n/a; historical extraction not performed,10000000,10000000
tuning_pass1_transition_16_fsr3_ultra_quality_to_fsr3_quality_presentation_ms,n/a; historical extraction not performed,n/a; historical extraction not performed,n/a; historical extraction not performed,n/a; historical extraction not performed,n/a; historical extraction not performed,n/a; historical extraction not performed,n/a; historical extraction not performed,n/a; historical extraction not performed,n/a; historical extraction not performed,n/a; historical extraction not performed,n/a; historical extraction not performed,n/a; historical extraction not performed,n/a; historical extraction not performed,n/a; historical extraction not performed,n/a; historical extraction not performed,803.8491,703.9722
tuning_pass1_transition_16_fsr3_ultra_quality_to_fsr3_quality_cleanup_ms,n/a; historical extraction not performed,n/a; historical extraction not performed,n/a; historical extraction not performed,n/a; historical extraction not performed,n/a; historical extraction not performed,n/a; historical extraction not performed,n/a; historical extraction not performed,n/a; historical extraction not performed,n/a; historical extraction not performed,n/a; historical extraction not performed,n/a; historical extraction not performed,n/a; historical extraction not performed,n/a; historical extraction not performed,n/a; historical extraction not performed,n/a; historical extraction not performed,615.393,703.9722
tuning_pass1_transition_16_fsr3_ultra_quality_to_fsr3_quality_cleanup_tail_ms,n/a; historical extraction not performed,n/a; historical extraction not performed,n/a; historical extraction not performed,n/a; historical extraction not performed,n/a; historical extraction not performed,n/a; historical extraction not performed,n/a; historical extraction not performed,n/a; historical extraction not performed,n/a; historical extraction not performed,n/a; historical extraction not performed,n/a; historical extraction not performed,n/a; historical extraction not performed,n/a; historical extraction not performed,n/a; historical extraction not performed,n/a; historical extraction not performed,0,0
tuning_pass1_transition_16_fsr3_ultra_quality_to_fsr3_quality_strict_frames,n/a; historical extraction not performed,n/a; historical extraction not performed,n/a; historical extraction not performed,n/a; historical extraction not performed,n/a; historical extraction not performed,n/a; historical extraction not performed,n/a; historical extraction not performed,n/a; historical extraction not performed,n/a; historical extraction not performed,n/a; historical extraction not performed,n/a; historical extraction not performed,n/a; historical extraction not performed,n/a; historical extraction not performed,n/a; historical extraction not performed,n/a; historical extraction not performed,17,14
tuning_pass1_transition_16_fsr3_ultra_quality_to_fsr3_quality_dispatch_qpc_tick,n/a; historical extraction not performed,n/a; historical extraction not performed,n/a; historical extraction not performed,n/a; historical extraction not performed,n/a; historical extraction not performed,n/a; historical extraction not performed,n/a; historical extraction not performed,n/a; historical extraction not performed,n/a; historical extraction not performed,n/a; historical extraction not performed,n/a; historical extraction not performed,n/a; historical extraction not performed,n/a; historical extraction not performed,n/a; historical extraction not performed,n/a; historical extraction not performed,437559557881,501745060629
tuning_pass1_transition_16_fsr3_ultra_quality_to_fsr3_quality_strict_qpc_tick,n/a; historical extraction not performed,n/a; historical extraction not performed,n/a; historical extraction not performed,n/a; historical extraction not performed,n/a; historical extraction not performed,n/a; historical extraction not performed,n/a; historical extraction not performed,n/a; historical extraction not performed,n/a; historical extraction not performed,n/a; historical extraction not performed,n/a; historical extraction not performed,n/a; historical extraction not performed,n/a; historical extraction not performed,n/a; historical extraction not performed,n/a; historical extraction not performed,437567596372,501752100351
tuning_pass1_transition_16_fsr3_ultra_quality_to_fsr3_quality_qpc_frequency_hz,n/a; historical extraction not performed,n/a; historical extraction not performed,n/a; historical extraction not performed,n/a; historical extraction not performed,n/a; historical extraction not performed,n/a; historical extraction not performed,n/a; historical extraction not performed,n/a; historical extraction not performed,n/a; historical extraction not performed,n/a; historical extraction not performed,n/a; historical extraction not performed,n/a; historical extraction not performed,n/a; historical extraction not performed,n/a; historical extraction not performed,n/a; historical extraction not performed,10000000,10000000
tuning_pass1_transition_17_fsr3_quality_to_fsr3_balanced_presentation_ms,n/a; historical extraction not performed,n/a; historical extraction not performed,n/a; historical extraction not performed,n/a; historical extraction not performed,n/a; historical extraction not performed,n/a; historical extraction not performed,n/a; historical extraction not performed,n/a; historical extraction not performed,n/a; historical extraction not performed,n/a; historical extraction not performed,n/a; historical extraction not performed,n/a; historical extraction not performed,n/a; historical extraction not performed,n/a; historical extraction not performed,n/a; historical extraction not performed,732.811,821.6209
tuning_pass1_transition_17_fsr3_quality_to_fsr3_balanced_cleanup_ms,n/a; historical extraction not performed,n/a; historical extraction not performed,n/a; historical extraction not performed,n/a; historical extraction not performed,n/a; historical extraction not performed,n/a; historical extraction not performed,n/a; historical extraction not performed,n/a; historical extraction not performed,n/a; historical extraction not performed,n/a; historical extraction not performed,n/a; historical extraction not performed,n/a; historical extraction not performed,n/a; historical extraction not performed,n/a; historical extraction not performed,n/a; historical extraction not performed,607.4637,722.6585
tuning_pass1_transition_17_fsr3_quality_to_fsr3_balanced_cleanup_tail_ms,n/a; historical extraction not performed,n/a; historical extraction not performed,n/a; historical extraction not performed,n/a; historical extraction not performed,n/a; historical extraction not performed,n/a; historical extraction not performed,n/a; historical extraction not performed,n/a; historical extraction not performed,n/a; historical extraction not performed,n/a; historical extraction not performed,n/a; historical extraction not performed,n/a; historical extraction not performed,n/a; historical extraction not performed,n/a; historical extraction not performed,n/a; historical extraction not performed,0,0
tuning_pass1_transition_17_fsr3_quality_to_fsr3_balanced_strict_frames,n/a; historical extraction not performed,n/a; historical extraction not performed,n/a; historical extraction not performed,n/a; historical extraction not performed,n/a; historical extraction not performed,n/a; historical extraction not performed,n/a; historical extraction not performed,n/a; historical extraction not performed,n/a; historical extraction not performed,n/a; historical extraction not performed,n/a; historical extraction not performed,n/a; historical extraction not performed,n/a; historical extraction not performed,n/a; historical extraction not performed,n/a; historical extraction not performed,16,16
tuning_pass1_transition_17_fsr3_quality_to_fsr3_balanced_dispatch_qpc_tick,n/a; historical extraction not performed,n/a; historical extraction not performed,n/a; historical extraction not performed,n/a; historical extraction not performed,n/a; historical extraction not performed,n/a; historical extraction not performed,n/a; historical extraction not performed,n/a; historical extraction not performed,n/a; historical extraction not performed,n/a; historical extraction not performed,n/a; historical extraction not performed,n/a; historical extraction not performed,n/a; historical extraction not performed,n/a; historical extraction not performed,n/a; historical extraction not performed,437618881858,501803149401
tuning_pass1_transition_17_fsr3_quality_to_fsr3_balanced_strict_qpc_tick,n/a; historical extraction not performed,n/a; historical extraction not performed,n/a; historical extraction not performed,n/a; historical extraction not performed,n/a; historical extraction not performed,n/a; historical extraction not performed,n/a; historical extraction not performed,n/a; historical extraction not performed,n/a; historical extraction not performed,n/a; historical extraction not performed,n/a; historical extraction not performed,n/a; historical extraction not performed,n/a; historical extraction not performed,n/a; historical extraction not performed,n/a; historical extraction not performed,437626209968,501811365610
tuning_pass1_transition_17_fsr3_quality_to_fsr3_balanced_qpc_frequency_hz,n/a; historical extraction not performed,n/a; historical extraction not performed,n/a; historical extraction not performed,n/a; historical extraction not performed,n/a; historical extraction not performed,n/a; historical extraction not performed,n/a; historical extraction not performed,n/a; historical extraction not performed,n/a; historical extraction not performed,n/a; historical extraction not performed,n/a; historical extraction not performed,n/a; historical extraction not performed,n/a; historical extraction not performed,n/a; historical extraction not performed,n/a; historical extraction not performed,10000000,10000000
tuning_pass1_transition_18_fsr3_balanced_to_fsr3_performance_presentation_ms,n/a; historical extraction not performed,n/a; historical extraction not performed,n/a; historical extraction not performed,n/a; historical extraction not performed,n/a; historical extraction not performed,n/a; historical extraction not performed,n/a; historical extraction not performed,n/a; historical extraction not performed,n/a; historical extraction not performed,n/a; historical extraction not performed,n/a; historical extraction not performed,n/a; historical extraction not performed,n/a; historical extraction not performed,n/a; historical extraction not performed,n/a; historical extraction not performed,840.0523,786.2565
tuning_pass1_transition_18_fsr3_balanced_to_fsr3_performance_cleanup_ms,n/a; historical extraction not performed,n/a; historical extraction not performed,n/a; historical extraction not performed,n/a; historical extraction not performed,n/a; historical extraction not performed,n/a; historical extraction not performed,n/a; historical extraction not performed,n/a; historical extraction not performed,n/a; historical extraction not performed,n/a; historical extraction not performed,n/a; historical extraction not performed,n/a; historical extraction not performed,n/a; historical extraction not performed,n/a; historical extraction not performed,n/a; historical extraction not performed,676.6861,692.1192
tuning_pass1_transition_18_fsr3_balanced_to_fsr3_performance_cleanup_tail_ms,n/a; historical extraction not performed,n/a; historical extraction not performed,n/a; historical extraction not performed,n/a; historical extraction not performed,n/a; historical extraction not performed,n/a; historical extraction not performed,n/a; historical extraction not performed,n/a; historical extraction not performed,n/a; historical extraction not performed,n/a; historical extraction not performed,n/a; historical extraction not performed,n/a; historical extraction not performed,n/a; historical extraction not performed,n/a; historical extraction not performed,n/a; historical extraction not performed,0,0
tuning_pass1_transition_18_fsr3_balanced_to_fsr3_performance_strict_frames,n/a; historical extraction not performed,n/a; historical extraction not performed,n/a; historical extraction not performed,n/a; historical extraction not performed,n/a; historical extraction not performed,n/a; historical extraction not performed,n/a; historical extraction not performed,n/a; historical extraction not performed,n/a; historical extraction not performed,n/a; historical extraction not performed,n/a; historical extraction not performed,n/a; historical extraction not performed,n/a; historical extraction not performed,n/a; historical extraction not performed,n/a; historical extraction not performed,16,16
tuning_pass1_transition_18_fsr3_balanced_to_fsr3_performance_dispatch_qpc_tick,n/a; historical extraction not performed,n/a; historical extraction not performed,n/a; historical extraction not performed,n/a; historical extraction not performed,n/a; historical extraction not performed,n/a; historical extraction not performed,n/a; historical extraction not performed,n/a; historical extraction not performed,n/a; historical extraction not performed,n/a; historical extraction not performed,n/a; historical extraction not performed,n/a; historical extraction not performed,n/a; historical extraction not performed,n/a; historical extraction not performed,n/a; historical extraction not performed,437677371802,501862483033
tuning_pass1_transition_18_fsr3_balanced_to_fsr3_performance_strict_qpc_tick,n/a; historical extraction not performed,n/a; historical extraction not performed,n/a; historical extraction not performed,n/a; historical extraction not performed,n/a; historical extraction not performed,n/a; historical extraction not performed,n/a; historical extraction not performed,n/a; historical extraction not performed,n/a; historical extraction not performed,n/a; historical extraction not performed,n/a; historical extraction not performed,n/a; historical extraction not performed,n/a; historical extraction not performed,n/a; historical extraction not performed,n/a; historical extraction not performed,437685772325,501870345598
tuning_pass1_transition_18_fsr3_balanced_to_fsr3_performance_qpc_frequency_hz,n/a; historical extraction not performed,n/a; historical extraction not performed,n/a; historical extraction not performed,n/a; historical extraction not performed,n/a; historical extraction not performed,n/a; historical extraction not performed,n/a; historical extraction not performed,n/a; historical extraction not performed,n/a; historical extraction not performed,n/a; historical extraction not performed,n/a; historical extraction not performed,n/a; historical extraction not performed,n/a; historical extraction not performed,n/a; historical extraction not performed,n/a; historical extraction not performed,10000000,10000000
tuning_pass1_transition_19_fsr3_performance_to_fsr3_ultra_performance_presentation_ms,n/a; historical extraction not performed,n/a; historical extraction not performed,n/a; historical extraction not performed,n/a; historical extraction not performed,n/a; historical extraction not performed,n/a; historical extraction not performed,n/a; historical extraction not performed,n/a; historical extraction not performed,n/a; historical extraction not performed,n/a; historical extraction not performed,n/a; historical extraction not performed,n/a; historical extraction not performed,n/a; historical extraction not performed,n/a; historical extraction not performed,n/a; historical extraction not performed,708.5673,719.5573
tuning_pass1_transition_19_fsr3_performance_to_fsr3_ultra_performance_cleanup_ms,n/a; historical extraction not performed,n/a; historical extraction not performed,n/a; historical extraction not performed,n/a; historical extraction not performed,n/a; historical extraction not performed,n/a; historical extraction not performed,n/a; historical extraction not performed,n/a; historical extraction not performed,n/a; historical extraction not performed,n/a; historical extraction not performed,n/a; historical extraction not performed,n/a; historical extraction not performed,n/a; historical extraction not performed,n/a; historical extraction not performed,n/a; historical extraction not performed,585.8883,665.375
tuning_pass1_transition_19_fsr3_performance_to_fsr3_ultra_performance_cleanup_tail_ms,n/a; historical extraction not performed,n/a; historical extraction not performed,n/a; historical extraction not performed,n/a; historical extraction not performed,n/a; historical extraction not performed,n/a; historical extraction not performed,n/a; historical extraction not performed,n/a; historical extraction not performed,n/a; historical extraction not performed,n/a; historical extraction not performed,n/a; historical extraction not performed,n/a; historical extraction not performed,n/a; historical extraction not performed,n/a; historical extraction not performed,n/a; historical extraction not performed,0,0
tuning_pass1_transition_19_fsr3_performance_to_fsr3_ultra_performance_strict_frames,n/a; historical extraction not performed,n/a; historical extraction not performed,n/a; historical extraction not performed,n/a; historical extraction not performed,n/a; historical extraction not performed,n/a; historical extraction not performed,n/a; historical extraction not performed,n/a; historical extraction not performed,n/a; historical extraction not performed,n/a; historical extraction not performed,n/a; historical extraction not performed,n/a; historical extraction not performed,n/a; historical extraction not performed,n/a; historical extraction not performed,n/a; historical extraction not performed,16,15
tuning_pass1_transition_19_fsr3_performance_to_fsr3_ultra_performance_dispatch_qpc_tick,n/a; historical extraction not performed,n/a; historical extraction not performed,n/a; historical extraction not performed,n/a; historical extraction not performed,n/a; historical extraction not performed,n/a; historical extraction not performed,n/a; historical extraction not performed,n/a; historical extraction not performed,n/a; historical extraction not performed,n/a; historical extraction not performed,n/a; historical extraction not performed,n/a; historical extraction not performed,n/a; historical extraction not performed,n/a; historical extraction not performed,n/a; historical extraction not performed,437736887444,501921618198
tuning_pass1_transition_19_fsr3_performance_to_fsr3_ultra_performance_strict_qpc_tick,n/a; historical extraction not performed,n/a; historical extraction not performed,n/a; historical extraction not performed,n/a; historical extraction not performed,n/a; historical extraction not performed,n/a; historical extraction not performed,n/a; historical extraction not performed,n/a; historical extraction not performed,n/a; historical extraction not performed,n/a; historical extraction not performed,n/a; historical extraction not performed,n/a; historical extraction not performed,n/a; historical extraction not performed,n/a; historical extraction not performed,n/a; historical extraction not performed,437743973117,501928813771
tuning_pass1_transition_19_fsr3_performance_to_fsr3_ultra_performance_qpc_frequency_hz,n/a; historical extraction not performed,n/a; historical extraction not performed,n/a; historical extraction not performed,n/a; historical extraction not performed,n/a; historical extraction not performed,n/a; historical extraction not performed,n/a; historical extraction not performed,n/a; historical extraction not performed,n/a; historical extraction not performed,n/a; historical extraction not performed,n/a; historical extraction not performed,n/a; historical extraction not performed,n/a; historical extraction not performed,n/a; historical extraction not performed,n/a; historical extraction not performed,10000000,10000000
tuning_pass1_transition_20_fsr3_ultra_performance_to_fsr3_native_aa_presentation_ms,n/a; historical extraction not performed,n/a; historical extraction not performed,n/a; historical extraction not performed,n/a; historical extraction not performed,n/a; historical extraction not performed,n/a; historical extraction not performed,n/a; historical extraction not performed,n/a; historical extraction not performed,n/a; historical extraction not performed,n/a; historical extraction not performed,n/a; historical extraction not performed,n/a; historical extraction not performed,n/a; historical extraction not performed,n/a; historical extraction not performed,n/a; historical extraction not performed,493.7339,861.1497
tuning_pass1_transition_20_fsr3_ultra_performance_to_fsr3_native_aa_cleanup_ms,n/a; historical extraction not performed,n/a; historical extraction not performed,n/a; historical extraction not performed,n/a; historical extraction not performed,n/a; historical extraction not performed,n/a; historical extraction not performed,n/a; historical extraction not performed,n/a; historical extraction not performed,n/a; historical extraction not performed,n/a; historical extraction not performed,n/a; historical extraction not performed,n/a; historical extraction not performed,n/a; historical extraction not performed,n/a; historical extraction not performed,n/a; historical extraction not performed,655.757,1038.1794
tuning_pass1_transition_20_fsr3_ultra_performance_to_fsr3_native_aa_cleanup_tail_ms,n/a; historical extraction not performed,n/a; historical extraction not performed,n/a; historical extraction not performed,n/a; historical extraction not performed,n/a; historical extraction not performed,n/a; historical extraction not performed,n/a; historical extraction not performed,n/a; historical extraction not performed,n/a; historical extraction not performed,n/a; historical extraction not performed,n/a; historical extraction not performed,n/a; historical extraction not performed,n/a; historical extraction not performed,n/a; historical extraction not performed,n/a; historical extraction not performed,162.0231,177.0297
tuning_pass1_transition_20_fsr3_ultra_performance_to_fsr3_native_aa_strict_frames,n/a; historical extraction not performed,n/a; historical extraction not performed,n/a; historical extraction not performed,n/a; historical extraction not performed,n/a; historical extraction not performed,n/a; historical extraction not performed,n/a; historical extraction not performed,n/a; historical extraction not performed,n/a; historical extraction not performed,n/a; historical extraction not performed,n/a; historical extraction not performed,n/a; historical extraction not performed,n/a; historical extraction not performed,n/a; historical extraction not performed,n/a; historical extraction not performed,15,20
tuning_pass1_transition_20_fsr3_ultra_performance_to_fsr3_native_aa_dispatch_qpc_tick,n/a; historical extraction not performed,n/a; historical extraction not performed,n/a; historical extraction not performed,n/a; historical extraction not performed,n/a; historical extraction not performed,n/a; historical extraction not performed,n/a; historical extraction not performed,n/a; historical extraction not performed,n/a; historical extraction not performed,n/a; historical extraction not performed,n/a; historical extraction not performed,n/a; historical extraction not performed,n/a; historical extraction not performed,n/a; historical extraction not performed,n/a; historical extraction not performed,437794993548,501979754930
tuning_pass1_transition_20_fsr3_ultra_performance_to_fsr3_native_aa_strict_qpc_tick,n/a; historical extraction not performed,n/a; historical extraction not performed,n/a; historical extraction not performed,n/a; historical extraction not performed,n/a; historical extraction not performed,n/a; historical extraction not performed,n/a; historical extraction not performed,n/a; historical extraction not performed,n/a; historical extraction not performed,n/a; historical extraction not performed,n/a; historical extraction not performed,n/a; historical extraction not performed,n/a; historical extraction not performed,n/a; historical extraction not performed,n/a; historical extraction not performed,437801551118,501990136724
tuning_pass1_transition_20_fsr3_ultra_performance_to_fsr3_native_aa_qpc_frequency_hz,n/a; historical extraction not performed,n/a; historical extraction not performed,n/a; historical extraction not performed,n/a; historical extraction not performed,n/a; historical extraction not performed,n/a; historical extraction not performed,n/a; historical extraction not performed,n/a; historical extraction not performed,n/a; historical extraction not performed,n/a; historical extraction not performed,n/a; historical extraction not performed,n/a; historical extraction not performed,n/a; historical extraction not performed,n/a; historical extraction not performed,n/a; historical extraction not performed,10000000,10000000
tuning_pass1_transition_21_fsr3_native_aa_to_taa_presentation_ms,n/a; historical extraction not performed,n/a; historical extraction not performed,n/a; historical extraction not performed,n/a; historical extraction not performed,n/a; historical extraction not performed,n/a; historical extraction not performed,n/a; historical extraction not performed,n/a; historical extraction not performed,n/a; historical extraction not performed,n/a; historical extraction not performed,n/a; historical extraction not performed,n/a; historical extraction not performed,n/a; historical extraction not performed,n/a; historical extraction not performed,n/a; historical extraction not performed,194.4862,207.2819
tuning_pass1_transition_21_fsr3_native_aa_to_taa_cleanup_ms,n/a; historical extraction not performed,n/a; historical extraction not performed,n/a; historical extraction not performed,n/a; historical extraction not performed,n/a; historical extraction not performed,n/a; historical extraction not performed,n/a; historical extraction not performed,n/a; historical extraction not performed,n/a; historical extraction not performed,n/a; historical extraction not performed,n/a; historical extraction not performed,n/a; historical extraction not performed,n/a; historical extraction not performed,n/a; historical extraction not performed,n/a; historical extraction not performed,475.9701,473.6918
tuning_pass1_transition_21_fsr3_native_aa_to_taa_cleanup_tail_ms,n/a; historical extraction not performed,n/a; historical extraction not performed,n/a; historical extraction not performed,n/a; historical extraction not performed,n/a; historical extraction not performed,n/a; historical extraction not performed,n/a; historical extraction not performed,n/a; historical extraction not performed,n/a; historical extraction not performed,n/a; historical extraction not performed,n/a; historical extraction not performed,n/a; historical extraction not performed,n/a; historical extraction not performed,n/a; historical extraction not performed,n/a; historical extraction not performed,281.4839,266.4099
tuning_pass1_transition_21_fsr3_native_aa_to_taa_strict_frames,n/a; historical extraction not performed,n/a; historical extraction not performed,n/a; historical extraction not performed,n/a; historical extraction not performed,n/a; historical extraction not performed,n/a; historical extraction not performed,n/a; historical extraction not performed,n/a; historical extraction not performed,n/a; historical extraction not performed,n/a; historical extraction not performed,n/a; historical extraction not performed,n/a; historical extraction not performed,n/a; historical extraction not performed,n/a; historical extraction not performed,n/a; historical extraction not performed,11,11
tuning_pass1_transition_21_fsr3_native_aa_to_taa_dispatch_qpc_tick,n/a; historical extraction not performed,n/a; historical extraction not performed,n/a; historical extraction not performed,n/a; historical extraction not performed,n/a; historical extraction not performed,n/a; historical extraction not performed,n/a; historical extraction not performed,n/a; historical extraction not performed,n/a; historical extraction not performed,n/a; historical extraction not performed,n/a; historical extraction not performed,n/a; historical extraction not performed,n/a; historical extraction not performed,n/a; historical extraction not performed,n/a; historical extraction not performed,437852510309,502041507971
tuning_pass1_transition_21_fsr3_native_aa_to_taa_strict_qpc_tick,n/a; historical extraction not performed,n/a; historical extraction not performed,n/a; historical extraction not performed,n/a; historical extraction not performed,n/a; historical extraction not performed,n/a; historical extraction not performed,n/a; historical extraction not performed,n/a; historical extraction not performed,n/a; historical extraction not performed,n/a; historical extraction not performed,n/a; historical extraction not performed,n/a; historical extraction not performed,n/a; historical extraction not performed,n/a; historical extraction not performed,n/a; historical extraction not performed,437857270010,502046244889
tuning_pass1_transition_21_fsr3_native_aa_to_taa_qpc_frequency_hz,n/a; historical extraction not performed,n/a; historical extraction not performed,n/a; historical extraction not performed,n/a; historical extraction not performed,n/a; historical extraction not performed,n/a; historical extraction not performed,n/a; historical extraction not performed,n/a; historical extraction not performed,n/a; historical extraction not performed,n/a; historical extraction not performed,n/a; historical extraction not performed,n/a; historical extraction not performed,n/a; historical extraction not performed,n/a; historical extraction not performed,n/a; historical extraction not performed,10000000,10000000
tuning_pass1_transition_22_taa_to_none_presentation_ms,n/a; historical extraction not performed,n/a; historical extraction not performed,n/a; historical extraction not performed,n/a; historical extraction not performed,n/a; historical extraction not performed,n/a; historical extraction not performed,n/a; historical extraction not performed,n/a; historical extraction not performed,n/a; historical extraction not performed,n/a; historical extraction not performed,n/a; historical extraction not performed,n/a; historical extraction not performed,n/a; historical extraction not performed,n/a; historical extraction not performed,n/a; historical extraction not performed,174.8952,166.96
tuning_pass1_transition_22_taa_to_none_cleanup_ms,n/a; historical extraction not performed,n/a; historical extraction not performed,n/a; historical extraction not performed,n/a; historical extraction not performed,n/a; historical extraction not performed,n/a; historical extraction not performed,n/a; historical extraction not performed,n/a; historical extraction not performed,n/a; historical extraction not performed,n/a; historical extraction not performed,n/a; historical extraction not performed,n/a; historical extraction not performed,n/a; historical extraction not performed,n/a; historical extraction not performed,n/a; historical extraction not performed,174.8952,166.96
tuning_pass1_transition_22_taa_to_none_cleanup_tail_ms,n/a; historical extraction not performed,n/a; historical extraction not performed,n/a; historical extraction not performed,n/a; historical extraction not performed,n/a; historical extraction not performed,n/a; historical extraction not performed,n/a; historical extraction not performed,n/a; historical extraction not performed,n/a; historical extraction not performed,n/a; historical extraction not performed,n/a; historical extraction not performed,n/a; historical extraction not performed,n/a; historical extraction not performed,n/a; historical extraction not performed,n/a; historical extraction not performed,0,0
tuning_pass1_transition_22_taa_to_none_strict_frames,n/a; historical extraction not performed,n/a; historical extraction not performed,n/a; historical extraction not performed,n/a; historical extraction not performed,n/a; historical extraction not performed,n/a; historical extraction not performed,n/a; historical extraction not performed,n/a; historical extraction not performed,n/a; historical extraction not performed,n/a; historical extraction not performed,n/a; historical extraction not performed,n/a; historical extraction not performed,n/a; historical extraction not performed,n/a; historical extraction not performed,n/a; historical extraction not performed,4,4
tuning_pass1_transition_22_taa_to_none_dispatch_qpc_tick,n/a; historical extraction not performed,n/a; historical extraction not performed,n/a; historical extraction not performed,n/a; historical extraction not performed,n/a; historical extraction not performed,n/a; historical extraction not performed,n/a; historical extraction not performed,n/a; historical extraction not performed,n/a; historical extraction not performed,n/a; historical extraction not performed,n/a; historical extraction not performed,n/a; historical extraction not performed,n/a; historical extraction not performed,n/a; historical extraction not performed,n/a; historical extraction not performed,437908236192,502097343769
tuning_pass1_transition_22_taa_to_none_strict_qpc_tick,n/a; historical extraction not performed,n/a; historical extraction not performed,n/a; historical extraction not performed,n/a; historical extraction not performed,n/a; historical extraction not performed,n/a; historical extraction not performed,n/a; historical extraction not performed,n/a; historical extraction not performed,n/a; historical extraction not performed,n/a; historical extraction not performed,n/a; historical extraction not performed,n/a; historical extraction not performed,n/a; historical extraction not performed,n/a; historical extraction not performed,n/a; historical extraction not performed,437909985144,502099013369
tuning_pass1_transition_22_taa_to_none_qpc_frequency_hz,n/a; historical extraction not performed,n/a; historical extraction not performed,n/a; historical extraction not performed,n/a; historical extraction not performed,n/a; historical extraction not performed,n/a; historical extraction not performed,n/a; historical extraction not performed,n/a; historical extraction not performed,n/a; historical extraction not performed,n/a; historical extraction not performed,n/a; historical extraction not performed,n/a; historical extraction not performed,n/a; historical extraction not performed,n/a; historical extraction not performed,n/a; historical extraction not performed,10000000,10000000
tuning_pass1_transition_23_none_to_dlaa_presentation_ms,n/a; historical extraction not performed,n/a; historical extraction not performed,n/a; historical extraction not performed,n/a; historical extraction not performed,n/a; historical extraction not performed,n/a; historical extraction not performed,n/a; historical extraction not performed,n/a; historical extraction not performed,n/a; historical extraction not performed,n/a; historical extraction not performed,n/a; historical extraction not performed,n/a; historical extraction not performed,n/a; historical extraction not performed,n/a; historical extraction not performed,n/a; historical extraction not performed,270.9109,246.4059
tuning_pass1_transition_23_none_to_dlaa_cleanup_ms,n/a; historical extraction not performed,n/a; historical extraction not performed,n/a; historical extraction not performed,n/a; historical extraction not performed,n/a; historical extraction not performed,n/a; historical extraction not performed,n/a; historical extraction not performed,n/a; historical extraction not performed,n/a; historical extraction not performed,n/a; historical extraction not performed,n/a; historical extraction not performed,n/a; historical extraction not performed,n/a; historical extraction not performed,n/a; historical extraction not performed,n/a; historical extraction not performed,270.9109,246.4059
tuning_pass1_transition_23_none_to_dlaa_cleanup_tail_ms,n/a; historical extraction not performed,n/a; historical extraction not performed,n/a; historical extraction not performed,n/a; historical extraction not performed,n/a; historical extraction not performed,n/a; historical extraction not performed,n/a; historical extraction not performed,n/a; historical extraction not performed,n/a; historical extraction not performed,n/a; historical extraction not performed,n/a; historical extraction not performed,n/a; historical extraction not performed,n/a; historical extraction not performed,n/a; historical extraction not performed,n/a; historical extraction not performed,0,0
tuning_pass1_transition_23_none_to_dlaa_strict_frames,n/a; historical extraction not performed,n/a; historical extraction not performed,n/a; historical extraction not performed,n/a; historical extraction not performed,n/a; historical extraction not performed,n/a; historical extraction not performed,n/a; historical extraction not performed,n/a; historical extraction not performed,n/a; historical extraction not performed,n/a; historical extraction not performed,n/a; historical extraction not performed,n/a; historical extraction not performed,n/a; historical extraction not performed,n/a; historical extraction not performed,n/a; historical extraction not performed,4,4
tuning_pass1_transition_23_none_to_dlaa_dispatch_qpc_tick,n/a; historical extraction not performed,n/a; historical extraction not performed,n/a; historical extraction not performed,n/a; historical extraction not performed,n/a; historical extraction not performed,n/a; historical extraction not performed,n/a; historical extraction not performed,n/a; historical extraction not performed,n/a; historical extraction not performed,n/a; historical extraction not performed,n/a; historical extraction not performed,n/a; historical extraction not performed,n/a; historical extraction not performed,n/a; historical extraction not performed,n/a; historical extraction not performed,437961135500,502149997477
tuning_pass1_transition_23_none_to_dlaa_strict_qpc_tick,n/a; historical extraction not performed,n/a; historical extraction not performed,n/a; historical extraction not performed,n/a; historical extraction not performed,n/a; historical extraction not performed,n/a; historical extraction not performed,n/a; historical extraction not performed,n/a; historical extraction not performed,n/a; historical extraction not performed,n/a; historical extraction not performed,n/a; historical extraction not performed,n/a; historical extraction not performed,n/a; historical extraction not performed,n/a; historical extraction not performed,n/a; historical extraction not performed,437963844609,502152461536
tuning_pass1_transition_23_none_to_dlaa_qpc_frequency_hz,n/a; historical extraction not performed,n/a; historical extraction not performed,n/a; historical extraction not performed,n/a; historical extraction not performed,n/a; historical extraction not performed,n/a; historical extraction not performed,n/a; historical extraction not performed,n/a; historical extraction not performed,n/a; historical extraction not performed,n/a; historical extraction not performed,n/a; historical extraction not performed,n/a; historical extraction not performed,n/a; historical extraction not performed,n/a; historical extraction not performed,n/a; historical extraction not performed,10000000,10000000
tuning_pass1_transition_24_dlaa_to_fsr3_native_aa_presentation_ms,n/a; historical extraction not performed,n/a; historical extraction not performed,n/a; historical extraction not performed,n/a; historical extraction not performed,n/a; historical extraction not performed,n/a; historical extraction not performed,n/a; historical extraction not performed,n/a; historical extraction not performed,n/a; historical extraction not performed,n/a; historical extraction not performed,n/a; historical extraction not performed,n/a; historical extraction not performed,n/a; historical extraction not performed,n/a; historical extraction not performed,n/a; historical extraction not performed,866.5551,658.2993
tuning_pass1_transition_24_dlaa_to_fsr3_native_aa_cleanup_ms,n/a; historical extraction not performed,n/a; historical extraction not performed,n/a; historical extraction not performed,n/a; historical extraction not performed,n/a; historical extraction not performed,n/a; historical extraction not performed,n/a; historical extraction not performed,n/a; historical extraction not performed,n/a; historical extraction not performed,n/a; historical extraction not performed,n/a; historical extraction not performed,n/a; historical extraction not performed,n/a; historical extraction not performed,n/a; historical extraction not performed,n/a; historical extraction not performed,1024.9701,832.7216
tuning_pass1_transition_24_dlaa_to_fsr3_native_aa_cleanup_tail_ms,n/a; historical extraction not performed,n/a; historical extraction not performed,n/a; historical extraction not performed,n/a; historical extraction not performed,n/a; historical extraction not performed,n/a; historical extraction not performed,n/a; historical extraction not performed,n/a; historical extraction not performed,n/a; historical extraction not performed,n/a; historical extraction not performed,n/a; historical extraction not performed,n/a; historical extraction not performed,n/a; historical extraction not performed,n/a; historical extraction not performed,n/a; historical extraction not performed,158.415,174.4223
tuning_pass1_transition_24_dlaa_to_fsr3_native_aa_strict_frames,n/a; historical extraction not performed,n/a; historical extraction not performed,n/a; historical extraction not performed,n/a; historical extraction not performed,n/a; historical extraction not performed,n/a; historical extraction not performed,n/a; historical extraction not performed,n/a; historical extraction not performed,n/a; historical extraction not performed,n/a; historical extraction not performed,n/a; historical extraction not performed,n/a; historical extraction not performed,n/a; historical extraction not performed,n/a; historical extraction not performed,n/a; historical extraction not performed,20,15
tuning_pass1_transition_24_dlaa_to_fsr3_native_aa_dispatch_qpc_tick,n/a; historical extraction not performed,n/a; historical extraction not performed,n/a; historical extraction not performed,n/a; historical extraction not performed,n/a; historical extraction not performed,n/a; historical extraction not performed,n/a; historical extraction not performed,n/a; historical extraction not performed,n/a; historical extraction not performed,n/a; historical extraction not performed,n/a; historical extraction not performed,n/a; historical extraction not performed,n/a; historical extraction not performed,n/a; historical extraction not performed,n/a; historical extraction not performed,438014781094,502203475629
tuning_pass1_transition_24_dlaa_to_fsr3_native_aa_strict_qpc_tick,n/a; historical extraction not performed,n/a; historical extraction not performed,n/a; historical extraction not performed,n/a; historical extraction not performed,n/a; historical extraction not performed,n/a; historical extraction not performed,n/a; historical extraction not performed,n/a; historical extraction not performed,n/a; historical extraction not performed,n/a; historical extraction not performed,n/a; historical extraction not performed,n/a; historical extraction not performed,n/a; historical extraction not performed,n/a; historical extraction not performed,n/a; historical extraction not performed,438025030795,502211802845
tuning_pass1_transition_24_dlaa_to_fsr3_native_aa_qpc_frequency_hz,n/a; historical extraction not performed,n/a; historical extraction not performed,n/a; historical extraction not performed,n/a; historical extraction not performed,n/a; historical extraction not performed,n/a; historical extraction not performed,n/a; historical extraction not performed,n/a; historical extraction not performed,n/a; historical extraction not performed,n/a; historical extraction not performed,n/a; historical extraction not performed,n/a; historical extraction not performed,n/a; historical extraction not performed,n/a; historical extraction not performed,n/a; historical extraction not performed,10000000,10000000
tuning_pass1_transition_25_fsr3_native_aa_to_dlss_hoshipa_presentation_ms,n/a; historical extraction not performed,n/a; historical extraction not performed,n/a; historical extraction not performed,n/a; historical extraction not performed,n/a; historical extraction not performed,n/a; historical extraction not performed,n/a; historical extraction not performed,n/a; historical extraction not performed,n/a; historical extraction not performed,n/a; historical extraction not performed,n/a; historical extraction not performed,n/a; historical extraction not performed,n/a; historical extraction not performed,n/a; historical extraction not performed,n/a; historical extraction not performed,739.3479,1725.0492
tuning_pass1_transition_25_fsr3_native_aa_to_dlss_hoshipa_cleanup_ms,n/a; historical extraction not performed,n/a; historical extraction not performed,n/a; historical extraction not performed,n/a; historical extraction not performed,n/a; historical extraction not performed,n/a; historical extraction not performed,n/a; historical extraction not performed,n/a; historical extraction not performed,n/a; historical extraction not performed,n/a; historical extraction not performed,n/a; historical extraction not performed,n/a; historical extraction not performed,n/a; historical extraction not performed,n/a; historical extraction not performed,n/a; historical extraction not performed,856.8541,1881.1361
tuning_pass1_transition_25_fsr3_native_aa_to_dlss_hoshipa_cleanup_tail_ms,n/a; historical extraction not performed,n/a; historical extraction not performed,n/a; historical extraction not performed,n/a; historical extraction not performed,n/a; historical extraction not performed,n/a; historical extraction not performed,n/a; historical extraction not performed,n/a; historical extraction not performed,n/a; historical extraction not performed,n/a; historical extraction not performed,n/a; historical extraction not performed,n/a; historical extraction not performed,n/a; historical extraction not performed,n/a; historical extraction not performed,n/a; historical extraction not performed,117.5062,156.0869
tuning_pass1_transition_25_fsr3_native_aa_to_dlss_hoshipa_strict_frames,n/a; historical extraction not performed,n/a; historical extraction not performed,n/a; historical extraction not performed,n/a; historical extraction not performed,n/a; historical extraction not performed,n/a; historical extraction not performed,n/a; historical extraction not performed,n/a; historical extraction not performed,n/a; historical extraction not performed,n/a; historical extraction not performed,n/a; historical extraction not performed,n/a; historical extraction not performed,n/a; historical extraction not performed,n/a; historical extraction not performed,n/a; historical extraction not performed,18,34
tuning_pass1_transition_25_fsr3_native_aa_to_dlss_hoshipa_dispatch_qpc_tick,n/a; historical extraction not performed,n/a; historical extraction not performed,n/a; historical extraction not performed,n/a; historical extraction not performed,n/a; historical extraction not performed,n/a; historical extraction not performed,n/a; historical extraction not performed,n/a; historical extraction not performed,n/a; historical extraction not performed,n/a; historical extraction not performed,n/a; historical extraction not performed,n/a; historical extraction not performed,n/a; historical extraction not performed,n/a; historical extraction not performed,n/a; historical extraction not performed,438076251961,502262846806
tuning_pass1_transition_25_fsr3_native_aa_to_dlss_hoshipa_strict_qpc_tick,n/a; historical extraction not performed,n/a; historical extraction not performed,n/a; historical extraction not performed,n/a; historical extraction not performed,n/a; historical extraction not performed,n/a; historical extraction not performed,n/a; historical extraction not performed,n/a; historical extraction not performed,n/a; historical extraction not performed,n/a; historical extraction not performed,n/a; historical extraction not performed,n/a; historical extraction not performed,n/a; historical extraction not performed,n/a; historical extraction not performed,n/a; historical extraction not performed,438085593305,502282867349
tuning_pass1_transition_25_fsr3_native_aa_to_dlss_hoshipa_qpc_frequency_hz,n/a; historical extraction not performed,n/a; historical extraction not performed,n/a; historical extraction not performed,n/a; historical extraction not performed,n/a; historical extraction not performed,n/a; historical extraction not performed,n/a; historical extraction not performed,n/a; historical extraction not performed,n/a; historical extraction not performed,n/a; historical extraction not performed,n/a; historical extraction not performed,n/a; historical extraction not performed,n/a; historical extraction not performed,n/a; historical extraction not performed,n/a; historical extraction not performed,10000000,10000000
tuning_pass1_transition_26_dlss_hoshipa_to_fsr3_hoshipa_presentation_ms,n/a; historical extraction not performed,n/a; historical extraction not performed,n/a; historical extraction not performed,n/a; historical extraction not performed,n/a; historical extraction not performed,n/a; historical extraction not performed,n/a; historical extraction not performed,n/a; historical extraction not performed,n/a; historical extraction not performed,n/a; historical extraction not performed,n/a; historical extraction not performed,n/a; historical extraction not performed,n/a; historical extraction not performed,n/a; historical extraction not performed,n/a; historical extraction not performed,1378.3023,941.7102
tuning_pass1_transition_26_dlss_hoshipa_to_fsr3_hoshipa_cleanup_ms,n/a; historical extraction not performed,n/a; historical extraction not performed,n/a; historical extraction not performed,n/a; historical extraction not performed,n/a; historical extraction not performed,n/a; historical extraction not performed,n/a; historical extraction not performed,n/a; historical extraction not performed,n/a; historical extraction not performed,n/a; historical extraction not performed,n/a; historical extraction not performed,n/a; historical extraction not performed,n/a; historical extraction not performed,n/a; historical extraction not performed,n/a; historical extraction not performed,1326.4759,895.7134
tuning_pass1_transition_26_dlss_hoshipa_to_fsr3_hoshipa_cleanup_tail_ms,n/a; historical extraction not performed,n/a; historical extraction not performed,n/a; historical extraction not performed,n/a; historical extraction not performed,n/a; historical extraction not performed,n/a; historical extraction not performed,n/a; historical extraction not performed,n/a; historical extraction not performed,n/a; historical extraction not performed,n/a; historical extraction not performed,n/a; historical extraction not performed,n/a; historical extraction not performed,n/a; historical extraction not performed,n/a; historical extraction not performed,n/a; historical extraction not performed,0,0
tuning_pass1_transition_26_dlss_hoshipa_to_fsr3_hoshipa_strict_frames,n/a; historical extraction not performed,n/a; historical extraction not performed,n/a; historical extraction not performed,n/a; historical extraction not performed,n/a; historical extraction not performed,n/a; historical extraction not performed,n/a; historical extraction not performed,n/a; historical extraction not performed,n/a; historical extraction not performed,n/a; historical extraction not performed,n/a; historical extraction not performed,n/a; historical extraction not performed,n/a; historical extraction not performed,n/a; historical extraction not performed,n/a; historical extraction not performed,28,18
tuning_pass1_transition_26_dlss_hoshipa_to_fsr3_hoshipa_dispatch_qpc_tick,n/a; historical extraction not performed,n/a; historical extraction not performed,n/a; historical extraction not performed,n/a; historical extraction not performed,n/a; historical extraction not performed,n/a; historical extraction not performed,n/a; historical extraction not performed,n/a; historical extraction not performed,n/a; historical extraction not performed,n/a; historical extraction not performed,n/a; historical extraction not performed,n/a; historical extraction not performed,n/a; historical extraction not performed,n/a; historical extraction not performed,n/a; historical extraction not performed,438136608874,502334318115
tuning_pass1_transition_26_dlss_hoshipa_to_fsr3_hoshipa_strict_qpc_tick,n/a; historical extraction not performed,n/a; historical extraction not performed,n/a; historical extraction not performed,n/a; historical extraction not performed,n/a; historical extraction not performed,n/a; historical extraction not performed,n/a; historical extraction not performed,n/a; historical extraction not performed,n/a; historical extraction not performed,n/a; historical extraction not performed,n/a; historical extraction not performed,n/a; historical extraction not performed,n/a; historical extraction not performed,n/a; historical extraction not performed,n/a; historical extraction not performed,438150391897,502343735217
tuning_pass1_transition_26_dlss_hoshipa_to_fsr3_hoshipa_qpc_frequency_hz,n/a; historical extraction not performed,n/a; historical extraction not performed,n/a; historical extraction not performed,n/a; historical extraction not performed,n/a; historical extraction not performed,n/a; historical extraction not performed,n/a; historical extraction not performed,n/a; historical extraction not performed,n/a; historical extraction not performed,n/a; historical extraction not performed,n/a; historical extraction not performed,n/a; historical extraction not performed,n/a; historical extraction not performed,n/a; historical extraction not performed,n/a; historical extraction not performed,10000000,10000000
tuning_pass1_transition_27_fsr3_hoshipa_to_none_presentation_ms,n/a; historical extraction not performed,n/a; historical extraction not performed,n/a; historical extraction not performed,n/a; historical extraction not performed,n/a; historical extraction not performed,n/a; historical extraction not performed,n/a; historical extraction not performed,n/a; historical extraction not performed,n/a; historical extraction not performed,n/a; historical extraction not performed,n/a; historical extraction not performed,n/a; historical extraction not performed,n/a; historical extraction not performed,n/a; historical extraction not performed,n/a; historical extraction not performed,446.1449,504.8581
tuning_pass1_transition_27_fsr3_hoshipa_to_none_cleanup_ms,n/a; historical extraction not performed,n/a; historical extraction not performed,n/a; historical extraction not performed,n/a; historical extraction not performed,n/a; historical extraction not performed,n/a; historical extraction not performed,n/a; historical extraction not performed,n/a; historical extraction not performed,n/a; historical extraction not performed,n/a; historical extraction not performed,n/a; historical extraction not performed,n/a; historical extraction not performed,n/a; historical extraction not performed,n/a; historical extraction not performed,n/a; historical extraction not performed,665.093,746.483
tuning_pass1_transition_27_fsr3_hoshipa_to_none_cleanup_tail_ms,n/a; historical extraction not performed,n/a; historical extraction not performed,n/a; historical extraction not performed,n/a; historical extraction not performed,n/a; historical extraction not performed,n/a; historical extraction not performed,n/a; historical extraction not performed,n/a; historical extraction not performed,n/a; historical extraction not performed,n/a; historical extraction not performed,n/a; historical extraction not performed,n/a; historical extraction not performed,n/a; historical extraction not performed,n/a; historical extraction not performed,n/a; historical extraction not performed,218.9481,241.6249
tuning_pass1_transition_27_fsr3_hoshipa_to_none_strict_frames,n/a; historical extraction not performed,n/a; historical extraction not performed,n/a; historical extraction not performed,n/a; historical extraction not performed,n/a; historical extraction not performed,n/a; historical extraction not performed,n/a; historical extraction not performed,n/a; historical extraction not performed,n/a; historical extraction not performed,n/a; historical extraction not performed,n/a; historical extraction not performed,n/a; historical extraction not performed,n/a; historical extraction not performed,n/a; historical extraction not performed,n/a; historical extraction not performed,16,15
tuning_pass1_transition_27_fsr3_hoshipa_to_none_dispatch_qpc_tick,n/a; historical extraction not performed,n/a; historical extraction not performed,n/a; historical extraction not performed,n/a; historical extraction not performed,n/a; historical extraction not performed,n/a; historical extraction not performed,n/a; historical extraction not performed,n/a; historical extraction not performed,n/a; historical extraction not performed,n/a; historical extraction not performed,n/a; historical extraction not performed,n/a; historical extraction not performed,n/a; historical extraction not performed,n/a; historical extraction not performed,n/a; historical extraction not performed,438201444457,502394645650
tuning_pass1_transition_27_fsr3_hoshipa_to_none_strict_qpc_tick,n/a; historical extraction not performed,n/a; historical extraction not performed,n/a; historical extraction not performed,n/a; historical extraction not performed,n/a; historical extraction not performed,n/a; historical extraction not performed,n/a; historical extraction not performed,n/a; historical extraction not performed,n/a; historical extraction not performed,n/a; historical extraction not performed,n/a; historical extraction not performed,n/a; historical extraction not performed,n/a; historical extraction not performed,n/a; historical extraction not performed,n/a; historical extraction not performed,438208095387,502402110480
tuning_pass1_transition_27_fsr3_hoshipa_to_none_qpc_frequency_hz,n/a; historical extraction not performed,n/a; historical extraction not performed,n/a; historical extraction not performed,n/a; historical extraction not performed,n/a; historical extraction not performed,n/a; historical extraction not performed,n/a; historical extraction not performed,n/a; historical extraction not performed,n/a; historical extraction not performed,n/a; historical extraction not performed,n/a; historical extraction not performed,n/a; historical extraction not performed,n/a; historical extraction not performed,n/a; historical extraction not performed,n/a; historical extraction not performed,10000000,10000000
tuning_pass1_transition_28_none_to_fsr3_ultra_performance_presentation_ms,n/a; historical extraction not performed,n/a; historical extraction not performed,n/a; historical extraction not performed,n/a; historical extraction not performed,n/a; historical extraction not performed,n/a; historical extraction not performed,n/a; historical extraction not performed,n/a; historical extraction not performed,n/a; historical extraction not performed,n/a; historical extraction not performed,n/a; historical extraction not performed,n/a; historical extraction not performed,n/a; historical extraction not performed,n/a; historical extraction not performed,n/a; historical extraction not performed,759.1933,906.0903
tuning_pass1_transition_28_none_to_fsr3_ultra_performance_cleanup_ms,n/a; historical extraction not performed,n/a; historical extraction not performed,n/a; historical extraction not performed,n/a; historical extraction not performed,n/a; historical extraction not performed,n/a; historical extraction not performed,n/a; historical extraction not performed,n/a; historical extraction not performed,n/a; historical extraction not performed,n/a; historical extraction not performed,n/a; historical extraction not performed,n/a; historical extraction not performed,n/a; historical extraction not performed,n/a; historical extraction not performed,n/a; historical extraction not performed,799.6188,860.2246
tuning_pass1_transition_28_none_to_fsr3_ultra_performance_cleanup_tail_ms,n/a; historical extraction not performed,n/a; historical extraction not performed,n/a; historical extraction not performed,n/a; historical extraction not performed,n/a; historical extraction not performed,n/a; historical extraction not performed,n/a; historical extraction not performed,n/a; historical extraction not performed,n/a; historical extraction not performed,n/a; historical extraction not performed,n/a; historical extraction not performed,n/a; historical extraction not performed,n/a; historical extraction not performed,n/a; historical extraction not performed,n/a; historical extraction not performed,40.4255,0
tuning_pass1_transition_28_none_to_fsr3_ultra_performance_strict_frames,n/a; historical extraction not performed,n/a; historical extraction not performed,n/a; historical extraction not performed,n/a; historical extraction not performed,n/a; historical extraction not performed,n/a; historical extraction not performed,n/a; historical extraction not performed,n/a; historical extraction not performed,n/a; historical extraction not performed,n/a; historical extraction not performed,n/a; historical extraction not performed,n/a; historical extraction not performed,n/a; historical extraction not performed,n/a; historical extraction not performed,n/a; historical extraction not performed,16,16
tuning_pass1_transition_28_none_to_fsr3_ultra_performance_dispatch_qpc_tick,n/a; historical extraction not performed,n/a; historical extraction not performed,n/a; historical extraction not performed,n/a; historical extraction not performed,n/a; historical extraction not performed,n/a; historical extraction not performed,n/a; historical extraction not performed,n/a; historical extraction not performed,n/a; historical extraction not performed,n/a; historical extraction not performed,n/a; historical extraction not performed,n/a; historical extraction not performed,n/a; historical extraction not performed,n/a; historical extraction not performed,n/a; historical extraction not performed,438259036345,502453185462
tuning_pass1_transition_28_none_to_fsr3_ultra_performance_strict_qpc_tick,n/a; historical extraction not performed,n/a; historical extraction not performed,n/a; historical extraction not performed,n/a; historical extraction not performed,n/a; historical extraction not performed,n/a; historical extraction not performed,n/a; historical extraction not performed,n/a; historical extraction not performed,n/a; historical extraction not performed,n/a; historical extraction not performed,n/a; historical extraction not performed,n/a; historical extraction not performed,n/a; historical extraction not performed,n/a; historical extraction not performed,n/a; historical extraction not performed,438267453191,502462246365
tuning_pass1_transition_28_none_to_fsr3_ultra_performance_qpc_frequency_hz,n/a; historical extraction not performed,n/a; historical extraction not performed,n/a; historical extraction not performed,n/a; historical extraction not performed,n/a; historical extraction not performed,n/a; historical extraction not performed,n/a; historical extraction not performed,n/a; historical extraction not performed,n/a; historical extraction not performed,n/a; historical extraction not performed,n/a; historical extraction not performed,n/a; historical extraction not performed,n/a; historical extraction not performed,n/a; historical extraction not performed,n/a; historical extraction not performed,10000000,10000000
tuning_pass1_transition_29_fsr3_ultra_performance_to_dlss_ultra_performance_presentation_ms,n/a; historical extraction not performed,n/a; historical extraction not performed,n/a; historical extraction not performed,n/a; historical extraction not performed,n/a; historical extraction not performed,n/a; historical extraction not performed,n/a; historical extraction not performed,n/a; historical extraction not performed,n/a; historical extraction not performed,n/a; historical extraction not performed,n/a; historical extraction not performed,n/a; historical extraction not performed,n/a; historical extraction not performed,n/a; historical extraction not performed,n/a; historical extraction not performed,1190.8552,1611.8731
tuning_pass1_transition_29_fsr3_ultra_performance_to_dlss_ultra_performance_cleanup_ms,n/a; historical extraction not performed,n/a; historical extraction not performed,n/a; historical extraction not performed,n/a; historical extraction not performed,n/a; historical extraction not performed,n/a; historical extraction not performed,n/a; historical extraction not performed,n/a; historical extraction not performed,n/a; historical extraction not performed,n/a; historical extraction not performed,n/a; historical extraction not performed,n/a; historical extraction not performed,n/a; historical extraction not performed,n/a; historical extraction not performed,n/a; historical extraction not performed,1310.2551,1755.7215
tuning_pass1_transition_29_fsr3_ultra_performance_to_dlss_ultra_performance_cleanup_tail_ms,n/a; historical extraction not performed,n/a; historical extraction not performed,n/a; historical extraction not performed,n/a; historical extraction not performed,n/a; historical extraction not performed,n/a; historical extraction not performed,n/a; historical extraction not performed,n/a; historical extraction not performed,n/a; historical extraction not performed,n/a; historical extraction not performed,n/a; historical extraction not performed,n/a; historical extraction not performed,n/a; historical extraction not performed,n/a; historical extraction not performed,n/a; historical extraction not performed,119.3999,143.8484
tuning_pass1_transition_29_fsr3_ultra_performance_to_dlss_ultra_performance_strict_frames,n/a; historical extraction not performed,n/a; historical extraction not performed,n/a; historical extraction not performed,n/a; historical extraction not performed,n/a; historical extraction not performed,n/a; historical extraction not performed,n/a; historical extraction not performed,n/a; historical extraction not performed,n/a; historical extraction not performed,n/a; historical extraction not performed,n/a; historical extraction not performed,n/a; historical extraction not performed,n/a; historical extraction not performed,n/a; historical extraction not performed,n/a; historical extraction not performed,28,34
tuning_pass1_transition_29_fsr3_ultra_performance_to_dlss_ultra_performance_dispatch_qpc_tick,n/a; historical extraction not performed,n/a; historical extraction not performed,n/a; historical extraction not performed,n/a; historical extraction not performed,n/a; historical extraction not performed,n/a; historical extraction not performed,n/a; historical extraction not performed,n/a; historical extraction not performed,n/a; historical extraction not performed,n/a; historical extraction not performed,n/a; historical extraction not performed,n/a; historical extraction not performed,n/a; historical extraction not performed,n/a; historical extraction not performed,n/a; historical extraction not performed,438318591890,502513330225
tuning_pass1_transition_29_fsr3_ultra_performance_to_dlss_ultra_performance_strict_qpc_tick,n/a; historical extraction not performed,n/a; historical extraction not performed,n/a; historical extraction not performed,n/a; historical extraction not performed,n/a; historical extraction not performed,n/a; historical extraction not performed,n/a; historical extraction not performed,n/a; historical extraction not performed,n/a; historical extraction not performed,n/a; historical extraction not performed,n/a; historical extraction not performed,n/a; historical extraction not performed,n/a; historical extraction not performed,n/a; historical extraction not performed,n/a; historical extraction not performed,438332462729,502531838902
tuning_pass1_transition_29_fsr3_ultra_performance_to_dlss_ultra_performance_qpc_frequency_hz,n/a; historical extraction not performed,n/a; historical extraction not performed,n/a; historical extraction not performed,n/a; historical extraction not performed,n/a; historical extraction not performed,n/a; historical extraction not performed,n/a; historical extraction not performed,n/a; historical extraction not performed,n/a; historical extraction not performed,n/a; historical extraction not performed,n/a; historical extraction not performed,n/a; historical extraction not performed,n/a; historical extraction not performed,n/a; historical extraction not performed,n/a; historical extraction not performed,10000000,10000000
tuning_pass1_transition_30_dlss_ultra_performance_to_taa_presentation_ms,n/a; historical extraction not performed,n/a; historical extraction not performed,n/a; historical extraction not performed,n/a; historical extraction not performed,n/a; historical extraction not performed,n/a; historical extraction not performed,n/a; historical extraction not performed,n/a; historical extraction not performed,n/a; historical extraction not performed,n/a; historical extraction not performed,n/a; historical extraction not performed,n/a; historical extraction not performed,n/a; historical extraction not performed,n/a; historical extraction not performed,n/a; historical extraction not performed,428.0907,546.0175
tuning_pass1_transition_30_dlss_ultra_performance_to_taa_cleanup_ms,n/a; historical extraction not performed,n/a; historical extraction not performed,n/a; historical extraction not performed,n/a; historical extraction not performed,n/a; historical extraction not performed,n/a; historical extraction not performed,n/a; historical extraction not performed,n/a; historical extraction not performed,n/a; historical extraction not performed,n/a; historical extraction not performed,n/a; historical extraction not performed,n/a; historical extraction not performed,n/a; historical extraction not performed,n/a; historical extraction not performed,n/a; historical extraction not performed,644.2075,789.8319
tuning_pass1_transition_30_dlss_ultra_performance_to_taa_cleanup_tail_ms,n/a; historical extraction not performed,n/a; historical extraction not performed,n/a; historical extraction not performed,n/a; historical extraction not performed,n/a; historical extraction not performed,n/a; historical extraction not performed,n/a; historical extraction not performed,n/a; historical extraction not performed,n/a; historical extraction not performed,n/a; historical extraction not performed,n/a; historical extraction not performed,n/a; historical extraction not performed,n/a; historical extraction not performed,n/a; historical extraction not performed,n/a; historical extraction not performed,216.1168,243.8144
tuning_pass1_transition_30_dlss_ultra_performance_to_taa_strict_frames,n/a; historical extraction not performed,n/a; historical extraction not performed,n/a; historical extraction not performed,n/a; historical extraction not performed,n/a; historical extraction not performed,n/a; historical extraction not performed,n/a; historical extraction not performed,n/a; historical extraction not performed,n/a; historical extraction not performed,n/a; historical extraction not performed,n/a; historical extraction not performed,n/a; historical extraction not performed,n/a; historical extraction not performed,n/a; historical extraction not performed,n/a; historical extraction not performed,15,16
tuning_pass1_transition_30_dlss_ultra_performance_to_taa_dispatch_qpc_tick,n/a; historical extraction not performed,n/a; historical extraction not performed,n/a; historical extraction not performed,n/a; historical extraction not performed,n/a; historical extraction not performed,n/a; historical extraction not performed,n/a; historical extraction not performed,n/a; historical extraction not performed,n/a; historical extraction not performed,n/a; historical extraction not performed,n/a; historical extraction not performed,n/a; historical extraction not performed,n/a; historical extraction not performed,n/a; historical extraction not performed,n/a; historical extraction not performed,438383544563,502583177021
tuning_pass1_transition_30_dlss_ultra_performance_to_taa_strict_qpc_tick,n/a; historical extraction not performed,n/a; historical extraction not performed,n/a; historical extraction not performed,n/a; historical extraction not performed,n/a; historical extraction not performed,n/a; historical extraction not performed,n/a; historical extraction not performed,n/a; historical extraction not performed,n/a; historical extraction not performed,n/a; historical extraction not performed,n/a; historical extraction not performed,n/a; historical extraction not performed,n/a; historical extraction not performed,n/a; historical extraction not performed,n/a; historical extraction not performed,438389986638,502591075340
tuning_pass1_transition_30_dlss_ultra_performance_to_taa_qpc_frequency_hz,n/a; historical extraction not performed,n/a; historical extraction not performed,n/a; historical extraction not performed,n/a; historical extraction not performed,n/a; historical extraction not performed,n/a; historical extraction not performed,n/a; historical extraction not performed,n/a; historical extraction not performed,n/a; historical extraction not performed,n/a; historical extraction not performed,n/a; historical extraction not performed,n/a; historical extraction not performed,n/a; historical extraction not performed,n/a; historical extraction not performed,n/a; historical extraction not performed,10000000,10000000
tuning_pass1_transition_31_taa_to_fsr3_native_aa_presentation_ms,n/a; historical extraction not performed,n/a; historical extraction not performed,n/a; historical extraction not performed,n/a; historical extraction not performed,n/a; historical extraction not performed,n/a; historical extraction not performed,n/a; historical extraction not performed,n/a; historical extraction not performed,n/a; historical extraction not performed,n/a; historical extraction not performed,n/a; historical extraction not performed,n/a; historical extraction not performed,n/a; historical extraction not performed,n/a; historical extraction not performed,n/a; historical extraction not performed,562.726,588.7689
tuning_pass1_transition_31_taa_to_fsr3_native_aa_cleanup_ms,n/a; historical extraction not performed,n/a; historical extraction not performed,n/a; historical extraction not performed,n/a; historical extraction not performed,n/a; historical extraction not performed,n/a; historical extraction not performed,n/a; historical extraction not performed,n/a; historical extraction not performed,n/a; historical extraction not performed,n/a; historical extraction not performed,n/a; historical extraction not performed,n/a; historical extraction not performed,n/a; historical extraction not performed,n/a; historical extraction not performed,n/a; historical extraction not performed,562.726,588.7689
tuning_pass1_transition_31_taa_to_fsr3_native_aa_cleanup_tail_ms,n/a; historical extraction not performed,n/a; historical extraction not performed,n/a; historical extraction not performed,n/a; historical extraction not performed,n/a; historical extraction not performed,n/a; historical extraction not performed,n/a; historical extraction not performed,n/a; historical extraction not performed,n/a; historical extraction not performed,n/a; historical extraction not performed,n/a; historical extraction not performed,n/a; historical extraction not performed,n/a; historical extraction not performed,n/a; historical extraction not performed,n/a; historical extraction not performed,0,0
tuning_pass1_transition_31_taa_to_fsr3_native_aa_strict_frames,n/a; historical extraction not performed,n/a; historical extraction not performed,n/a; historical extraction not performed,n/a; historical extraction not performed,n/a; historical extraction not performed,n/a; historical extraction not performed,n/a; historical extraction not performed,n/a; historical extraction not performed,n/a; historical extraction not performed,n/a; historical extraction not performed,n/a; historical extraction not performed,n/a; historical extraction not performed,n/a; historical extraction not performed,n/a; historical extraction not performed,n/a; historical extraction not performed,10,10
tuning_pass1_transition_31_taa_to_fsr3_native_aa_dispatch_qpc_tick,n/a; historical extraction not performed,n/a; historical extraction not performed,n/a; historical extraction not performed,n/a; historical extraction not performed,n/a; historical extraction not performed,n/a; historical extraction not performed,n/a; historical extraction not performed,n/a; historical extraction not performed,n/a; historical extraction not performed,n/a; historical extraction not performed,n/a; historical extraction not performed,n/a; historical extraction not performed,n/a; historical extraction not performed,n/a; historical extraction not performed,n/a; historical extraction not performed,438441032241,502642124112
tuning_pass1_transition_31_taa_to_fsr3_native_aa_strict_qpc_tick,n/a; historical extraction not performed,n/a; historical extraction not performed,n/a; historical extraction not performed,n/a; historical extraction not performed,n/a; historical extraction not performed,n/a; historical extraction not performed,n/a; historical extraction not performed,n/a; historical extraction not performed,n/a; historical extraction not performed,n/a; historical extraction not performed,n/a; historical extraction not performed,n/a; historical extraction not performed,n/a; historical extraction not performed,n/a; historical extraction not performed,n/a; historical extraction not performed,438446659501,502648011801
tuning_pass1_transition_31_taa_to_fsr3_native_aa_qpc_frequency_hz,n/a; historical extraction not performed,n/a; historical extraction not performed,n/a; historical extraction not performed,n/a; historical extraction not performed,n/a; historical extraction not performed,n/a; historical extraction not performed,n/a; historical extraction not performed,n/a; historical extraction not performed,n/a; historical extraction not performed,n/a; historical extraction not performed,n/a; historical extraction not performed,n/a; historical extraction not performed,n/a; historical extraction not performed,n/a; historical extraction not performed,n/a; historical extraction not performed,10000000,10000000
tuning_pass1_transition_32_fsr3_native_aa_to_none_presentation_ms,n/a; historical extraction not performed,n/a; historical extraction not performed,n/a; historical extraction not performed,n/a; historical extraction not performed,n/a; historical extraction not performed,n/a; historical extraction not performed,n/a; historical extraction not performed,n/a; historical extraction not performed,n/a; historical extraction not performed,n/a; historical extraction not performed,n/a; historical extraction not performed,n/a; historical extraction not performed,n/a; historical extraction not performed,n/a; historical extraction not performed,n/a; historical extraction not performed,174.9444,201.4235
tuning_pass1_transition_32_fsr3_native_aa_to_none_cleanup_ms,n/a; historical extraction not performed,n/a; historical extraction not performed,n/a; historical extraction not performed,n/a; historical extraction not performed,n/a; historical extraction not performed,n/a; historical extraction not performed,n/a; historical extraction not performed,n/a; historical extraction not performed,n/a; historical extraction not performed,n/a; historical extraction not performed,n/a; historical extraction not performed,n/a; historical extraction not performed,n/a; historical extraction not performed,n/a; historical extraction not performed,n/a; historical extraction not performed,417.9495,457.6179
tuning_pass1_transition_32_fsr3_native_aa_to_none_cleanup_tail_ms,n/a; historical extraction not performed,n/a; historical extraction not performed,n/a; historical extraction not performed,n/a; historical extraction not performed,n/a; historical extraction not performed,n/a; historical extraction not performed,n/a; historical extraction not performed,n/a; historical extraction not performed,n/a; historical extraction not performed,n/a; historical extraction not performed,n/a; historical extraction not performed,n/a; historical extraction not performed,n/a; historical extraction not performed,n/a; historical extraction not performed,n/a; historical extraction not performed,243.0051,256.1944
tuning_pass1_transition_32_fsr3_native_aa_to_none_strict_frames,n/a; historical extraction not performed,n/a; historical extraction not performed,n/a; historical extraction not performed,n/a; historical extraction not performed,n/a; historical extraction not performed,n/a; historical extraction not performed,n/a; historical extraction not performed,n/a; historical extraction not performed,n/a; historical extraction not performed,n/a; historical extraction not performed,n/a; historical extraction not performed,n/a; historical extraction not performed,n/a; historical extraction not performed,n/a; historical extraction not performed,n/a; historical extraction not performed,11,11
tuning_pass1_transition_32_fsr3_native_aa_to_none_dispatch_qpc_tick,n/a; historical extraction not performed,n/a; historical extraction not performed,n/a; historical extraction not performed,n/a; historical extraction not performed,n/a; historical extraction not performed,n/a; historical extraction not performed,n/a; historical extraction not performed,n/a; historical extraction not performed,n/a; historical extraction not performed,n/a; historical extraction not performed,n/a; historical extraction not performed,n/a; historical extraction not performed,n/a; historical extraction not performed,n/a; historical extraction not performed,n/a; historical extraction not performed,438497890679,502699176400
tuning_pass1_transition_32_fsr3_native_aa_to_none_strict_qpc_tick,n/a; historical extraction not performed,n/a; historical extraction not performed,n/a; historical extraction not performed,n/a; historical extraction not performed,n/a; historical extraction not performed,n/a; historical extraction not performed,n/a; historical extraction not performed,n/a; historical extraction not performed,n/a; historical extraction not performed,n/a; historical extraction not performed,n/a; historical extraction not performed,n/a; historical extraction not performed,n/a; historical extraction not performed,n/a; historical extraction not performed,n/a; historical extraction not performed,438502070174,502703752579
tuning_pass1_transition_32_fsr3_native_aa_to_none_qpc_frequency_hz,n/a; historical extraction not performed,n/a; historical extraction not performed,n/a; historical extraction not performed,n/a; historical extraction not performed,n/a; historical extraction not performed,n/a; historical extraction not performed,n/a; historical extraction not performed,n/a; historical extraction not performed,n/a; historical extraction not performed,n/a; historical extraction not performed,n/a; historical extraction not performed,n/a; historical extraction not performed,n/a; historical extraction not performed,n/a; historical extraction not performed,n/a; historical extraction not performed,10000000,10000000
tuning_pass1_transition_33_none_to_dlaa_presentation_ms,n/a; historical extraction not performed,n/a; historical extraction not performed,n/a; historical extraction not performed,n/a; historical extraction not performed,n/a; historical extraction not performed,n/a; historical extraction not performed,n/a; historical extraction not performed,n/a; historical extraction not performed,n/a; historical extraction not performed,n/a; historical extraction not performed,n/a; historical extraction not performed,n/a; historical extraction not performed,n/a; historical extraction not performed,n/a; historical extraction not performed,n/a; historical extraction not performed,237.079,305.4612
tuning_pass1_transition_33_none_to_dlaa_cleanup_ms,n/a; historical extraction not performed,n/a; historical extraction not performed,n/a; historical extraction not performed,n/a; historical extraction not performed,n/a; historical extraction not performed,n/a; historical extraction not performed,n/a; historical extraction not performed,n/a; historical extraction not performed,n/a; historical extraction not performed,n/a; historical extraction not performed,n/a; historical extraction not performed,n/a; historical extraction not performed,n/a; historical extraction not performed,n/a; historical extraction not performed,n/a; historical extraction not performed,237.079,305.4612
tuning_pass1_transition_33_none_to_dlaa_cleanup_tail_ms,n/a; historical extraction not performed,n/a; historical extraction not performed,n/a; historical extraction not performed,n/a; historical extraction not performed,n/a; historical extraction not performed,n/a; historical extraction not performed,n/a; historical extraction not performed,n/a; historical extraction not performed,n/a; historical extraction not performed,n/a; historical extraction not performed,n/a; historical extraction not performed,n/a; historical extraction not performed,n/a; historical extraction not performed,n/a; historical extraction not performed,n/a; historical extraction not performed,0,0
tuning_pass1_transition_33_none_to_dlaa_strict_frames,n/a; historical extraction not performed,n/a; historical extraction not performed,n/a; historical extraction not performed,n/a; historical extraction not performed,n/a; historical extraction not performed,n/a; historical extraction not performed,n/a; historical extraction not performed,n/a; historical extraction not performed,n/a; historical extraction not performed,n/a; historical extraction not performed,n/a; historical extraction not performed,n/a; historical extraction not performed,n/a; historical extraction not performed,n/a; historical extraction not performed,n/a; historical extraction not performed,3,5
tuning_pass1_transition_33_none_to_dlaa_dispatch_qpc_tick,n/a; historical extraction not performed,n/a; historical extraction not performed,n/a; historical extraction not performed,n/a; historical extraction not performed,n/a; historical extraction not performed,n/a; historical extraction not performed,n/a; historical extraction not performed,n/a; historical extraction not performed,n/a; historical extraction not performed,n/a; historical extraction not performed,n/a; historical extraction not performed,n/a; historical extraction not performed,n/a; historical extraction not performed,n/a; historical extraction not performed,n/a; historical extraction not performed,438553081896,502754975022
tuning_pass1_transition_33_none_to_dlaa_strict_qpc_tick,n/a; historical extraction not performed,n/a; historical extraction not performed,n/a; historical extraction not performed,n/a; historical extraction not performed,n/a; historical extraction not performed,n/a; historical extraction not performed,n/a; historical extraction not performed,n/a; historical extraction not performed,n/a; historical extraction not performed,n/a; historical extraction not performed,n/a; historical extraction not performed,n/a; historical extraction not performed,n/a; historical extraction not performed,n/a; historical extraction not performed,n/a; historical extraction not performed,438555452686,502758029634
tuning_pass1_transition_33_none_to_dlaa_qpc_frequency_hz,n/a; historical extraction not performed,n/a; historical extraction not performed,n/a; historical extraction not performed,n/a; historical extraction not performed,n/a; historical extraction not performed,n/a; historical extraction not performed,n/a; historical extraction not performed,n/a; historical extraction not performed,n/a; historical extraction not performed,n/a; historical extraction not performed,n/a; historical extraction not performed,n/a; historical extraction not performed,n/a; historical extraction not performed,n/a; historical extraction not performed,n/a; historical extraction not performed,10000000,10000000
tuning_pass2_transition_01_dlss_hoshipa_to_none_presentation_ms,n/a; historical extraction not performed,n/a; historical extraction not performed,n/a; historical extraction not performed,n/a; historical extraction not performed,n/a; historical extraction not performed,n/a; historical extraction not performed,n/a; historical extraction not performed,n/a; historical extraction not performed,n/a; historical extraction not performed,n/a; historical extraction not performed,n/a; historical extraction not performed,n/a; historical extraction not performed,n/a; historical extraction not performed,n/a; historical extraction not performed,n/a; historical extraction not performed,502.3278,535.3178
tuning_pass2_transition_01_dlss_hoshipa_to_none_cleanup_ms,n/a; historical extraction not performed,n/a; historical extraction not performed,n/a; historical extraction not performed,n/a; historical extraction not performed,n/a; historical extraction not performed,n/a; historical extraction not performed,n/a; historical extraction not performed,n/a; historical extraction not performed,n/a; historical extraction not performed,n/a; historical extraction not performed,n/a; historical extraction not performed,n/a; historical extraction not performed,n/a; historical extraction not performed,n/a; historical extraction not performed,n/a; historical extraction not performed,734.8862,773.7207
tuning_pass2_transition_01_dlss_hoshipa_to_none_cleanup_tail_ms,n/a; historical extraction not performed,n/a; historical extraction not performed,n/a; historical extraction not performed,n/a; historical extraction not performed,n/a; historical extraction not performed,n/a; historical extraction not performed,n/a; historical extraction not performed,n/a; historical extraction not performed,n/a; historical extraction not performed,n/a; historical extraction not performed,n/a; historical extraction not performed,n/a; historical extraction not performed,n/a; historical extraction not performed,n/a; historical extraction not performed,n/a; historical extraction not performed,232.5584,238.4029
tuning_pass2_transition_01_dlss_hoshipa_to_none_strict_frames,n/a; historical extraction not performed,n/a; historical extraction not performed,n/a; historical extraction not performed,n/a; historical extraction not performed,n/a; historical extraction not performed,n/a; historical extraction not performed,n/a; historical extraction not performed,n/a; historical extraction not performed,n/a; historical extraction not performed,n/a; historical extraction not performed,n/a; historical extraction not performed,n/a; historical extraction not performed,n/a; historical extraction not performed,n/a; historical extraction not performed,n/a; historical extraction not performed,16,14
tuning_pass2_transition_01_dlss_hoshipa_to_none_dispatch_qpc_tick,n/a; historical extraction not performed,n/a; historical extraction not performed,n/a; historical extraction not performed,n/a; historical extraction not performed,n/a; historical extraction not performed,n/a; historical extraction not performed,n/a; historical extraction not performed,n/a; historical extraction not performed,n/a; historical extraction not performed,n/a; historical extraction not performed,n/a; historical extraction not performed,n/a; historical extraction not performed,n/a; historical extraction not performed,n/a; historical extraction not performed,n/a; historical extraction not performed,438735515155,502940367478
tuning_pass2_transition_01_dlss_hoshipa_to_none_strict_qpc_tick,n/a; historical extraction not performed,n/a; historical extraction not performed,n/a; historical extraction not performed,n/a; historical extraction not performed,n/a; historical extraction not performed,n/a; historical extraction not performed,n/a; historical extraction not performed,n/a; historical extraction not performed,n/a; historical extraction not performed,n/a; historical extraction not performed,n/a; historical extraction not performed,n/a; historical extraction not performed,n/a; historical extraction not performed,n/a; historical extraction not performed,n/a; historical extraction not performed,438742864017,502948104685
tuning_pass2_transition_01_dlss_hoshipa_to_none_qpc_frequency_hz,n/a; historical extraction not performed,n/a; historical extraction not performed,n/a; historical extraction not performed,n/a; historical extraction not performed,n/a; historical extraction not performed,n/a; historical extraction not performed,n/a; historical extraction not performed,n/a; historical extraction not performed,n/a; historical extraction not performed,n/a; historical extraction not performed,n/a; historical extraction not performed,n/a; historical extraction not performed,n/a; historical extraction not performed,n/a; historical extraction not performed,n/a; historical extraction not performed,10000000,10000000
tuning_pass2_transition_02_none_to_taa_presentation_ms,n/a; historical extraction not performed,n/a; historical extraction not performed,n/a; historical extraction not performed,n/a; historical extraction not performed,n/a; historical extraction not performed,n/a; historical extraction not performed,n/a; historical extraction not performed,n/a; historical extraction not performed,n/a; historical extraction not performed,n/a; historical extraction not performed,n/a; historical extraction not performed,n/a; historical extraction not performed,n/a; historical extraction not performed,n/a; historical extraction not performed,n/a; historical extraction not performed,177.7818,185.6428
tuning_pass2_transition_02_none_to_taa_cleanup_ms,n/a; historical extraction not performed,n/a; historical extraction not performed,n/a; historical extraction not performed,n/a; historical extraction not performed,n/a; historical extraction not performed,n/a; historical extraction not performed,n/a; historical extraction not performed,n/a; historical extraction not performed,n/a; historical extraction not performed,n/a; historical extraction not performed,n/a; historical extraction not performed,n/a; historical extraction not performed,n/a; historical extraction not performed,n/a; historical extraction not performed,n/a; historical extraction not performed,177.7818,185.6428
tuning_pass2_transition_02_none_to_taa_cleanup_tail_ms,n/a; historical extraction not performed,n/a; historical extraction not performed,n/a; historical extraction not performed,n/a; historical extraction not performed,n/a; historical extraction not performed,n/a; historical extraction not performed,n/a; historical extraction not performed,n/a; historical extraction not performed,n/a; historical extraction not performed,n/a; historical extraction not performed,n/a; historical extraction not performed,n/a; historical extraction not performed,n/a; historical extraction not performed,n/a; historical extraction not performed,n/a; historical extraction not performed,0,0
tuning_pass2_transition_02_none_to_taa_strict_frames,n/a; historical extraction not performed,n/a; historical extraction not performed,n/a; historical extraction not performed,n/a; historical extraction not performed,n/a; historical extraction not performed,n/a; historical extraction not performed,n/a; historical extraction not performed,n/a; historical extraction not performed,n/a; historical extraction not performed,n/a; historical extraction not performed,n/a; historical extraction not performed,n/a; historical extraction not performed,n/a; historical extraction not performed,n/a; historical extraction not performed,n/a; historical extraction not performed,3,4
tuning_pass2_transition_02_none_to_taa_dispatch_qpc_tick,n/a; historical extraction not performed,n/a; historical extraction not performed,n/a; historical extraction not performed,n/a; historical extraction not performed,n/a; historical extraction not performed,n/a; historical extraction not performed,n/a; historical extraction not performed,n/a; historical extraction not performed,n/a; historical extraction not performed,n/a; historical extraction not performed,n/a; historical extraction not performed,n/a; historical extraction not performed,n/a; historical extraction not performed,n/a; historical extraction not performed,n/a; historical extraction not performed,438793821595,502998973646
tuning_pass2_transition_02_none_to_taa_strict_qpc_tick,n/a; historical extraction not performed,n/a; historical extraction not performed,n/a; historical extraction not performed,n/a; historical extraction not performed,n/a; historical extraction not performed,n/a; historical extraction not performed,n/a; historical extraction not performed,n/a; historical extraction not performed,n/a; historical extraction not performed,n/a; historical extraction not performed,n/a; historical extraction not performed,n/a; historical extraction not performed,n/a; historical extraction not performed,n/a; historical extraction not performed,n/a; historical extraction not performed,438795599413,503000830074
tuning_pass2_transition_02_none_to_taa_qpc_frequency_hz,n/a; historical extraction not performed,n/a; historical extraction not performed,n/a; historical extraction not performed,n/a; historical extraction not performed,n/a; historical extraction not performed,n/a; historical extraction not performed,n/a; historical extraction not performed,n/a; historical extraction not performed,n/a; historical extraction not performed,n/a; historical extraction not performed,n/a; historical extraction not performed,n/a; historical extraction not performed,n/a; historical extraction not performed,n/a; historical extraction not performed,n/a; historical extraction not performed,10000000,10000000
tuning_pass2_transition_03_taa_to_dlaa_presentation_ms,n/a; historical extraction not performed,n/a; historical extraction not performed,n/a; historical extraction not performed,n/a; historical extraction not performed,n/a; historical extraction not performed,n/a; historical extraction not performed,n/a; historical extraction not performed,n/a; historical extraction not performed,n/a; historical extraction not performed,n/a; historical extraction not performed,n/a; historical extraction not performed,n/a; historical extraction not performed,n/a; historical extraction not performed,n/a; historical extraction not performed,n/a; historical extraction not performed,260.5254,273.7567
tuning_pass2_transition_03_taa_to_dlaa_cleanup_ms,n/a; historical extraction not performed,n/a; historical extraction not performed,n/a; historical extraction not performed,n/a; historical extraction not performed,n/a; historical extraction not performed,n/a; historical extraction not performed,n/a; historical extraction not performed,n/a; historical extraction not performed,n/a; historical extraction not performed,n/a; historical extraction not performed,n/a; historical extraction not performed,n/a; historical extraction not performed,n/a; historical extraction not performed,n/a; historical extraction not performed,n/a; historical extraction not performed,260.5254,273.7567
tuning_pass2_transition_03_taa_to_dlaa_cleanup_tail_ms,n/a; historical extraction not performed,n/a; historical extraction not performed,n/a; historical extraction not performed,n/a; historical extraction not performed,n/a; historical extraction not performed,n/a; historical extraction not performed,n/a; historical extraction not performed,n/a; historical extraction not performed,n/a; historical extraction not performed,n/a; historical extraction not performed,n/a; historical extraction not performed,n/a; historical extraction not performed,n/a; historical extraction not performed,n/a; historical extraction not performed,n/a; historical extraction not performed,0,0
tuning_pass2_transition_03_taa_to_dlaa_strict_frames,n/a; historical extraction not performed,n/a; historical extraction not performed,n/a; historical extraction not performed,n/a; historical extraction not performed,n/a; historical extraction not performed,n/a; historical extraction not performed,n/a; historical extraction not performed,n/a; historical extraction not performed,n/a; historical extraction not performed,n/a; historical extraction not performed,n/a; historical extraction not performed,n/a; historical extraction not performed,n/a; historical extraction not performed,n/a; historical extraction not performed,n/a; historical extraction not performed,3,4
tuning_pass2_transition_03_taa_to_dlaa_dispatch_qpc_tick,n/a; historical extraction not performed,n/a; historical extraction not performed,n/a; historical extraction not performed,n/a; historical extraction not performed,n/a; historical extraction not performed,n/a; historical extraction not performed,n/a; historical extraction not performed,n/a; historical extraction not performed,n/a; historical extraction not performed,n/a; historical extraction not performed,n/a; historical extraction not performed,n/a; historical extraction not performed,n/a; historical extraction not performed,n/a; historical extraction not performed,n/a; historical extraction not performed,438846602920,503051857263
tuning_pass2_transition_03_taa_to_dlaa_strict_qpc_tick,n/a; historical extraction not performed,n/a; historical extraction not performed,n/a; historical extraction not performed,n/a; historical extraction not performed,n/a; historical extraction not performed,n/a; historical extraction not performed,n/a; historical extraction not performed,n/a; historical extraction not performed,n/a; historical extraction not performed,n/a; historical extraction not performed,n/a; historical extraction not performed,n/a; historical extraction not performed,n/a; historical extraction not performed,n/a; historical extraction not performed,n/a; historical extraction not performed,438849208174,503054594830
tuning_pass2_transition_03_taa_to_dlaa_qpc_frequency_hz,n/a; historical extraction not performed,n/a; historical extraction not performed,n/a; historical extraction not performed,n/a; historical extraction not performed,n/a; historical extraction not performed,n/a; historical extraction not performed,n/a; historical extraction not performed,n/a; historical extraction not performed,n/a; historical extraction not performed,n/a; historical extraction not performed,n/a; historical extraction not performed,n/a; historical extraction not performed,n/a; historical extraction not performed,n/a; historical extraction not performed,n/a; historical extraction not performed,10000000,10000000
tuning_pass2_transition_04_dlaa_to_dlss_hoshipa_presentation_ms,n/a; historical extraction not performed,n/a; historical extraction not performed,n/a; historical extraction not performed,n/a; historical extraction not performed,n/a; historical extraction not performed,n/a; historical extraction not performed,n/a; historical extraction not performed,n/a; historical extraction not performed,n/a; historical extraction not performed,n/a; historical extraction not performed,n/a; historical extraction not performed,n/a; historical extraction not performed,n/a; historical extraction not performed,n/a; historical extraction not performed,n/a; historical extraction not performed,716.6623,839.0668
tuning_pass2_transition_04_dlaa_to_dlss_hoshipa_cleanup_ms,n/a; historical extraction not performed,n/a; historical extraction not performed,n/a; historical extraction not performed,n/a; historical extraction not performed,n/a; historical extraction not performed,n/a; historical extraction not performed,n/a; historical extraction not performed,n/a; historical extraction not performed,n/a; historical extraction not performed,n/a; historical extraction not performed,n/a; historical extraction not performed,n/a; historical extraction not performed,n/a; historical extraction not performed,n/a; historical extraction not performed,n/a; historical extraction not performed,829.5528,969.42
tuning_pass2_transition_04_dlaa_to_dlss_hoshipa_cleanup_tail_ms,n/a; historical extraction not performed,n/a; historical extraction not performed,n/a; historical extraction not performed,n/a; historical extraction not performed,n/a; historical extraction not performed,n/a; historical extraction not performed,n/a; historical extraction not performed,n/a; historical extraction not performed,n/a; historical extraction not performed,n/a; historical extraction not performed,n/a; historical extraction not performed,n/a; historical extraction not performed,n/a; historical extraction not performed,n/a; historical extraction not performed,n/a; historical extraction not performed,112.8905,130.3532
tuning_pass2_transition_04_dlaa_to_dlss_hoshipa_strict_frames,n/a; historical extraction not performed,n/a; historical extraction not performed,n/a; historical extraction not performed,n/a; historical extraction not performed,n/a; historical extraction not performed,n/a; historical extraction not performed,n/a; historical extraction not performed,n/a; historical extraction not performed,n/a; historical extraction not performed,n/a; historical extraction not performed,n/a; historical extraction not performed,n/a; historical extraction not performed,n/a; historical extraction not performed,n/a; historical extraction not performed,n/a; historical extraction not performed,18,17
tuning_pass2_transition_04_dlaa_to_dlss_hoshipa_dispatch_qpc_tick,n/a; historical extraction not performed,n/a; historical extraction not performed,n/a; historical extraction not performed,n/a; historical extraction not performed,n/a; historical extraction not performed,n/a; historical extraction not performed,n/a; historical extraction not performed,n/a; historical extraction not performed,n/a; historical extraction not performed,n/a; historical extraction not performed,n/a; historical extraction not performed,n/a; historical extraction not performed,n/a; historical extraction not performed,n/a; historical extraction not performed,n/a; historical extraction not performed,438900194471,503105575239
tuning_pass2_transition_04_dlaa_to_dlss_hoshipa_strict_qpc_tick,n/a; historical extraction not performed,n/a; historical extraction not performed,n/a; historical extraction not performed,n/a; historical extraction not performed,n/a; historical extraction not performed,n/a; historical extraction not performed,n/a; historical extraction not performed,n/a; historical extraction not performed,n/a; historical extraction not performed,n/a; historical extraction not performed,n/a; historical extraction not performed,n/a; historical extraction not performed,n/a; historical extraction not performed,n/a; historical extraction not performed,n/a; historical extraction not performed,438909261276,503116103018
tuning_pass2_transition_04_dlaa_to_dlss_hoshipa_qpc_frequency_hz,n/a; historical extraction not performed,n/a; historical extraction not performed,n/a; historical extraction not performed,n/a; historical extraction not performed,n/a; historical extraction not performed,n/a; historical extraction not performed,n/a; historical extraction not performed,n/a; historical extraction not performed,n/a; historical extraction not performed,n/a; historical extraction not performed,n/a; historical extraction not performed,n/a; historical extraction not performed,n/a; historical extraction not performed,n/a; historical extraction not performed,n/a; historical extraction not performed,10000000,10000000
tuning_pass2_transition_05_dlss_hoshipa_to_dlss_ultra_quality_presentation_ms,n/a; historical extraction not performed,n/a; historical extraction not performed,n/a; historical extraction not performed,n/a; historical extraction not performed,n/a; historical extraction not performed,n/a; historical extraction not performed,n/a; historical extraction not performed,n/a; historical extraction not performed,n/a; historical extraction not performed,n/a; historical extraction not performed,n/a; historical extraction not performed,n/a; historical extraction not performed,n/a; historical extraction not performed,n/a; historical extraction not performed,n/a; historical extraction not performed,700.2047,775.6167
tuning_pass2_transition_05_dlss_hoshipa_to_dlss_ultra_quality_cleanup_ms,n/a; historical extraction not performed,n/a; historical extraction not performed,n/a; historical extraction not performed,n/a; historical extraction not performed,n/a; historical extraction not performed,n/a; historical extraction not performed,n/a; historical extraction not performed,n/a; historical extraction not performed,n/a; historical extraction not performed,n/a; historical extraction not performed,n/a; historical extraction not performed,n/a; historical extraction not performed,n/a; historical extraction not performed,n/a; historical extraction not performed,n/a; historical extraction not performed,819.5783,958.1921
tuning_pass2_transition_05_dlss_hoshipa_to_dlss_ultra_quality_cleanup_tail_ms,n/a; historical extraction not performed,n/a; historical extraction not performed,n/a; historical extraction not performed,n/a; historical extraction not performed,n/a; historical extraction not performed,n/a; historical extraction not performed,n/a; historical extraction not performed,n/a; historical extraction not performed,n/a; historical extraction not performed,n/a; historical extraction not performed,n/a; historical extraction not performed,n/a; historical extraction not performed,n/a; historical extraction not performed,n/a; historical extraction not performed,n/a; historical extraction not performed,119.3736,182.5754
tuning_pass2_transition_05_dlss_hoshipa_to_dlss_ultra_quality_strict_frames,n/a; historical extraction not performed,n/a; historical extraction not performed,n/a; historical extraction not performed,n/a; historical extraction not performed,n/a; historical extraction not performed,n/a; historical extraction not performed,n/a; historical extraction not performed,n/a; historical extraction not performed,n/a; historical extraction not performed,n/a; historical extraction not performed,n/a; historical extraction not performed,n/a; historical extraction not performed,n/a; historical extraction not performed,n/a; historical extraction not performed,n/a; historical extraction not performed,18,18
tuning_pass2_transition_05_dlss_hoshipa_to_dlss_ultra_quality_dispatch_qpc_tick,n/a; historical extraction not performed,n/a; historical extraction not performed,n/a; historical extraction not performed,n/a; historical extraction not performed,n/a; historical extraction not performed,n/a; historical extraction not performed,n/a; historical extraction not performed,n/a; historical extraction not performed,n/a; historical extraction not performed,n/a; historical extraction not performed,n/a; historical extraction not performed,n/a; historical extraction not performed,n/a; historical extraction not performed,n/a; historical extraction not performed,n/a; historical extraction not performed,438960398512,503167309627
tuning_pass2_transition_05_dlss_hoshipa_to_dlss_ultra_quality_strict_qpc_tick,n/a; historical extraction not performed,n/a; historical extraction not performed,n/a; historical extraction not performed,n/a; historical extraction not performed,n/a; historical extraction not performed,n/a; historical extraction not performed,n/a; historical extraction not performed,n/a; historical extraction not performed,n/a; historical extraction not performed,n/a; historical extraction not performed,n/a; historical extraction not performed,n/a; historical extraction not performed,n/a; historical extraction not performed,n/a; historical extraction not performed,n/a; historical extraction not performed,438969441489,503177743779
tuning_pass2_transition_05_dlss_hoshipa_to_dlss_ultra_quality_qpc_frequency_hz,n/a; historical extraction not performed,n/a; historical extraction not performed,n/a; historical extraction not performed,n/a; historical extraction not performed,n/a; historical extraction not performed,n/a; historical extraction not performed,n/a; historical extraction not performed,n/a; historical extraction not performed,n/a; historical extraction not performed,n/a; historical extraction not performed,n/a; historical extraction not performed,n/a; historical extraction not performed,n/a; historical extraction not performed,n/a; historical extraction not performed,n/a; historical extraction not performed,10000000,10000000
tuning_pass2_transition_06_dlss_ultra_quality_to_dlss_quality_presentation_ms,n/a; historical extraction not performed,n/a; historical extraction not performed,n/a; historical extraction not performed,n/a; historical extraction not performed,n/a; historical extraction not performed,n/a; historical extraction not performed,n/a; historical extraction not performed,n/a; historical extraction not performed,n/a; historical extraction not performed,n/a; historical extraction not performed,n/a; historical extraction not performed,n/a; historical extraction not performed,n/a; historical extraction not performed,n/a; historical extraction not performed,n/a; historical extraction not performed,813.2633,987.3501
tuning_pass2_transition_06_dlss_ultra_quality_to_dlss_quality_cleanup_ms,n/a; historical extraction not performed,n/a; historical extraction not performed,n/a; historical extraction not performed,n/a; historical extraction not performed,n/a; historical extraction not performed,n/a; historical extraction not performed,n/a; historical extraction not performed,n/a; historical extraction not performed,n/a; historical extraction not performed,n/a; historical extraction not performed,n/a; historical extraction not performed,n/a; historical extraction not performed,n/a; historical extraction not performed,n/a; historical extraction not performed,n/a; historical extraction not performed,953.0476,1115.5676
tuning_pass2_transition_06_dlss_ultra_quality_to_dlss_quality_cleanup_tail_ms,n/a; historical extraction not performed,n/a; historical extraction not performed,n/a; historical extraction not performed,n/a; historical extraction not performed,n/a; historical extraction not performed,n/a; historical extraction not performed,n/a; historical extraction not performed,n/a; historical extraction not performed,n/a; historical extraction not performed,n/a; historical extraction not performed,n/a; historical extraction not performed,n/a; historical extraction not performed,n/a; historical extraction not performed,n/a; historical extraction not performed,n/a; historical extraction not performed,139.7843,128.2175
tuning_pass2_transition_06_dlss_ultra_quality_to_dlss_quality_strict_frames,n/a; historical extraction not performed,n/a; historical extraction not performed,n/a; historical extraction not performed,n/a; historical extraction not performed,n/a; historical extraction not performed,n/a; historical extraction not performed,n/a; historical extraction not performed,n/a; historical extraction not performed,n/a; historical extraction not performed,n/a; historical extraction not performed,n/a; historical extraction not performed,n/a; historical extraction not performed,n/a; historical extraction not performed,n/a; historical extraction not performed,n/a; historical extraction not performed,21,22
tuning_pass2_transition_06_dlss_ultra_quality_to_dlss_quality_dispatch_qpc_tick,n/a; historical extraction not performed,n/a; historical extraction not performed,n/a; historical extraction not performed,n/a; historical extraction not performed,n/a; historical extraction not performed,n/a; historical extraction not performed,n/a; historical extraction not performed,n/a; historical extraction not performed,n/a; historical extraction not performed,n/a; historical extraction not performed,n/a; historical extraction not performed,n/a; historical extraction not performed,n/a; historical extraction not performed,n/a; historical extraction not performed,n/a; historical extraction not performed,439020541532,503228914460
tuning_pass2_transition_06_dlss_ultra_quality_to_dlss_quality_strict_qpc_tick,n/a; historical extraction not performed,n/a; historical extraction not performed,n/a; historical extraction not performed,n/a; historical extraction not performed,n/a; historical extraction not performed,n/a; historical extraction not performed,n/a; historical extraction not performed,n/a; historical extraction not performed,n/a; historical extraction not performed,n/a; historical extraction not performed,n/a; historical extraction not performed,n/a; historical extraction not performed,n/a; historical extraction not performed,n/a; historical extraction not performed,n/a; historical extraction not performed,439030940883,503240900540
tuning_pass2_transition_06_dlss_ultra_quality_to_dlss_quality_qpc_frequency_hz,n/a; historical extraction not performed,n/a; historical extraction not performed,n/a; historical extraction not performed,n/a; historical extraction not performed,n/a; historical extraction not performed,n/a; historical extraction not performed,n/a; historical extraction not performed,n/a; historical extraction not performed,n/a; historical extraction not performed,n/a; historical extraction not performed,n/a; historical extraction not performed,n/a; historical extraction not performed,n/a; historical extraction not performed,n/a; historical extraction not performed,n/a; historical extraction not performed,10000000,10000000
tuning_pass2_transition_07_dlss_quality_to_dlss_balanced_presentation_ms,n/a; historical extraction not performed,n/a; historical extraction not performed,n/a; historical extraction not performed,n/a; historical extraction not performed,n/a; historical extraction not performed,n/a; historical extraction not performed,n/a; historical extraction not performed,n/a; historical extraction not performed,n/a; historical extraction not performed,n/a; historical extraction not performed,n/a; historical extraction not performed,n/a; historical extraction not performed,n/a; historical extraction not performed,n/a; historical extraction not performed,n/a; historical extraction not performed,859.1863,998.7092
tuning_pass2_transition_07_dlss_quality_to_dlss_balanced_cleanup_ms,n/a; historical extraction not performed,n/a; historical extraction not performed,n/a; historical extraction not performed,n/a; historical extraction not performed,n/a; historical extraction not performed,n/a; historical extraction not performed,n/a; historical extraction not performed,n/a; historical extraction not performed,n/a; historical extraction not performed,n/a; historical extraction not performed,n/a; historical extraction not performed,n/a; historical extraction not performed,n/a; historical extraction not performed,n/a; historical extraction not performed,n/a; historical extraction not performed,980.4415,1138.1648
tuning_pass2_transition_07_dlss_quality_to_dlss_balanced_cleanup_tail_ms,n/a; historical extraction not performed,n/a; historical extraction not performed,n/a; historical extraction not performed,n/a; historical extraction not performed,n/a; historical extraction not performed,n/a; historical extraction not performed,n/a; historical extraction not performed,n/a; historical extraction not performed,n/a; historical extraction not performed,n/a; historical extraction not performed,n/a; historical extraction not performed,n/a; historical extraction not performed,n/a; historical extraction not performed,n/a; historical extraction not performed,n/a; historical extraction not performed,121.2552,139.4556
tuning_pass2_transition_07_dlss_quality_to_dlss_balanced_strict_frames,n/a; historical extraction not performed,n/a; historical extraction not performed,n/a; historical extraction not performed,n/a; historical extraction not performed,n/a; historical extraction not performed,n/a; historical extraction not performed,n/a; historical extraction not performed,n/a; historical extraction not performed,n/a; historical extraction not performed,n/a; historical extraction not performed,n/a; historical extraction not performed,n/a; historical extraction not performed,n/a; historical extraction not performed,n/a; historical extraction not performed,n/a; historical extraction not performed,21,21
tuning_pass2_transition_07_dlss_quality_to_dlss_balanced_dispatch_qpc_tick,n/a; historical extraction not performed,n/a; historical extraction not performed,n/a; historical extraction not performed,n/a; historical extraction not performed,n/a; historical extraction not performed,n/a; historical extraction not performed,n/a; historical extraction not performed,n/a; historical extraction not performed,n/a; historical extraction not performed,n/a; historical extraction not performed,n/a; historical extraction not performed,n/a; historical extraction not performed,n/a; historical extraction not performed,n/a; historical extraction not performed,n/a; historical extraction not performed,439082461974,503292164397
tuning_pass2_transition_07_dlss_quality_to_dlss_balanced_strict_qpc_tick,n/a; historical extraction not performed,n/a; historical extraction not performed,n/a; historical extraction not performed,n/a; historical extraction not performed,n/a; historical extraction not performed,n/a; historical extraction not performed,n/a; historical extraction not performed,n/a; historical extraction not performed,n/a; historical extraction not performed,n/a; historical extraction not performed,n/a; historical extraction not performed,n/a; historical extraction not performed,n/a; historical extraction not performed,n/a; historical extraction not performed,n/a; historical extraction not performed,439093102400,503304448956
tuning_pass2_transition_07_dlss_quality_to_dlss_balanced_qpc_frequency_hz,n/a; historical extraction not performed,n/a; historical extraction not performed,n/a; historical extraction not performed,n/a; historical extraction not performed,n/a; historical extraction not performed,n/a; historical extraction not performed,n/a; historical extraction not performed,n/a; historical extraction not performed,n/a; historical extraction not performed,n/a; historical extraction not performed,n/a; historical extraction not performed,n/a; historical extraction not performed,n/a; historical extraction not performed,n/a; historical extraction not performed,n/a; historical extraction not performed,10000000,10000000
tuning_pass2_transition_08_dlss_balanced_to_dlss_performance_presentation_ms,n/a; historical extraction not performed,n/a; historical extraction not performed,n/a; historical extraction not performed,n/a; historical extraction not performed,n/a; historical extraction not performed,n/a; historical extraction not performed,n/a; historical extraction not performed,n/a; historical extraction not performed,n/a; historical extraction not performed,n/a; historical extraction not performed,n/a; historical extraction not performed,n/a; historical extraction not performed,n/a; historical extraction not performed,n/a; historical extraction not performed,n/a; historical extraction not performed,985.6732,1037.8177
tuning_pass2_transition_08_dlss_balanced_to_dlss_performance_cleanup_ms,n/a; historical extraction not performed,n/a; historical extraction not performed,n/a; historical extraction not performed,n/a; historical extraction not performed,n/a; historical extraction not performed,n/a; historical extraction not performed,n/a; historical extraction not performed,n/a; historical extraction not performed,n/a; historical extraction not performed,n/a; historical extraction not performed,n/a; historical extraction not performed,n/a; historical extraction not performed,n/a; historical extraction not performed,n/a; historical extraction not performed,n/a; historical extraction not performed,1120.5932,1168.613
tuning_pass2_transition_08_dlss_balanced_to_dlss_performance_cleanup_tail_ms,n/a; historical extraction not performed,n/a; historical extraction not performed,n/a; historical extraction not performed,n/a; historical extraction not performed,n/a; historical extraction not performed,n/a; historical extraction not performed,n/a; historical extraction not performed,n/a; historical extraction not performed,n/a; historical extraction not performed,n/a; historical extraction not performed,n/a; historical extraction not performed,n/a; historical extraction not performed,n/a; historical extraction not performed,n/a; historical extraction not performed,n/a; historical extraction not performed,134.92,130.7953
tuning_pass2_transition_08_dlss_balanced_to_dlss_performance_strict_frames,n/a; historical extraction not performed,n/a; historical extraction not performed,n/a; historical extraction not performed,n/a; historical extraction not performed,n/a; historical extraction not performed,n/a; historical extraction not performed,n/a; historical extraction not performed,n/a; historical extraction not performed,n/a; historical extraction not performed,n/a; historical extraction not performed,n/a; historical extraction not performed,n/a; historical extraction not performed,n/a; historical extraction not performed,n/a; historical extraction not performed,n/a; historical extraction not performed,23,22
tuning_pass2_transition_08_dlss_balanced_to_dlss_performance_dispatch_qpc_tick,n/a; historical extraction not performed,n/a; historical extraction not performed,n/a; historical extraction not performed,n/a; historical extraction not performed,n/a; historical extraction not performed,n/a; historical extraction not performed,n/a; historical extraction not performed,n/a; historical extraction not performed,n/a; historical extraction not performed,n/a; historical extraction not performed,n/a; historical extraction not performed,n/a; historical extraction not performed,n/a; historical extraction not performed,n/a; historical extraction not performed,n/a; historical extraction not performed,439144437120,503355787553
tuning_pass2_transition_08_dlss_balanced_to_dlss_performance_strict_qpc_tick,n/a; historical extraction not performed,n/a; historical extraction not performed,n/a; historical extraction not performed,n/a; historical extraction not performed,n/a; historical extraction not performed,n/a; historical extraction not performed,n/a; historical extraction not performed,n/a; historical extraction not performed,n/a; historical extraction not performed,n/a; historical extraction not performed,n/a; historical extraction not performed,n/a; historical extraction not performed,n/a; historical extraction not performed,n/a; historical extraction not performed,n/a; historical extraction not performed,439156492976,503368333597
tuning_pass2_transition_08_dlss_balanced_to_dlss_performance_qpc_frequency_hz,n/a; historical extraction not performed,n/a; historical extraction not performed,n/a; historical extraction not performed,n/a; historical extraction not performed,n/a; historical extraction not performed,n/a; historical extraction not performed,n/a; historical extraction not performed,n/a; historical extraction not performed,n/a; historical extraction not performed,n/a; historical extraction not performed,n/a; historical extraction not performed,n/a; historical extraction not performed,n/a; historical extraction not performed,n/a; historical extraction not performed,n/a; historical extraction not performed,10000000,10000000
tuning_pass2_transition_09_dlss_performance_to_dlss_ultra_performance_presentation_ms,n/a; historical extraction not performed,n/a; historical extraction not performed,n/a; historical extraction not performed,n/a; historical extraction not performed,n/a; historical extraction not performed,n/a; historical extraction not performed,n/a; historical extraction not performed,n/a; historical extraction not performed,n/a; historical extraction not performed,n/a; historical extraction not performed,n/a; historical extraction not performed,n/a; historical extraction not performed,n/a; historical extraction not performed,n/a; historical extraction not performed,n/a; historical extraction not performed,911.4361,936.6167
tuning_pass2_transition_09_dlss_performance_to_dlss_ultra_performance_cleanup_ms,n/a; historical extraction not performed,n/a; historical extraction not performed,n/a; historical extraction not performed,n/a; historical extraction not performed,n/a; historical extraction not performed,n/a; historical extraction not performed,n/a; historical extraction not performed,n/a; historical extraction not performed,n/a; historical extraction not performed,n/a; historical extraction not performed,n/a; historical extraction not performed,n/a; historical extraction not performed,n/a; historical extraction not performed,n/a; historical extraction not performed,n/a; historical extraction not performed,1028.6469,1070.5459
tuning_pass2_transition_09_dlss_performance_to_dlss_ultra_performance_cleanup_tail_ms,n/a; historical extraction not performed,n/a; historical extraction not performed,n/a; historical extraction not performed,n/a; historical extraction not performed,n/a; historical extraction not performed,n/a; historical extraction not performed,n/a; historical extraction not performed,n/a; historical extraction not performed,n/a; historical extraction not performed,n/a; historical extraction not performed,n/a; historical extraction not performed,n/a; historical extraction not performed,n/a; historical extraction not performed,n/a; historical extraction not performed,n/a; historical extraction not performed,117.2108,133.9292
tuning_pass2_transition_09_dlss_performance_to_dlss_ultra_performance_strict_frames,n/a; historical extraction not performed,n/a; historical extraction not performed,n/a; historical extraction not performed,n/a; historical extraction not performed,n/a; historical extraction not performed,n/a; historical extraction not performed,n/a; historical extraction not performed,n/a; historical extraction not performed,n/a; historical extraction not performed,n/a; historical extraction not performed,n/a; historical extraction not performed,n/a; historical extraction not performed,n/a; historical extraction not performed,n/a; historical extraction not performed,n/a; historical extraction not performed,22,23
tuning_pass2_transition_09_dlss_performance_to_dlss_ultra_performance_dispatch_qpc_tick,n/a; historical extraction not performed,n/a; historical extraction not performed,n/a; historical extraction not performed,n/a; historical extraction not performed,n/a; historical extraction not performed,n/a; historical extraction not performed,n/a; historical extraction not performed,n/a; historical extraction not performed,n/a; historical extraction not performed,n/a; historical extraction not performed,n/a; historical extraction not performed,n/a; historical extraction not performed,n/a; historical extraction not performed,n/a; historical extraction not performed,n/a; historical extraction not performed,439207916725,503419770263
tuning_pass2_transition_09_dlss_performance_to_dlss_ultra_performance_strict_qpc_tick,n/a; historical extraction not performed,n/a; historical extraction not performed,n/a; historical extraction not performed,n/a; historical extraction not performed,n/a; historical extraction not performed,n/a; historical extraction not performed,n/a; historical extraction not performed,n/a; historical extraction not performed,n/a; historical extraction not performed,n/a; historical extraction not performed,n/a; historical extraction not performed,n/a; historical extraction not performed,n/a; historical extraction not performed,n/a; historical extraction not performed,n/a; historical extraction not performed,439219044971,503431297070
tuning_pass2_transition_09_dlss_performance_to_dlss_ultra_performance_qpc_frequency_hz,n/a; historical extraction not performed,n/a; historical extraction not performed,n/a; historical extraction not performed,n/a; historical extraction not performed,n/a; historical extraction not performed,n/a; historical extraction not performed,n/a; historical extraction not performed,n/a; historical extraction not performed,n/a; historical extraction not performed,n/a; historical extraction not performed,n/a; historical extraction not performed,n/a; historical extraction not performed,n/a; historical extraction not performed,n/a; historical extraction not performed,n/a; historical extraction not performed,10000000,10000000
tuning_pass2_transition_10_dlss_ultra_performance_to_dlaa_presentation_ms,n/a; historical extraction not performed,n/a; historical extraction not performed,n/a; historical extraction not performed,n/a; historical extraction not performed,n/a; historical extraction not performed,n/a; historical extraction not performed,n/a; historical extraction not performed,n/a; historical extraction not performed,n/a; historical extraction not performed,n/a; historical extraction not performed,n/a; historical extraction not performed,n/a; historical extraction not performed,n/a; historical extraction not performed,n/a; historical extraction not performed,n/a; historical extraction not performed,576.8986,706.7275
tuning_pass2_transition_10_dlss_ultra_performance_to_dlaa_cleanup_ms,n/a; historical extraction not performed,n/a; historical extraction not performed,n/a; historical extraction not performed,n/a; historical extraction not performed,n/a; historical extraction not performed,n/a; historical extraction not performed,n/a; historical extraction not performed,n/a; historical extraction not performed,n/a; historical extraction not performed,n/a; historical extraction not performed,n/a; historical extraction not performed,n/a; historical extraction not performed,n/a; historical extraction not performed,n/a; historical extraction not performed,n/a; historical extraction not performed,729.9963,910.0292
tuning_pass2_transition_10_dlss_ultra_performance_to_dlaa_cleanup_tail_ms,n/a; historical extraction not performed,n/a; historical extraction not performed,n/a; historical extraction not performed,n/a; historical extraction not performed,n/a; historical extraction not performed,n/a; historical extraction not performed,n/a; historical extraction not performed,n/a; historical extraction not performed,n/a; historical extraction not performed,n/a; historical extraction not performed,n/a; historical extraction not performed,n/a; historical extraction not performed,n/a; historical extraction not performed,n/a; historical extraction not performed,n/a; historical extraction not performed,153.0977,203.3017
tuning_pass2_transition_10_dlss_ultra_performance_to_dlaa_strict_frames,n/a; historical extraction not performed,n/a; historical extraction not performed,n/a; historical extraction not performed,n/a; historical extraction not performed,n/a; historical extraction not performed,n/a; historical extraction not performed,n/a; historical extraction not performed,n/a; historical extraction not performed,n/a; historical extraction not performed,n/a; historical extraction not performed,n/a; historical extraction not performed,n/a; historical extraction not performed,n/a; historical extraction not performed,n/a; historical extraction not performed,n/a; historical extraction not performed,15,16
tuning_pass2_transition_10_dlss_ultra_performance_to_dlaa_dispatch_qpc_tick,n/a; historical extraction not performed,n/a; historical extraction not performed,n/a; historical extraction not performed,n/a; historical extraction not performed,n/a; historical extraction not performed,n/a; historical extraction not performed,n/a; historical extraction not performed,n/a; historical extraction not performed,n/a; historical extraction not performed,n/a; historical extraction not performed,n/a; historical extraction not performed,n/a; historical extraction not performed,n/a; historical extraction not performed,n/a; historical extraction not performed,n/a; historical extraction not performed,439270444046,503482527352
tuning_pass2_transition_10_dlss_ultra_performance_to_dlaa_strict_qpc_tick,n/a; historical extraction not performed,n/a; historical extraction not performed,n/a; historical extraction not performed,n/a; historical extraction not performed,n/a; historical extraction not performed,n/a; historical extraction not performed,n/a; historical extraction not performed,n/a; historical extraction not performed,n/a; historical extraction not performed,n/a; historical extraction not performed,n/a; historical extraction not performed,n/a; historical extraction not performed,n/a; historical extraction not performed,n/a; historical extraction not performed,n/a; historical extraction not performed,439277744009,503491627644
tuning_pass2_transition_10_dlss_ultra_performance_to_dlaa_qpc_frequency_hz,n/a; historical extraction not performed,n/a; historical extraction not performed,n/a; historical extraction not performed,n/a; historical extraction not performed,n/a; historical extraction not performed,n/a; historical extraction not performed,n/a; historical extraction not performed,n/a; historical extraction not performed,n/a; historical extraction not performed,n/a; historical extraction not performed,n/a; historical extraction not performed,n/a; historical extraction not performed,n/a; historical extraction not performed,n/a; historical extraction not performed,n/a; historical extraction not performed,10000000,10000000
tuning_pass2_transition_11_dlaa_to_taa_presentation_ms,n/a; historical extraction not performed,n/a; historical extraction not performed,n/a; historical extraction not performed,n/a; historical extraction not performed,n/a; historical extraction not performed,n/a; historical extraction not performed,n/a; historical extraction not performed,n/a; historical extraction not performed,n/a; historical extraction not performed,n/a; historical extraction not performed,n/a; historical extraction not performed,n/a; historical extraction not performed,n/a; historical extraction not performed,n/a; historical extraction not performed,n/a; historical extraction not performed,180.3297,219.6048
tuning_pass2_transition_11_dlaa_to_taa_cleanup_ms,n/a; historical extraction not performed,n/a; historical extraction not performed,n/a; historical extraction not performed,n/a; historical extraction not performed,n/a; historical extraction not performed,n/a; historical extraction not performed,n/a; historical extraction not performed,n/a; historical extraction not performed,n/a; historical extraction not performed,n/a; historical extraction not performed,n/a; historical extraction not performed,n/a; historical extraction not performed,n/a; historical extraction not performed,n/a; historical extraction not performed,n/a; historical extraction not performed,431.6839,630.6716
tuning_pass2_transition_11_dlaa_to_taa_cleanup_tail_ms,n/a; historical extraction not performed,n/a; historical extraction not performed,n/a; historical extraction not performed,n/a; historical extraction not performed,n/a; historical extraction not performed,n/a; historical extraction not performed,n/a; historical extraction not performed,n/a; historical extraction not performed,n/a; historical extraction not performed,n/a; historical extraction not performed,n/a; historical extraction not performed,n/a; historical extraction not performed,n/a; historical extraction not performed,n/a; historical extraction not performed,n/a; historical extraction not performed,251.3542,411.0668
tuning_pass2_transition_11_dlaa_to_taa_strict_frames,n/a; historical extraction not performed,n/a; historical extraction not performed,n/a; historical extraction not performed,n/a; historical extraction not performed,n/a; historical extraction not performed,n/a; historical extraction not performed,n/a; historical extraction not performed,n/a; historical extraction not performed,n/a; historical extraction not performed,n/a; historical extraction not performed,n/a; historical extraction not performed,n/a; historical extraction not performed,n/a; historical extraction not performed,n/a; historical extraction not performed,n/a; historical extraction not performed,11,10
tuning_pass2_transition_11_dlaa_to_taa_dispatch_qpc_tick,n/a; historical extraction not performed,n/a; historical extraction not performed,n/a; historical extraction not performed,n/a; historical extraction not performed,n/a; historical extraction not performed,n/a; historical extraction not performed,n/a; historical extraction not performed,n/a; historical extraction not performed,n/a; historical extraction not performed,n/a; historical extraction not performed,n/a; historical extraction not performed,n/a; historical extraction not performed,n/a; historical extraction not performed,n/a; historical extraction not performed,n/a; historical extraction not performed,439329184859,503543063434
tuning_pass2_transition_11_dlaa_to_taa_strict_qpc_tick,n/a; historical extraction not performed,n/a; historical extraction not performed,n/a; historical extraction not performed,n/a; historical extraction not performed,n/a; historical extraction not performed,n/a; historical extraction not performed,n/a; historical extraction not performed,n/a; historical extraction not performed,n/a; historical extraction not performed,n/a; historical extraction not performed,n/a; historical extraction not performed,n/a; historical extraction not performed,n/a; historical extraction not performed,n/a; historical extraction not performed,n/a; historical extraction not performed,439333501698,503549370150
tuning_pass2_transition_11_dlaa_to_taa_qpc_frequency_hz,n/a; historical extraction not performed,n/a; historical extraction not performed,n/a; historical extraction not performed,n/a; historical extraction not performed,n/a; historical extraction not performed,n/a; historical extraction not performed,n/a; historical extraction not performed,n/a; historical extraction not performed,n/a; historical extraction not performed,n/a; historical extraction not performed,n/a; historical extraction not performed,n/a; historical extraction not performed,n/a; historical extraction not performed,n/a; historical extraction not performed,n/a; historical extraction not performed,10000000,10000000
tuning_pass2_transition_12_taa_to_none_presentation_ms,n/a; historical extraction not performed,n/a; historical extraction not performed,n/a; historical extraction not performed,n/a; historical extraction not performed,n/a; historical extraction not performed,n/a; historical extraction not performed,n/a; historical extraction not performed,n/a; historical extraction not performed,n/a; historical extraction not performed,n/a; historical extraction not performed,n/a; historical extraction not performed,n/a; historical extraction not performed,n/a; historical extraction not performed,n/a; historical extraction not performed,n/a; historical extraction not performed,154.5059,173.3675
tuning_pass2_transition_12_taa_to_none_cleanup_ms,n/a; historical extraction not performed,n/a; historical extraction not performed,n/a; historical extraction not performed,n/a; historical extraction not performed,n/a; historical extraction not performed,n/a; historical extraction not performed,n/a; historical extraction not performed,n/a; historical extraction not performed,n/a; historical extraction not performed,n/a; historical extraction not performed,n/a; historical extraction not performed,n/a; historical extraction not performed,n/a; historical extraction not performed,n/a; historical extraction not performed,n/a; historical extraction not performed,154.5059,173.3675
tuning_pass2_transition_12_taa_to_none_cleanup_tail_ms,n/a; historical extraction not performed,n/a; historical extraction not performed,n/a; historical extraction not performed,n/a; historical extraction not performed,n/a; historical extraction not performed,n/a; historical extraction not performed,n/a; historical extraction not performed,n/a; historical extraction not performed,n/a; historical extraction not performed,n/a; historical extraction not performed,n/a; historical extraction not performed,n/a; historical extraction not performed,n/a; historical extraction not performed,n/a; historical extraction not performed,n/a; historical extraction not performed,0,0
tuning_pass2_transition_12_taa_to_none_strict_frames,n/a; historical extraction not performed,n/a; historical extraction not performed,n/a; historical extraction not performed,n/a; historical extraction not performed,n/a; historical extraction not performed,n/a; historical extraction not performed,n/a; historical extraction not performed,n/a; historical extraction not performed,n/a; historical extraction not performed,n/a; historical extraction not performed,n/a; historical extraction not performed,n/a; historical extraction not performed,n/a; historical extraction not performed,n/a; historical extraction not performed,n/a; historical extraction not performed,3,4
tuning_pass2_transition_12_taa_to_none_dispatch_qpc_tick,n/a; historical extraction not performed,n/a; historical extraction not performed,n/a; historical extraction not performed,n/a; historical extraction not performed,n/a; historical extraction not performed,n/a; historical extraction not performed,n/a; historical extraction not performed,n/a; historical extraction not performed,n/a; historical extraction not performed,n/a; historical extraction not performed,n/a; historical extraction not performed,n/a; historical extraction not performed,n/a; historical extraction not performed,n/a; historical extraction not performed,n/a; historical extraction not performed,439384358748,503600600704
tuning_pass2_transition_12_taa_to_none_strict_qpc_tick,n/a; historical extraction not performed,n/a; historical extraction not performed,n/a; historical extraction not performed,n/a; historical extraction not performed,n/a; historical extraction not performed,n/a; historical extraction not performed,n/a; historical extraction not performed,n/a; historical extraction not performed,n/a; historical extraction not performed,n/a; historical extraction not performed,n/a; historical extraction not performed,n/a; historical extraction not performed,n/a; historical extraction not performed,n/a; historical extraction not performed,n/a; historical extraction not performed,439385903807,503602334379
tuning_pass2_transition_12_taa_to_none_qpc_frequency_hz,n/a; historical extraction not performed,n/a; historical extraction not performed,n/a; historical extraction not performed,n/a; historical extraction not performed,n/a; historical extraction not performed,n/a; historical extraction not performed,n/a; historical extraction not performed,n/a; historical extraction not performed,n/a; historical extraction not performed,n/a; historical extraction not performed,n/a; historical extraction not performed,n/a; historical extraction not performed,n/a; historical extraction not performed,n/a; historical extraction not performed,n/a; historical extraction not performed,10000000,10000000
tuning_pass2_transition_13_none_to_fsr3_native_aa_presentation_ms,n/a; historical extraction not performed,n/a; historical extraction not performed,n/a; historical extraction not performed,n/a; historical extraction not performed,n/a; historical extraction not performed,n/a; historical extraction not performed,n/a; historical extraction not performed,n/a; historical extraction not performed,n/a; historical extraction not performed,n/a; historical extraction not performed,n/a; historical extraction not performed,n/a; historical extraction not performed,n/a; historical extraction not performed,n/a; historical extraction not performed,n/a; historical extraction not performed,567.7943,599.4765
tuning_pass2_transition_13_none_to_fsr3_native_aa_cleanup_ms,n/a; historical extraction not performed,n/a; historical extraction not performed,n/a; historical extraction not performed,n/a; historical extraction not performed,n/a; historical extraction not performed,n/a; historical extraction not performed,n/a; historical extraction not performed,n/a; historical extraction not performed,n/a; historical extraction not performed,n/a; historical extraction not performed,n/a; historical extraction not performed,n/a; historical extraction not performed,n/a; historical extraction not performed,n/a; historical extraction not performed,n/a; historical extraction not performed,567.7943,599.4765
tuning_pass2_transition_13_none_to_fsr3_native_aa_cleanup_tail_ms,n/a; historical extraction not performed,n/a; historical extraction not performed,n/a; historical extraction not performed,n/a; historical extraction not performed,n/a; historical extraction not performed,n/a; historical extraction not performed,n/a; historical extraction not performed,n/a; historical extraction not performed,n/a; historical extraction not performed,n/a; historical extraction not performed,n/a; historical extraction not performed,n/a; historical extraction not performed,n/a; historical extraction not performed,n/a; historical extraction not performed,n/a; historical extraction not performed,0,0
tuning_pass2_transition_13_none_to_fsr3_native_aa_strict_frames,n/a; historical extraction not performed,n/a; historical extraction not performed,n/a; historical extraction not performed,n/a; historical extraction not performed,n/a; historical extraction not performed,n/a; historical extraction not performed,n/a; historical extraction not performed,n/a; historical extraction not performed,n/a; historical extraction not performed,n/a; historical extraction not performed,n/a; historical extraction not performed,n/a; historical extraction not performed,n/a; historical extraction not performed,n/a; historical extraction not performed,n/a; historical extraction not performed,10,10
tuning_pass2_transition_13_none_to_fsr3_native_aa_dispatch_qpc_tick,n/a; historical extraction not performed,n/a; historical extraction not performed,n/a; historical extraction not performed,n/a; historical extraction not performed,n/a; historical extraction not performed,n/a; historical extraction not performed,n/a; historical extraction not performed,n/a; historical extraction not performed,n/a; historical extraction not performed,n/a; historical extraction not performed,n/a; historical extraction not performed,n/a; historical extraction not performed,n/a; historical extraction not performed,n/a; historical extraction not performed,n/a; historical extraction not performed,439436765896,503653319293
tuning_pass2_transition_13_none_to_fsr3_native_aa_strict_qpc_tick,n/a; historical extraction not performed,n/a; historical extraction not performed,n/a; historical extraction not performed,n/a; historical extraction not performed,n/a; historical extraction not performed,n/a; historical extraction not performed,n/a; historical extraction not performed,n/a; historical extraction not performed,n/a; historical extraction not performed,n/a; historical extraction not performed,n/a; historical extraction not performed,n/a; historical extraction not performed,n/a; historical extraction not performed,n/a; historical extraction not performed,n/a; historical extraction not performed,439442443839,503659314058
tuning_pass2_transition_13_none_to_fsr3_native_aa_qpc_frequency_hz,n/a; historical extraction not performed,n/a; historical extraction not performed,n/a; historical extraction not performed,n/a; historical extraction not performed,n/a; historical extraction not performed,n/a; historical extraction not performed,n/a; historical extraction not performed,n/a; historical extraction not performed,n/a; historical extraction not performed,n/a; historical extraction not performed,n/a; historical extraction not performed,n/a; historical extraction not performed,n/a; historical extraction not performed,n/a; historical extraction not performed,n/a; historical extraction not performed,10000000,10000000
tuning_pass2_transition_14_fsr3_native_aa_to_fsr3_hoshipa_presentation_ms,n/a; historical extraction not performed,n/a; historical extraction not performed,n/a; historical extraction not performed,n/a; historical extraction not performed,n/a; historical extraction not performed,n/a; historical extraction not performed,n/a; historical extraction not performed,n/a; historical extraction not performed,n/a; historical extraction not performed,n/a; historical extraction not performed,n/a; historical extraction not performed,n/a; historical extraction not performed,n/a; historical extraction not performed,n/a; historical extraction not performed,n/a; historical extraction not performed,1082.9376,1392.0515
tuning_pass2_transition_14_fsr3_native_aa_to_fsr3_hoshipa_cleanup_ms,n/a; historical extraction not performed,n/a; historical extraction not performed,n/a; historical extraction not performed,n/a; historical extraction not performed,n/a; historical extraction not performed,n/a; historical extraction not performed,n/a; historical extraction not performed,n/a; historical extraction not performed,n/a; historical extraction not performed,n/a; historical extraction not performed,n/a; historical extraction not performed,n/a; historical extraction not performed,n/a; historical extraction not performed,n/a; historical extraction not performed,n/a; historical extraction not performed,1166.1444,1345.4436
tuning_pass2_transition_14_fsr3_native_aa_to_fsr3_hoshipa_cleanup_tail_ms,n/a; historical extraction not performed,n/a; historical extraction not performed,n/a; historical extraction not performed,n/a; historical extraction not performed,n/a; historical extraction not performed,n/a; historical extraction not performed,n/a; historical extraction not performed,n/a; historical extraction not performed,n/a; historical extraction not performed,n/a; historical extraction not performed,n/a; historical extraction not performed,n/a; historical extraction not performed,n/a; historical extraction not performed,n/a; historical extraction not performed,n/a; historical extraction not performed,83.2068,0
tuning_pass2_transition_14_fsr3_native_aa_to_fsr3_hoshipa_strict_frames,n/a; historical extraction not performed,n/a; historical extraction not performed,n/a; historical extraction not performed,n/a; historical extraction not performed,n/a; historical extraction not performed,n/a; historical extraction not performed,n/a; historical extraction not performed,n/a; historical extraction not performed,n/a; historical extraction not performed,n/a; historical extraction not performed,n/a; historical extraction not performed,n/a; historical extraction not performed,n/a; historical extraction not performed,n/a; historical extraction not performed,n/a; historical extraction not performed,28,28
tuning_pass2_transition_14_fsr3_native_aa_to_fsr3_hoshipa_dispatch_qpc_tick,n/a; historical extraction not performed,n/a; historical extraction not performed,n/a; historical extraction not performed,n/a; historical extraction not performed,n/a; historical extraction not performed,n/a; historical extraction not performed,n/a; historical extraction not performed,n/a; historical extraction not performed,n/a; historical extraction not performed,n/a; historical extraction not performed,n/a; historical extraction not performed,n/a; historical extraction not performed,n/a; historical extraction not performed,n/a; historical extraction not performed,n/a; historical extraction not performed,439493490298,503710113210
tuning_pass2_transition_14_fsr3_native_aa_to_fsr3_hoshipa_strict_qpc_tick,n/a; historical extraction not performed,n/a; historical extraction not performed,n/a; historical extraction not performed,n/a; historical extraction not performed,n/a; historical extraction not performed,n/a; historical extraction not performed,n/a; historical extraction not performed,n/a; historical extraction not performed,n/a; historical extraction not performed,n/a; historical extraction not performed,n/a; historical extraction not performed,n/a; historical extraction not performed,n/a; historical extraction not performed,n/a; historical extraction not performed,n/a; historical extraction not performed,439505631410,503724033725
tuning_pass2_transition_14_fsr3_native_aa_to_fsr3_hoshipa_qpc_frequency_hz,n/a; historical extraction not performed,n/a; historical extraction not performed,n/a; historical extraction not performed,n/a; historical extraction not performed,n/a; historical extraction not performed,n/a; historical extraction not performed,n/a; historical extraction not performed,n/a; historical extraction not performed,n/a; historical extraction not performed,n/a; historical extraction not performed,n/a; historical extraction not performed,n/a; historical extraction not performed,n/a; historical extraction not performed,n/a; historical extraction not performed,n/a; historical extraction not performed,10000000,10000000
tuning_pass2_transition_15_fsr3_hoshipa_to_fsr3_ultra_quality_presentation_ms,n/a; historical extraction not performed,n/a; historical extraction not performed,n/a; historical extraction not performed,n/a; historical extraction not performed,n/a; historical extraction not performed,n/a; historical extraction not performed,n/a; historical extraction not performed,n/a; historical extraction not performed,n/a; historical extraction not performed,n/a; historical extraction not performed,n/a; historical extraction not performed,n/a; historical extraction not performed,n/a; historical extraction not performed,n/a; historical extraction not performed,n/a; historical extraction not performed,722.0153,741.3645
tuning_pass2_transition_15_fsr3_hoshipa_to_fsr3_ultra_quality_cleanup_ms,n/a; historical extraction not performed,n/a; historical extraction not performed,n/a; historical extraction not performed,n/a; historical extraction not performed,n/a; historical extraction not performed,n/a; historical extraction not performed,n/a; historical extraction not performed,n/a; historical extraction not performed,n/a; historical extraction not performed,n/a; historical extraction not performed,n/a; historical extraction not performed,n/a; historical extraction not performed,n/a; historical extraction not performed,n/a; historical extraction not performed,n/a; historical extraction not performed,567.0549,741.3645
tuning_pass2_transition_15_fsr3_hoshipa_to_fsr3_ultra_quality_cleanup_tail_ms,n/a; historical extraction not performed,n/a; historical extraction not performed,n/a; historical extraction not performed,n/a; historical extraction not performed,n/a; historical extraction not performed,n/a; historical extraction not performed,n/a; historical extraction not performed,n/a; historical extraction not performed,n/a; historical extraction not performed,n/a; historical extraction not performed,n/a; historical extraction not performed,n/a; historical extraction not performed,n/a; historical extraction not performed,n/a; historical extraction not performed,n/a; historical extraction not performed,0,0
tuning_pass2_transition_15_fsr3_hoshipa_to_fsr3_ultra_quality_strict_frames,n/a; historical extraction not performed,n/a; historical extraction not performed,n/a; historical extraction not performed,n/a; historical extraction not performed,n/a; historical extraction not performed,n/a; historical extraction not performed,n/a; historical extraction not performed,n/a; historical extraction not performed,n/a; historical extraction not performed,n/a; historical extraction not performed,n/a; historical extraction not performed,n/a; historical extraction not performed,n/a; historical extraction not performed,n/a; historical extraction not performed,n/a; historical extraction not performed,17,14
tuning_pass2_transition_15_fsr3_hoshipa_to_fsr3_ultra_quality_dispatch_qpc_tick,n/a; historical extraction not performed,n/a; historical extraction not performed,n/a; historical extraction not performed,n/a; historical extraction not performed,n/a; historical extraction not performed,n/a; historical extraction not performed,n/a; historical extraction not performed,n/a; historical extraction not performed,n/a; historical extraction not performed,n/a; historical extraction not performed,n/a; historical extraction not performed,n/a; historical extraction not performed,n/a; historical extraction not performed,n/a; historical extraction not performed,n/a; historical extraction not performed,439556496718,503775287960
tuning_pass2_transition_15_fsr3_hoshipa_to_fsr3_ultra_quality_strict_qpc_tick,n/a; historical extraction not performed,n/a; historical extraction not performed,n/a; historical extraction not performed,n/a; historical extraction not performed,n/a; historical extraction not performed,n/a; historical extraction not performed,n/a; historical extraction not performed,n/a; historical extraction not performed,n/a; historical extraction not performed,n/a; historical extraction not performed,n/a; historical extraction not performed,n/a; historical extraction not performed,n/a; historical extraction not performed,n/a; historical extraction not performed,n/a; historical extraction not performed,439563716871,503782701605
tuning_pass2_transition_15_fsr3_hoshipa_to_fsr3_ultra_quality_qpc_frequency_hz,n/a; historical extraction not performed,n/a; historical extraction not performed,n/a; historical extraction not performed,n/a; historical extraction not performed,n/a; historical extraction not performed,n/a; historical extraction not performed,n/a; historical extraction not performed,n/a; historical extraction not performed,n/a; historical extraction not performed,n/a; historical extraction not performed,n/a; historical extraction not performed,n/a; historical extraction not performed,n/a; historical extraction not performed,n/a; historical extraction not performed,n/a; historical extraction not performed,10000000,10000000
tuning_pass2_transition_16_fsr3_ultra_quality_to_fsr3_quality_presentation_ms,n/a; historical extraction not performed,n/a; historical extraction not performed,n/a; historical extraction not performed,n/a; historical extraction not performed,n/a; historical extraction not performed,n/a; historical extraction not performed,n/a; historical extraction not performed,n/a; historical extraction not performed,n/a; historical extraction not performed,n/a; historical extraction not performed,n/a; historical extraction not performed,n/a; historical extraction not performed,n/a; historical extraction not performed,n/a; historical extraction not performed,n/a; historical extraction not performed,623.9094,777.1311
tuning_pass2_transition_16_fsr3_ultra_quality_to_fsr3_quality_cleanup_ms,n/a; historical extraction not performed,n/a; historical extraction not performed,n/a; historical extraction not performed,n/a; historical extraction not performed,n/a; historical extraction not performed,n/a; historical extraction not performed,n/a; historical extraction not performed,n/a; historical extraction not performed,n/a; historical extraction not performed,n/a; historical extraction not performed,n/a; historical extraction not performed,n/a; historical extraction not performed,n/a; historical extraction not performed,n/a; historical extraction not performed,n/a; historical extraction not performed,542.3284,649.521
tuning_pass2_transition_16_fsr3_ultra_quality_to_fsr3_quality_cleanup_tail_ms,n/a; historical extraction not performed,n/a; historical extraction not performed,n/a; historical extraction not performed,n/a; historical extraction not performed,n/a; historical extraction not performed,n/a; historical extraction not performed,n/a; historical extraction not performed,n/a; historical extraction not performed,n/a; historical extraction not performed,n/a; historical extraction not performed,n/a; historical extraction not performed,n/a; historical extraction not performed,n/a; historical extraction not performed,n/a; historical extraction not performed,n/a; historical extraction not performed,0,0
tuning_pass2_transition_16_fsr3_ultra_quality_to_fsr3_quality_strict_frames,n/a; historical extraction not performed,n/a; historical extraction not performed,n/a; historical extraction not performed,n/a; historical extraction not performed,n/a; historical extraction not performed,n/a; historical extraction not performed,n/a; historical extraction not performed,n/a; historical extraction not performed,n/a; historical extraction not performed,n/a; historical extraction not performed,n/a; historical extraction not performed,n/a; historical extraction not performed,n/a; historical extraction not performed,n/a; historical extraction not performed,n/a; historical extraction not performed,15,17
tuning_pass2_transition_16_fsr3_ultra_quality_to_fsr3_quality_dispatch_qpc_tick,n/a; historical extraction not performed,n/a; historical extraction not performed,n/a; historical extraction not performed,n/a; historical extraction not performed,n/a; historical extraction not performed,n/a; historical extraction not performed,n/a; historical extraction not performed,n/a; historical extraction not performed,n/a; historical extraction not performed,n/a; historical extraction not performed,n/a; historical extraction not performed,n/a; historical extraction not performed,n/a; historical extraction not performed,n/a; historical extraction not performed,n/a; historical extraction not performed,439615007707,503833615909
tuning_pass2_transition_16_fsr3_ultra_quality_to_fsr3_quality_strict_qpc_tick,n/a; historical extraction not performed,n/a; historical extraction not performed,n/a; historical extraction not performed,n/a; historical extraction not performed,n/a; historical extraction not performed,n/a; historical extraction not performed,n/a; historical extraction not performed,n/a; historical extraction not performed,n/a; historical extraction not performed,n/a; historical extraction not performed,n/a; historical extraction not performed,n/a; historical extraction not performed,n/a; historical extraction not performed,n/a; historical extraction not performed,n/a; historical extraction not performed,439621246801,503841387220
tuning_pass2_transition_16_fsr3_ultra_quality_to_fsr3_quality_qpc_frequency_hz,n/a; historical extraction not performed,n/a; historical extraction not performed,n/a; historical extraction not performed,n/a; historical extraction not performed,n/a; historical extraction not performed,n/a; historical extraction not performed,n/a; historical extraction not performed,n/a; historical extraction not performed,n/a; historical extraction not performed,n/a; historical extraction not performed,n/a; historical extraction not performed,n/a; historical extraction not performed,n/a; historical extraction not performed,n/a; historical extraction not performed,n/a; historical extraction not performed,10000000,10000000
tuning_pass2_transition_17_fsr3_quality_to_fsr3_balanced_presentation_ms,n/a; historical extraction not performed,n/a; historical extraction not performed,n/a; historical extraction not performed,n/a; historical extraction not performed,n/a; historical extraction not performed,n/a; historical extraction not performed,n/a; historical extraction not performed,n/a; historical extraction not performed,n/a; historical extraction not performed,n/a; historical extraction not performed,n/a; historical extraction not performed,n/a; historical extraction not performed,n/a; historical extraction not performed,n/a; historical extraction not performed,n/a; historical extraction not performed,699.3929,710.865
tuning_pass2_transition_17_fsr3_quality_to_fsr3_balanced_cleanup_ms,n/a; historical extraction not performed,n/a; historical extraction not performed,n/a; historical extraction not performed,n/a; historical extraction not performed,n/a; historical extraction not performed,n/a; historical extraction not performed,n/a; historical extraction not performed,n/a; historical extraction not performed,n/a; historical extraction not performed,n/a; historical extraction not performed,n/a; historical extraction not performed,n/a; historical extraction not performed,n/a; historical extraction not performed,n/a; historical extraction not performed,n/a; historical extraction not performed,557.7604,659.0067
tuning_pass2_transition_17_fsr3_quality_to_fsr3_balanced_cleanup_tail_ms,n/a; historical extraction not performed,n/a; historical extraction not performed,n/a; historical extraction not performed,n/a; historical extraction not performed,n/a; historical extraction not performed,n/a; historical extraction not performed,n/a; historical extraction not performed,n/a; historical extraction not performed,n/a; historical extraction not performed,n/a; historical extraction not performed,n/a; historical extraction not performed,n/a; historical extraction not performed,n/a; historical extraction not performed,n/a; historical extraction not performed,n/a; historical extraction not performed,0,0
tuning_pass2_transition_17_fsr3_quality_to_fsr3_balanced_strict_frames,n/a; historical extraction not performed,n/a; historical extraction not performed,n/a; historical extraction not performed,n/a; historical extraction not performed,n/a; historical extraction not performed,n/a; historical extraction not performed,n/a; historical extraction not performed,n/a; historical extraction not performed,n/a; historical extraction not performed,n/a; historical extraction not performed,n/a; historical extraction not performed,n/a; historical extraction not performed,n/a; historical extraction not performed,n/a; historical extraction not performed,n/a; historical extraction not performed,16,15
tuning_pass2_transition_17_fsr3_quality_to_fsr3_balanced_dispatch_qpc_tick,n/a; historical extraction not performed,n/a; historical extraction not performed,n/a; historical extraction not performed,n/a; historical extraction not performed,n/a; historical extraction not performed,n/a; historical extraction not performed,n/a; historical extraction not performed,n/a; historical extraction not performed,n/a; historical extraction not performed,n/a; historical extraction not performed,n/a; historical extraction not performed,n/a; historical extraction not performed,n/a; historical extraction not performed,n/a; historical extraction not performed,n/a; historical extraction not performed,439672300642,503892319711
tuning_pass2_transition_17_fsr3_quality_to_fsr3_balanced_strict_qpc_tick,n/a; historical extraction not performed,n/a; historical extraction not performed,n/a; historical extraction not performed,n/a; historical extraction not performed,n/a; historical extraction not performed,n/a; historical extraction not performed,n/a; historical extraction not performed,n/a; historical extraction not performed,n/a; historical extraction not performed,n/a; historical extraction not performed,n/a; historical extraction not performed,n/a; historical extraction not performed,n/a; historical extraction not performed,n/a; historical extraction not performed,n/a; historical extraction not performed,439679294571,503899428361
tuning_pass2_transition_17_fsr3_quality_to_fsr3_balanced_qpc_frequency_hz,n/a; historical extraction not performed,n/a; historical extraction not performed,n/a; historical extraction not performed,n/a; historical extraction not performed,n/a; historical extraction not performed,n/a; historical extraction not performed,n/a; historical extraction not performed,n/a; historical extraction not performed,n/a; historical extraction not performed,n/a; historical extraction not performed,n/a; historical extraction not performed,n/a; historical extraction not performed,n/a; historical extraction not performed,n/a; historical extraction not performed,n/a; historical extraction not performed,10000000,10000000
tuning_pass2_transition_18_fsr3_balanced_to_fsr3_performance_presentation_ms,n/a; historical extraction not performed,n/a; historical extraction not performed,n/a; historical extraction not performed,n/a; historical extraction not performed,n/a; historical extraction not performed,n/a; historical extraction not performed,n/a; historical extraction not performed,n/a; historical extraction not performed,n/a; historical extraction not performed,n/a; historical extraction not performed,n/a; historical extraction not performed,n/a; historical extraction not performed,n/a; historical extraction not performed,n/a; historical extraction not performed,n/a; historical extraction not performed,670.1291,659.5173
tuning_pass2_transition_18_fsr3_balanced_to_fsr3_performance_cleanup_ms,n/a; historical extraction not performed,n/a; historical extraction not performed,n/a; historical extraction not performed,n/a; historical extraction not performed,n/a; historical extraction not performed,n/a; historical extraction not performed,n/a; historical extraction not performed,n/a; historical extraction not performed,n/a; historical extraction not performed,n/a; historical extraction not performed,n/a; historical extraction not performed,n/a; historical extraction not performed,n/a; historical extraction not performed,n/a; historical extraction not performed,n/a; historical extraction not performed,552.2243,659.5173
tuning_pass2_transition_18_fsr3_balanced_to_fsr3_performance_cleanup_tail_ms,n/a; historical extraction not performed,n/a; historical extraction not performed,n/a; historical extraction not performed,n/a; historical extraction not performed,n/a; historical extraction not performed,n/a; historical extraction not performed,n/a; historical extraction not performed,n/a; historical extraction not performed,n/a; historical extraction not performed,n/a; historical extraction not performed,n/a; historical extraction not performed,n/a; historical extraction not performed,n/a; historical extraction not performed,n/a; historical extraction not performed,n/a; historical extraction not performed,0,0
tuning_pass2_transition_18_fsr3_balanced_to_fsr3_performance_strict_frames,n/a; historical extraction not performed,n/a; historical extraction not performed,n/a; historical extraction not performed,n/a; historical extraction not performed,n/a; historical extraction not performed,n/a; historical extraction not performed,n/a; historical extraction not performed,n/a; historical extraction not performed,n/a; historical extraction not performed,n/a; historical extraction not performed,n/a; historical extraction not performed,n/a; historical extraction not performed,n/a; historical extraction not performed,n/a; historical extraction not performed,n/a; historical extraction not performed,16,14
tuning_pass2_transition_18_fsr3_balanced_to_fsr3_performance_dispatch_qpc_tick,n/a; historical extraction not performed,n/a; historical extraction not performed,n/a; historical extraction not performed,n/a; historical extraction not performed,n/a; historical extraction not performed,n/a; historical extraction not performed,n/a; historical extraction not performed,n/a; historical extraction not performed,n/a; historical extraction not performed,n/a; historical extraction not performed,n/a; historical extraction not performed,n/a; historical extraction not performed,n/a; historical extraction not performed,n/a; historical extraction not performed,n/a; historical extraction not performed,439730207598,503950482639
tuning_pass2_transition_18_fsr3_balanced_to_fsr3_performance_strict_qpc_tick,n/a; historical extraction not performed,n/a; historical extraction not performed,n/a; historical extraction not performed,n/a; historical extraction not performed,n/a; historical extraction not performed,n/a; historical extraction not performed,n/a; historical extraction not performed,n/a; historical extraction not performed,n/a; historical extraction not performed,n/a; historical extraction not performed,n/a; historical extraction not performed,n/a; historical extraction not performed,n/a; historical extraction not performed,n/a; historical extraction not performed,n/a; historical extraction not performed,439736908889,503957077812
tuning_pass2_transition_18_fsr3_balanced_to_fsr3_performance_qpc_frequency_hz,n/a; historical extraction not performed,n/a; historical extraction not performed,n/a; historical extraction not performed,n/a; historical extraction not performed,n/a; historical extraction not performed,n/a; historical extraction not performed,n/a; historical extraction not performed,n/a; historical extraction not performed,n/a; historical extraction not performed,n/a; historical extraction not performed,n/a; historical extraction not performed,n/a; historical extraction not performed,n/a; historical extraction not performed,n/a; historical extraction not performed,n/a; historical extraction not performed,10000000,10000000
tuning_pass2_transition_19_fsr3_performance_to_fsr3_ultra_performance_presentation_ms,n/a; historical extraction not performed,n/a; historical extraction not performed,n/a; historical extraction not performed,n/a; historical extraction not performed,n/a; historical extraction not performed,n/a; historical extraction not performed,n/a; historical extraction not performed,n/a; historical extraction not performed,n/a; historical extraction not performed,n/a; historical extraction not performed,n/a; historical extraction not performed,n/a; historical extraction not performed,n/a; historical extraction not performed,n/a; historical extraction not performed,n/a; historical extraction not performed,698.4773,722.6907
tuning_pass2_transition_19_fsr3_performance_to_fsr3_ultra_performance_cleanup_ms,n/a; historical extraction not performed,n/a; historical extraction not performed,n/a; historical extraction not performed,n/a; historical extraction not performed,n/a; historical extraction not performed,n/a; historical extraction not performed,n/a; historical extraction not performed,n/a; historical extraction not performed,n/a; historical extraction not performed,n/a; historical extraction not performed,n/a; historical extraction not performed,n/a; historical extraction not performed,n/a; historical extraction not performed,n/a; historical extraction not performed,n/a; historical extraction not performed,579.1597,639.6802
tuning_pass2_transition_19_fsr3_performance_to_fsr3_ultra_performance_cleanup_tail_ms,n/a; historical extraction not performed,n/a; historical extraction not performed,n/a; historical extraction not performed,n/a; historical extraction not performed,n/a; historical extraction not performed,n/a; historical extraction not performed,n/a; historical extraction not performed,n/a; historical extraction not performed,n/a; historical extraction not performed,n/a; historical extraction not performed,n/a; historical extraction not performed,n/a; historical extraction not performed,n/a; historical extraction not performed,n/a; historical extraction not performed,n/a; historical extraction not performed,0,0
tuning_pass2_transition_19_fsr3_performance_to_fsr3_ultra_performance_strict_frames,n/a; historical extraction not performed,n/a; historical extraction not performed,n/a; historical extraction not performed,n/a; historical extraction not performed,n/a; historical extraction not performed,n/a; historical extraction not performed,n/a; historical extraction not performed,n/a; historical extraction not performed,n/a; historical extraction not performed,n/a; historical extraction not performed,n/a; historical extraction not performed,n/a; historical extraction not performed,n/a; historical extraction not performed,n/a; historical extraction not performed,n/a; historical extraction not performed,16,16
tuning_pass2_transition_19_fsr3_performance_to_fsr3_ultra_performance_dispatch_qpc_tick,n/a; historical extraction not performed,n/a; historical extraction not performed,n/a; historical extraction not performed,n/a; historical extraction not performed,n/a; historical extraction not performed,n/a; historical extraction not performed,n/a; historical extraction not performed,n/a; historical extraction not performed,n/a; historical extraction not performed,n/a; historical extraction not performed,n/a; historical extraction not performed,n/a; historical extraction not performed,n/a; historical extraction not performed,n/a; historical extraction not performed,n/a; historical extraction not performed,439788102517,504007945621
tuning_pass2_transition_19_fsr3_performance_to_fsr3_ultra_performance_strict_qpc_tick,n/a; historical extraction not performed,n/a; historical extraction not performed,n/a; historical extraction not performed,n/a; historical extraction not performed,n/a; historical extraction not performed,n/a; historical extraction not performed,n/a; historical extraction not performed,n/a; historical extraction not performed,n/a; historical extraction not performed,n/a; historical extraction not performed,n/a; historical extraction not performed,n/a; historical extraction not performed,n/a; historical extraction not performed,n/a; historical extraction not performed,n/a; historical extraction not performed,439795087290,504015172528
tuning_pass2_transition_19_fsr3_performance_to_fsr3_ultra_performance_qpc_frequency_hz,n/a; historical extraction not performed,n/a; historical extraction not performed,n/a; historical extraction not performed,n/a; historical extraction not performed,n/a; historical extraction not performed,n/a; historical extraction not performed,n/a; historical extraction not performed,n/a; historical extraction not performed,n/a; historical extraction not performed,n/a; historical extraction not performed,n/a; historical extraction not performed,n/a; historical extraction not performed,n/a; historical extraction not performed,n/a; historical extraction not performed,n/a; historical extraction not performed,10000000,10000000
tuning_pass2_transition_20_fsr3_ultra_performance_to_fsr3_native_aa_presentation_ms,n/a; historical extraction not performed,n/a; historical extraction not performed,n/a; historical extraction not performed,n/a; historical extraction not performed,n/a; historical extraction not performed,n/a; historical extraction not performed,n/a; historical extraction not performed,n/a; historical extraction not performed,n/a; historical extraction not performed,n/a; historical extraction not performed,n/a; historical extraction not performed,n/a; historical extraction not performed,n/a; historical extraction not performed,n/a; historical extraction not performed,n/a; historical extraction not performed,486.8237,525.2712
tuning_pass2_transition_20_fsr3_ultra_performance_to_fsr3_native_aa_cleanup_ms,n/a; historical extraction not performed,n/a; historical extraction not performed,n/a; historical extraction not performed,n/a; historical extraction not performed,n/a; historical extraction not performed,n/a; historical extraction not performed,n/a; historical extraction not performed,n/a; historical extraction not performed,n/a; historical extraction not performed,n/a; historical extraction not performed,n/a; historical extraction not performed,n/a; historical extraction not performed,n/a; historical extraction not performed,n/a; historical extraction not performed,n/a; historical extraction not performed,643.8254,699.1456
tuning_pass2_transition_20_fsr3_ultra_performance_to_fsr3_native_aa_cleanup_tail_ms,n/a; historical extraction not performed,n/a; historical extraction not performed,n/a; historical extraction not performed,n/a; historical extraction not performed,n/a; historical extraction not performed,n/a; historical extraction not performed,n/a; historical extraction not performed,n/a; historical extraction not performed,n/a; historical extraction not performed,n/a; historical extraction not performed,n/a; historical extraction not performed,n/a; historical extraction not performed,n/a; historical extraction not performed,n/a; historical extraction not performed,n/a; historical extraction not performed,157.0017,173.8744
tuning_pass2_transition_20_fsr3_ultra_performance_to_fsr3_native_aa_strict_frames,n/a; historical extraction not performed,n/a; historical extraction not performed,n/a; historical extraction not performed,n/a; historical extraction not performed,n/a; historical extraction not performed,n/a; historical extraction not performed,n/a; historical extraction not performed,n/a; historical extraction not performed,n/a; historical extraction not performed,n/a; historical extraction not performed,n/a; historical extraction not performed,n/a; historical extraction not performed,n/a; historical extraction not performed,n/a; historical extraction not performed,n/a; historical extraction not performed,15,15
tuning_pass2_transition_20_fsr3_ultra_performance_to_fsr3_native_aa_dispatch_qpc_tick,n/a; historical extraction not performed,n/a; historical extraction not performed,n/a; historical extraction not performed,n/a; historical extraction not performed,n/a; historical extraction not performed,n/a; historical extraction not performed,n/a; historical extraction not performed,n/a; historical extraction not performed,n/a; historical extraction not performed,n/a; historical extraction not performed,n/a; historical extraction not performed,n/a; historical extraction not performed,n/a; historical extraction not performed,n/a; historical extraction not performed,n/a; historical extraction not performed,439846235745,504066320168
tuning_pass2_transition_20_fsr3_ultra_performance_to_fsr3_native_aa_strict_qpc_tick,n/a; historical extraction not performed,n/a; historical extraction not performed,n/a; historical extraction not performed,n/a; historical extraction not performed,n/a; historical extraction not performed,n/a; historical extraction not performed,n/a; historical extraction not performed,n/a; historical extraction not performed,n/a; historical extraction not performed,n/a; historical extraction not performed,n/a; historical extraction not performed,n/a; historical extraction not performed,n/a; historical extraction not performed,n/a; historical extraction not performed,n/a; historical extraction not performed,439852673999,504073311624
tuning_pass2_transition_20_fsr3_ultra_performance_to_fsr3_native_aa_qpc_frequency_hz,n/a; historical extraction not performed,n/a; historical extraction not performed,n/a; historical extraction not performed,n/a; historical extraction not performed,n/a; historical extraction not performed,n/a; historical extraction not performed,n/a; historical extraction not performed,n/a; historical extraction not performed,n/a; historical extraction not performed,n/a; historical extraction not performed,n/a; historical extraction not performed,n/a; historical extraction not performed,n/a; historical extraction not performed,n/a; historical extraction not performed,n/a; historical extraction not performed,10000000,10000000
tuning_pass2_transition_21_fsr3_native_aa_to_taa_presentation_ms,n/a; historical extraction not performed,n/a; historical extraction not performed,n/a; historical extraction not performed,n/a; historical extraction not performed,n/a; historical extraction not performed,n/a; historical extraction not performed,n/a; historical extraction not performed,n/a; historical extraction not performed,n/a; historical extraction not performed,n/a; historical extraction not performed,n/a; historical extraction not performed,n/a; historical extraction not performed,n/a; historical extraction not performed,n/a; historical extraction not performed,n/a; historical extraction not performed,168.7409,184.2158
tuning_pass2_transition_21_fsr3_native_aa_to_taa_cleanup_ms,n/a; historical extraction not performed,n/a; historical extraction not performed,n/a; historical extraction not performed,n/a; historical extraction not performed,n/a; historical extraction not performed,n/a; historical extraction not performed,n/a; historical extraction not performed,n/a; historical extraction not performed,n/a; historical extraction not performed,n/a; historical extraction not performed,n/a; historical extraction not performed,n/a; historical extraction not performed,n/a; historical extraction not performed,n/a; historical extraction not performed,n/a; historical extraction not performed,400.2979,436.1726
tuning_pass2_transition_21_fsr3_native_aa_to_taa_cleanup_tail_ms,n/a; historical extraction not performed,n/a; historical extraction not performed,n/a; historical extraction not performed,n/a; historical extraction not performed,n/a; historical extraction not performed,n/a; historical extraction not performed,n/a; historical extraction not performed,n/a; historical extraction not performed,n/a; historical extraction not performed,n/a; historical extraction not performed,n/a; historical extraction not performed,n/a; historical extraction not performed,n/a; historical extraction not performed,n/a; historical extraction not performed,n/a; historical extraction not performed,231.557,251.9568
tuning_pass2_transition_21_fsr3_native_aa_to_taa_strict_frames,n/a; historical extraction not performed,n/a; historical extraction not performed,n/a; historical extraction not performed,n/a; historical extraction not performed,n/a; historical extraction not performed,n/a; historical extraction not performed,n/a; historical extraction not performed,n/a; historical extraction not performed,n/a; historical extraction not performed,n/a; historical extraction not performed,n/a; historical extraction not performed,n/a; historical extraction not performed,n/a; historical extraction not performed,n/a; historical extraction not performed,n/a; historical extraction not performed,10,9
tuning_pass2_transition_21_fsr3_native_aa_to_taa_dispatch_qpc_tick,n/a; historical extraction not performed,n/a; historical extraction not performed,n/a; historical extraction not performed,n/a; historical extraction not performed,n/a; historical extraction not performed,n/a; historical extraction not performed,n/a; historical extraction not performed,n/a; historical extraction not performed,n/a; historical extraction not performed,n/a; historical extraction not performed,n/a; historical extraction not performed,n/a; historical extraction not performed,n/a; historical extraction not performed,n/a; historical extraction not performed,n/a; historical extraction not performed,439903737569,504124478787
tuning_pass2_transition_21_fsr3_native_aa_to_taa_strict_qpc_tick,n/a; historical extraction not performed,n/a; historical extraction not performed,n/a; historical extraction not performed,n/a; historical extraction not performed,n/a; historical extraction not performed,n/a; historical extraction not performed,n/a; historical extraction not performed,n/a; historical extraction not performed,n/a; historical extraction not performed,n/a; historical extraction not performed,n/a; historical extraction not performed,n/a; historical extraction not performed,n/a; historical extraction not performed,n/a; historical extraction not performed,n/a; historical extraction not performed,439907740548,504128840513
tuning_pass2_transition_21_fsr3_native_aa_to_taa_qpc_frequency_hz,n/a; historical extraction not performed,n/a; historical extraction not performed,n/a; historical extraction not performed,n/a; historical extraction not performed,n/a; historical extraction not performed,n/a; historical extraction not performed,n/a; historical extraction not performed,n/a; historical extraction not performed,n/a; historical extraction not performed,n/a; historical extraction not performed,n/a; historical extraction not performed,n/a; historical extraction not performed,n/a; historical extraction not performed,n/a; historical extraction not performed,n/a; historical extraction not performed,10000000,10000000
tuning_pass2_transition_22_taa_to_none_presentation_ms,n/a; historical extraction not performed,n/a; historical extraction not performed,n/a; historical extraction not performed,n/a; historical extraction not performed,n/a; historical extraction not performed,n/a; historical extraction not performed,n/a; historical extraction not performed,n/a; historical extraction not performed,n/a; historical extraction not performed,n/a; historical extraction not performed,n/a; historical extraction not performed,n/a; historical extraction not performed,n/a; historical extraction not performed,n/a; historical extraction not performed,n/a; historical extraction not performed,154.9181,165.2887
tuning_pass2_transition_22_taa_to_none_cleanup_ms,n/a; historical extraction not performed,n/a; historical extraction not performed,n/a; historical extraction not performed,n/a; historical extraction not performed,n/a; historical extraction not performed,n/a; historical extraction not performed,n/a; historical extraction not performed,n/a; historical extraction not performed,n/a; historical extraction not performed,n/a; historical extraction not performed,n/a; historical extraction not performed,n/a; historical extraction not performed,n/a; historical extraction not performed,n/a; historical extraction not performed,n/a; historical extraction not performed,154.9181,165.2887
tuning_pass2_transition_22_taa_to_none_cleanup_tail_ms,n/a; historical extraction not performed,n/a; historical extraction not performed,n/a; historical extraction not performed,n/a; historical extraction not performed,n/a; historical extraction not performed,n/a; historical extraction not performed,n/a; historical extraction not performed,n/a; historical extraction not performed,n/a; historical extraction not performed,n/a; historical extraction not performed,n/a; historical extraction not performed,n/a; historical extraction not performed,n/a; historical extraction not performed,n/a; historical extraction not performed,n/a; historical extraction not performed,0,0
tuning_pass2_transition_22_taa_to_none_strict_frames,n/a; historical extraction not performed,n/a; historical extraction not performed,n/a; historical extraction not performed,n/a; historical extraction not performed,n/a; historical extraction not performed,n/a; historical extraction not performed,n/a; historical extraction not performed,n/a; historical extraction not performed,n/a; historical extraction not performed,n/a; historical extraction not performed,n/a; historical extraction not performed,n/a; historical extraction not performed,n/a; historical extraction not performed,n/a; historical extraction not performed,n/a; historical extraction not performed,4,4
tuning_pass2_transition_22_taa_to_none_dispatch_qpc_tick,n/a; historical extraction not performed,n/a; historical extraction not performed,n/a; historical extraction not performed,n/a; historical extraction not performed,n/a; historical extraction not performed,n/a; historical extraction not performed,n/a; historical extraction not performed,n/a; historical extraction not performed,n/a; historical extraction not performed,n/a; historical extraction not performed,n/a; historical extraction not performed,n/a; historical extraction not performed,n/a; historical extraction not performed,n/a; historical extraction not performed,n/a; historical extraction not performed,439958563374,504180123649
tuning_pass2_transition_22_taa_to_none_strict_qpc_tick,n/a; historical extraction not performed,n/a; historical extraction not performed,n/a; historical extraction not performed,n/a; historical extraction not performed,n/a; historical extraction not performed,n/a; historical extraction not performed,n/a; historical extraction not performed,n/a; historical extraction not performed,n/a; historical extraction not performed,n/a; historical extraction not performed,n/a; historical extraction not performed,n/a; historical extraction not performed,n/a; historical extraction not performed,n/a; historical extraction not performed,n/a; historical extraction not performed,439960112555,504181776536
tuning_pass2_transition_22_taa_to_none_qpc_frequency_hz,n/a; historical extraction not performed,n/a; historical extraction not performed,n/a; historical extraction not performed,n/a; historical extraction not performed,n/a; historical extraction not performed,n/a; historical extraction not performed,n/a; historical extraction not performed,n/a; historical extraction not performed,n/a; historical extraction not performed,n/a; historical extraction not performed,n/a; historical extraction not performed,n/a; historical extraction not performed,n/a; historical extraction not performed,n/a; historical extraction not performed,n/a; historical extraction not performed,10000000,10000000
tuning_pass2_transition_23_none_to_dlaa_presentation_ms,n/a; historical extraction not performed,n/a; historical extraction not performed,n/a; historical extraction not performed,n/a; historical extraction not performed,n/a; historical extraction not performed,n/a; historical extraction not performed,n/a; historical extraction not performed,n/a; historical extraction not performed,n/a; historical extraction not performed,n/a; historical extraction not performed,n/a; historical extraction not performed,n/a; historical extraction not performed,n/a; historical extraction not performed,n/a; historical extraction not performed,n/a; historical extraction not performed,230.2187,281.9536
tuning_pass2_transition_23_none_to_dlaa_cleanup_ms,n/a; historical extraction not performed,n/a; historical extraction not performed,n/a; historical extraction not performed,n/a; historical extraction not performed,n/a; historical extraction not performed,n/a; historical extraction not performed,n/a; historical extraction not performed,n/a; historical extraction not performed,n/a; historical extraction not performed,n/a; historical extraction not performed,n/a; historical extraction not performed,n/a; historical extraction not performed,n/a; historical extraction not performed,n/a; historical extraction not performed,n/a; historical extraction not performed,230.2187,281.9536
tuning_pass2_transition_23_none_to_dlaa_cleanup_tail_ms,n/a; historical extraction not performed,n/a; historical extraction not performed,n/a; historical extraction not performed,n/a; historical extraction not performed,n/a; historical extraction not performed,n/a; historical extraction not performed,n/a; historical extraction not performed,n/a; historical extraction not performed,n/a; historical extraction not performed,n/a; historical extraction not performed,n/a; historical extraction not performed,n/a; historical extraction not performed,n/a; historical extraction not performed,n/a; historical extraction not performed,n/a; historical extraction not performed,0,0
tuning_pass2_transition_23_none_to_dlaa_strict_frames,n/a; historical extraction not performed,n/a; historical extraction not performed,n/a; historical extraction not performed,n/a; historical extraction not performed,n/a; historical extraction not performed,n/a; historical extraction not performed,n/a; historical extraction not performed,n/a; historical extraction not performed,n/a; historical extraction not performed,n/a; historical extraction not performed,n/a; historical extraction not performed,n/a; historical extraction not performed,n/a; historical extraction not performed,n/a; historical extraction not performed,n/a; historical extraction not performed,3,3
tuning_pass2_transition_23_none_to_dlaa_dispatch_qpc_tick,n/a; historical extraction not performed,n/a; historical extraction not performed,n/a; historical extraction not performed,n/a; historical extraction not performed,n/a; historical extraction not performed,n/a; historical extraction not performed,n/a; historical extraction not performed,n/a; historical extraction not performed,n/a; historical extraction not performed,n/a; historical extraction not performed,n/a; historical extraction not performed,n/a; historical extraction not performed,n/a; historical extraction not performed,n/a; historical extraction not performed,n/a; historical extraction not performed,440011131129,504232780449
tuning_pass2_transition_23_none_to_dlaa_strict_qpc_tick,n/a; historical extraction not performed,n/a; historical extraction not performed,n/a; historical extraction not performed,n/a; historical extraction not performed,n/a; historical extraction not performed,n/a; historical extraction not performed,n/a; historical extraction not performed,n/a; historical extraction not performed,n/a; historical extraction not performed,n/a; historical extraction not performed,n/a; historical extraction not performed,n/a; historical extraction not performed,n/a; historical extraction not performed,n/a; historical extraction not performed,n/a; historical extraction not performed,440013433316,504235599985
tuning_pass2_transition_23_none_to_dlaa_qpc_frequency_hz,n/a; historical extraction not performed,n/a; historical extraction not performed,n/a; historical extraction not performed,n/a; historical extraction not performed,n/a; historical extraction not performed,n/a; historical extraction not performed,n/a; historical extraction not performed,n/a; historical extraction not performed,n/a; historical extraction not performed,n/a; historical extraction not performed,n/a; historical extraction not performed,n/a; historical extraction not performed,n/a; historical extraction not performed,n/a; historical extraction not performed,n/a; historical extraction not performed,10000000,10000000
tuning_pass2_transition_24_dlaa_to_fsr3_native_aa_presentation_ms,n/a; historical extraction not performed,n/a; historical extraction not performed,n/a; historical extraction not performed,n/a; historical extraction not performed,n/a; historical extraction not performed,n/a; historical extraction not performed,n/a; historical extraction not performed,n/a; historical extraction not performed,n/a; historical extraction not performed,n/a; historical extraction not performed,n/a; historical extraction not performed,n/a; historical extraction not performed,n/a; historical extraction not performed,n/a; historical extraction not performed,n/a; historical extraction not performed,861.456,928.2288
tuning_pass2_transition_24_dlaa_to_fsr3_native_aa_cleanup_ms,n/a; historical extraction not performed,n/a; historical extraction not performed,n/a; historical extraction not performed,n/a; historical extraction not performed,n/a; historical extraction not performed,n/a; historical extraction not performed,n/a; historical extraction not performed,n/a; historical extraction not performed,n/a; historical extraction not performed,n/a; historical extraction not performed,n/a; historical extraction not performed,n/a; historical extraction not performed,n/a; historical extraction not performed,n/a; historical extraction not performed,n/a; historical extraction not performed,1039.1842,1101.4935
tuning_pass2_transition_24_dlaa_to_fsr3_native_aa_cleanup_tail_ms,n/a; historical extraction not performed,n/a; historical extraction not performed,n/a; historical extraction not performed,n/a; historical extraction not performed,n/a; historical extraction not performed,n/a; historical extraction not performed,n/a; historical extraction not performed,n/a; historical extraction not performed,n/a; historical extraction not performed,n/a; historical extraction not performed,n/a; historical extraction not performed,n/a; historical extraction not performed,n/a; historical extraction not performed,n/a; historical extraction not performed,n/a; historical extraction not performed,177.7282,173.2647
tuning_pass2_transition_24_dlaa_to_fsr3_native_aa_strict_frames,n/a; historical extraction not performed,n/a; historical extraction not performed,n/a; historical extraction not performed,n/a; historical extraction not performed,n/a; historical extraction not performed,n/a; historical extraction not performed,n/a; historical extraction not performed,n/a; historical extraction not performed,n/a; historical extraction not performed,n/a; historical extraction not performed,n/a; historical extraction not performed,n/a; historical extraction not performed,n/a; historical extraction not performed,n/a; historical extraction not performed,n/a; historical extraction not performed,21,21
tuning_pass2_transition_24_dlaa_to_fsr3_native_aa_dispatch_qpc_tick,n/a; historical extraction not performed,n/a; historical extraction not performed,n/a; historical extraction not performed,n/a; historical extraction not performed,n/a; historical extraction not performed,n/a; historical extraction not performed,n/a; historical extraction not performed,n/a; historical extraction not performed,n/a; historical extraction not performed,n/a; historical extraction not performed,n/a; historical extraction not performed,n/a; historical extraction not performed,n/a; historical extraction not performed,n/a; historical extraction not performed,n/a; historical extraction not performed,440064497484,504287086696
tuning_pass2_transition_24_dlaa_to_fsr3_native_aa_strict_qpc_tick,n/a; historical extraction not performed,n/a; historical extraction not performed,n/a; historical extraction not performed,n/a; historical extraction not performed,n/a; historical extraction not performed,n/a; historical extraction not performed,n/a; historical extraction not performed,n/a; historical extraction not performed,n/a; historical extraction not performed,n/a; historical extraction not performed,n/a; historical extraction not performed,n/a; historical extraction not performed,n/a; historical extraction not performed,n/a; historical extraction not performed,n/a; historical extraction not performed,440074889326,504298101631
tuning_pass2_transition_24_dlaa_to_fsr3_native_aa_qpc_frequency_hz,n/a; historical extraction not performed,n/a; historical extraction not performed,n/a; historical extraction not performed,n/a; historical extraction not performed,n/a; historical extraction not performed,n/a; historical extraction not performed,n/a; historical extraction not performed,n/a; historical extraction not performed,n/a; historical extraction not performed,n/a; historical extraction not performed,n/a; historical extraction not performed,n/a; historical extraction not performed,n/a; historical extraction not performed,n/a; historical extraction not performed,n/a; historical extraction not performed,10000000,10000000
tuning_pass2_transition_25_fsr3_native_aa_to_dlss_hoshipa_presentation_ms,n/a; historical extraction not performed,n/a; historical extraction not performed,n/a; historical extraction not performed,n/a; historical extraction not performed,n/a; historical extraction not performed,n/a; historical extraction not performed,n/a; historical extraction not performed,n/a; historical extraction not performed,n/a; historical extraction not performed,n/a; historical extraction not performed,n/a; historical extraction not performed,n/a; historical extraction not performed,n/a; historical extraction not performed,n/a; historical extraction not performed,n/a; historical extraction not performed,1461.0337,1973.7829
tuning_pass2_transition_25_fsr3_native_aa_to_dlss_hoshipa_cleanup_ms,n/a; historical extraction not performed,n/a; historical extraction not performed,n/a; historical extraction not performed,n/a; historical extraction not performed,n/a; historical extraction not performed,n/a; historical extraction not performed,n/a; historical extraction not performed,n/a; historical extraction not performed,n/a; historical extraction not performed,n/a; historical extraction not performed,n/a; historical extraction not performed,n/a; historical extraction not performed,n/a; historical extraction not performed,n/a; historical extraction not performed,n/a; historical extraction not performed,1578.5084,2143.0966
tuning_pass2_transition_25_fsr3_native_aa_to_dlss_hoshipa_cleanup_tail_ms,n/a; historical extraction not performed,n/a; historical extraction not performed,n/a; historical extraction not performed,n/a; historical extraction not performed,n/a; historical extraction not performed,n/a; historical extraction not performed,n/a; historical extraction not performed,n/a; historical extraction not performed,n/a; historical extraction not performed,n/a; historical extraction not performed,n/a; historical extraction not performed,n/a; historical extraction not performed,n/a; historical extraction not performed,n/a; historical extraction not performed,n/a; historical extraction not performed,117.4747,169.3137
tuning_pass2_transition_25_fsr3_native_aa_to_dlss_hoshipa_strict_frames,n/a; historical extraction not performed,n/a; historical extraction not performed,n/a; historical extraction not performed,n/a; historical extraction not performed,n/a; historical extraction not performed,n/a; historical extraction not performed,n/a; historical extraction not performed,n/a; historical extraction not performed,n/a; historical extraction not performed,n/a; historical extraction not performed,n/a; historical extraction not performed,n/a; historical extraction not performed,n/a; historical extraction not performed,n/a; historical extraction not performed,n/a; historical extraction not performed,34,28
tuning_pass2_transition_25_fsr3_native_aa_to_dlss_hoshipa_dispatch_qpc_tick,n/a; historical extraction not performed,n/a; historical extraction not performed,n/a; historical extraction not performed,n/a; historical extraction not performed,n/a; historical extraction not performed,n/a; historical extraction not performed,n/a; historical extraction not performed,n/a; historical extraction not performed,n/a; historical extraction not performed,n/a; historical extraction not performed,n/a; historical extraction not performed,n/a; historical extraction not performed,n/a; historical extraction not performed,n/a; historical extraction not performed,n/a; historical extraction not performed,440125989932,504349462569
tuning_pass2_transition_25_fsr3_native_aa_to_dlss_hoshipa_strict_qpc_tick,n/a; historical extraction not performed,n/a; historical extraction not performed,n/a; historical extraction not performed,n/a; historical extraction not performed,n/a; historical extraction not performed,n/a; historical extraction not performed,n/a; historical extraction not performed,n/a; historical extraction not performed,n/a; historical extraction not performed,n/a; historical extraction not performed,n/a; historical extraction not performed,n/a; historical extraction not performed,n/a; historical extraction not performed,n/a; historical extraction not performed,n/a; historical extraction not performed,440142573456,504371832466
tuning_pass2_transition_25_fsr3_native_aa_to_dlss_hoshipa_qpc_frequency_hz,n/a; historical extraction not performed,n/a; historical extraction not performed,n/a; historical extraction not performed,n/a; historical extraction not performed,n/a; historical extraction not performed,n/a; historical extraction not performed,n/a; historical extraction not performed,n/a; historical extraction not performed,n/a; historical extraction not performed,n/a; historical extraction not performed,n/a; historical extraction not performed,n/a; historical extraction not performed,n/a; historical extraction not performed,n/a; historical extraction not performed,n/a; historical extraction not performed,10000000,10000000
tuning_pass2_transition_26_dlss_hoshipa_to_fsr3_hoshipa_presentation_ms,n/a; historical extraction not performed,n/a; historical extraction not performed,n/a; historical extraction not performed,n/a; historical extraction not performed,n/a; historical extraction not performed,n/a; historical extraction not performed,n/a; historical extraction not performed,n/a; historical extraction not performed,n/a; historical extraction not performed,n/a; historical extraction not performed,n/a; historical extraction not performed,n/a; historical extraction not performed,n/a; historical extraction not performed,n/a; historical extraction not performed,n/a; historical extraction not performed,1227.9308,956.4867
tuning_pass2_transition_26_dlss_hoshipa_to_fsr3_hoshipa_cleanup_ms,n/a; historical extraction not performed,n/a; historical extraction not performed,n/a; historical extraction not performed,n/a; historical extraction not performed,n/a; historical extraction not performed,n/a; historical extraction not performed,n/a; historical extraction not performed,n/a; historical extraction not performed,n/a; historical extraction not performed,n/a; historical extraction not performed,n/a; historical extraction not performed,n/a; historical extraction not performed,n/a; historical extraction not performed,n/a; historical extraction not performed,n/a; historical extraction not performed,1186.8688,907.2308
tuning_pass2_transition_26_dlss_hoshipa_to_fsr3_hoshipa_cleanup_tail_ms,n/a; historical extraction not performed,n/a; historical extraction not performed,n/a; historical extraction not performed,n/a; historical extraction not performed,n/a; historical extraction not performed,n/a; historical extraction not performed,n/a; historical extraction not performed,n/a; historical extraction not performed,n/a; historical extraction not performed,n/a; historical extraction not performed,n/a; historical extraction not performed,n/a; historical extraction not performed,n/a; historical extraction not performed,n/a; historical extraction not performed,n/a; historical extraction not performed,0,0
tuning_pass2_transition_26_dlss_hoshipa_to_fsr3_hoshipa_strict_frames,n/a; historical extraction not performed,n/a; historical extraction not performed,n/a; historical extraction not performed,n/a; historical extraction not performed,n/a; historical extraction not performed,n/a; historical extraction not performed,n/a; historical extraction not performed,n/a; historical extraction not performed,n/a; historical extraction not performed,n/a; historical extraction not performed,n/a; historical extraction not performed,n/a; historical extraction not performed,n/a; historical extraction not performed,n/a; historical extraction not performed,n/a; historical extraction not performed,27,17
tuning_pass2_transition_26_dlss_hoshipa_to_fsr3_hoshipa_dispatch_qpc_tick,n/a; historical extraction not performed,n/a; historical extraction not performed,n/a; historical extraction not performed,n/a; historical extraction not performed,n/a; historical extraction not performed,n/a; historical extraction not performed,n/a; historical extraction not performed,n/a; historical extraction not performed,n/a; historical extraction not performed,n/a; historical extraction not performed,n/a; historical extraction not performed,n/a; historical extraction not performed,n/a; historical extraction not performed,n/a; historical extraction not performed,n/a; historical extraction not performed,440193805456,504422895812
tuning_pass2_transition_26_dlss_hoshipa_to_fsr3_hoshipa_strict_qpc_tick,n/a; historical extraction not performed,n/a; historical extraction not performed,n/a; historical extraction not performed,n/a; historical extraction not performed,n/a; historical extraction not performed,n/a; historical extraction not performed,n/a; historical extraction not performed,n/a; historical extraction not performed,n/a; historical extraction not performed,n/a; historical extraction not performed,n/a; historical extraction not performed,n/a; historical extraction not performed,n/a; historical extraction not performed,n/a; historical extraction not performed,n/a; historical extraction not performed,440206084764,504432460679
tuning_pass2_transition_26_dlss_hoshipa_to_fsr3_hoshipa_qpc_frequency_hz,n/a; historical extraction not performed,n/a; historical extraction not performed,n/a; historical extraction not performed,n/a; historical extraction not performed,n/a; historical extraction not performed,n/a; historical extraction not performed,n/a; historical extraction not performed,n/a; historical extraction not performed,n/a; historical extraction not performed,n/a; historical extraction not performed,n/a; historical extraction not performed,n/a; historical extraction not performed,n/a; historical extraction not performed,n/a; historical extraction not performed,n/a; historical extraction not performed,10000000,10000000
tuning_pass2_transition_27_fsr3_hoshipa_to_none_presentation_ms,n/a; historical extraction not performed,n/a; historical extraction not performed,n/a; historical extraction not performed,n/a; historical extraction not performed,n/a; historical extraction not performed,n/a; historical extraction not performed,n/a; historical extraction not performed,n/a; historical extraction not performed,n/a; historical extraction not performed,n/a; historical extraction not performed,n/a; historical extraction not performed,n/a; historical extraction not performed,n/a; historical extraction not performed,n/a; historical extraction not performed,n/a; historical extraction not performed,529.2672,546.8284
tuning_pass2_transition_27_fsr3_hoshipa_to_none_cleanup_ms,n/a; historical extraction not performed,n/a; historical extraction not performed,n/a; historical extraction not performed,n/a; historical extraction not performed,n/a; historical extraction not performed,n/a; historical extraction not performed,n/a; historical extraction not performed,n/a; historical extraction not performed,n/a; historical extraction not performed,n/a; historical extraction not performed,n/a; historical extraction not performed,n/a; historical extraction not performed,n/a; historical extraction not performed,n/a; historical extraction not performed,n/a; historical extraction not performed,696.9515,798.9611
tuning_pass2_transition_27_fsr3_hoshipa_to_none_cleanup_tail_ms,n/a; historical extraction not performed,n/a; historical extraction not performed,n/a; historical extraction not performed,n/a; historical extraction not performed,n/a; historical extraction not performed,n/a; historical extraction not performed,n/a; historical extraction not performed,n/a; historical extraction not performed,n/a; historical extraction not performed,n/a; historical extraction not performed,n/a; historical extraction not performed,n/a; historical extraction not performed,n/a; historical extraction not performed,n/a; historical extraction not performed,n/a; historical extraction not performed,167.6843,252.1327
tuning_pass2_transition_27_fsr3_hoshipa_to_none_strict_frames,n/a; historical extraction not performed,n/a; historical extraction not performed,n/a; historical extraction not performed,n/a; historical extraction not performed,n/a; historical extraction not performed,n/a; historical extraction not performed,n/a; historical extraction not performed,n/a; historical extraction not performed,n/a; historical extraction not performed,n/a; historical extraction not performed,n/a; historical extraction not performed,n/a; historical extraction not performed,n/a; historical extraction not performed,n/a; historical extraction not performed,n/a; historical extraction not performed,17,16
tuning_pass2_transition_27_fsr3_hoshipa_to_none_dispatch_qpc_tick,n/a; historical extraction not performed,n/a; historical extraction not performed,n/a; historical extraction not performed,n/a; historical extraction not performed,n/a; historical extraction not performed,n/a; historical extraction not performed,n/a; historical extraction not performed,n/a; historical extraction not performed,n/a; historical extraction not performed,n/a; historical extraction not performed,n/a; historical extraction not performed,n/a; historical extraction not performed,n/a; historical extraction not performed,n/a; historical extraction not performed,n/a; historical extraction not performed,440257162492,504483759896
tuning_pass2_transition_27_fsr3_hoshipa_to_none_strict_qpc_tick,n/a; historical extraction not performed,n/a; historical extraction not performed,n/a; historical extraction not performed,n/a; historical extraction not performed,n/a; historical extraction not performed,n/a; historical extraction not performed,n/a; historical extraction not performed,n/a; historical extraction not performed,n/a; historical extraction not performed,n/a; historical extraction not performed,n/a; historical extraction not performed,n/a; historical extraction not performed,n/a; historical extraction not performed,n/a; historical extraction not performed,n/a; historical extraction not performed,440264132007,504491749507
tuning_pass2_transition_27_fsr3_hoshipa_to_none_qpc_frequency_hz,n/a; historical extraction not performed,n/a; historical extraction not performed,n/a; historical extraction not performed,n/a; historical extraction not performed,n/a; historical extraction not performed,n/a; historical extraction not performed,n/a; historical extraction not performed,n/a; historical extraction not performed,n/a; historical extraction not performed,n/a; historical extraction not performed,n/a; historical extraction not performed,n/a; historical extraction not performed,n/a; historical extraction not performed,n/a; historical extraction not performed,n/a; historical extraction not performed,10000000,10000000
tuning_pass2_transition_28_none_to_fsr3_ultra_performance_presentation_ms,n/a; historical extraction not performed,n/a; historical extraction not performed,n/a; historical extraction not performed,n/a; historical extraction not performed,n/a; historical extraction not performed,n/a; historical extraction not performed,n/a; historical extraction not performed,n/a; historical extraction not performed,n/a; historical extraction not performed,n/a; historical extraction not performed,n/a; historical extraction not performed,n/a; historical extraction not performed,n/a; historical extraction not performed,n/a; historical extraction not performed,n/a; historical extraction not performed,842.9206,954.8728
tuning_pass2_transition_28_none_to_fsr3_ultra_performance_cleanup_ms,n/a; historical extraction not performed,n/a; historical extraction not performed,n/a; historical extraction not performed,n/a; historical extraction not performed,n/a; historical extraction not performed,n/a; historical extraction not performed,n/a; historical extraction not performed,n/a; historical extraction not performed,n/a; historical extraction not performed,n/a; historical extraction not performed,n/a; historical extraction not performed,n/a; historical extraction not performed,n/a; historical extraction not performed,n/a; historical extraction not performed,n/a; historical extraction not performed,795.1296,908.0249
tuning_pass2_transition_28_none_to_fsr3_ultra_performance_cleanup_tail_ms,n/a; historical extraction not performed,n/a; historical extraction not performed,n/a; historical extraction not performed,n/a; historical extraction not performed,n/a; historical extraction not performed,n/a; historical extraction not performed,n/a; historical extraction not performed,n/a; historical extraction not performed,n/a; historical extraction not performed,n/a; historical extraction not performed,n/a; historical extraction not performed,n/a; historical extraction not performed,n/a; historical extraction not performed,n/a; historical extraction not performed,n/a; historical extraction not performed,0,0
tuning_pass2_transition_28_none_to_fsr3_ultra_performance_strict_frames,n/a; historical extraction not performed,n/a; historical extraction not performed,n/a; historical extraction not performed,n/a; historical extraction not performed,n/a; historical extraction not performed,n/a; historical extraction not performed,n/a; historical extraction not performed,n/a; historical extraction not performed,n/a; historical extraction not performed,n/a; historical extraction not performed,n/a; historical extraction not performed,n/a; historical extraction not performed,n/a; historical extraction not performed,n/a; historical extraction not performed,n/a; historical extraction not performed,16,16
tuning_pass2_transition_28_none_to_fsr3_ultra_performance_dispatch_qpc_tick,n/a; historical extraction not performed,n/a; historical extraction not performed,n/a; historical extraction not performed,n/a; historical extraction not performed,n/a; historical extraction not performed,n/a; historical extraction not performed,n/a; historical extraction not performed,n/a; historical extraction not performed,n/a; historical extraction not performed,n/a; historical extraction not performed,n/a; historical extraction not performed,n/a; historical extraction not performed,n/a; historical extraction not performed,n/a; historical extraction not performed,n/a; historical extraction not performed,440315120362,504542733000
tuning_pass2_transition_28_none_to_fsr3_ultra_performance_strict_qpc_tick,n/a; historical extraction not performed,n/a; historical extraction not performed,n/a; historical extraction not performed,n/a; historical extraction not performed,n/a; historical extraction not performed,n/a; historical extraction not performed,n/a; historical extraction not performed,n/a; historical extraction not performed,n/a; historical extraction not performed,n/a; historical extraction not performed,n/a; historical extraction not performed,n/a; historical extraction not performed,n/a; historical extraction not performed,n/a; historical extraction not performed,n/a; historical extraction not performed,440323549568,504552281728
tuning_pass2_transition_28_none_to_fsr3_ultra_performance_qpc_frequency_hz,n/a; historical extraction not performed,n/a; historical extraction not performed,n/a; historical extraction not performed,n/a; historical extraction not performed,n/a; historical extraction not performed,n/a; historical extraction not performed,n/a; historical extraction not performed,n/a; historical extraction not performed,n/a; historical extraction not performed,n/a; historical extraction not performed,n/a; historical extraction not performed,n/a; historical extraction not performed,n/a; historical extraction not performed,n/a; historical extraction not performed,n/a; historical extraction not performed,10000000,10000000
tuning_pass2_transition_29_fsr3_ultra_performance_to_dlss_ultra_performance_presentation_ms,n/a; historical extraction not performed,n/a; historical extraction not performed,n/a; historical extraction not performed,n/a; historical extraction not performed,n/a; historical extraction not performed,n/a; historical extraction not performed,n/a; historical extraction not performed,n/a; historical extraction not performed,n/a; historical extraction not performed,n/a; historical extraction not performed,n/a; historical extraction not performed,n/a; historical extraction not performed,n/a; historical extraction not performed,n/a; historical extraction not performed,n/a; historical extraction not performed,1139.8985,1808.0425
tuning_pass2_transition_29_fsr3_ultra_performance_to_dlss_ultra_performance_cleanup_ms,n/a; historical extraction not performed,n/a; historical extraction not performed,n/a; historical extraction not performed,n/a; historical extraction not performed,n/a; historical extraction not performed,n/a; historical extraction not performed,n/a; historical extraction not performed,n/a; historical extraction not performed,n/a; historical extraction not performed,n/a; historical extraction not performed,n/a; historical extraction not performed,n/a; historical extraction not performed,n/a; historical extraction not performed,n/a; historical extraction not performed,n/a; historical extraction not performed,1253.6658,1940.967
tuning_pass2_transition_29_fsr3_ultra_performance_to_dlss_ultra_performance_cleanup_tail_ms,n/a; historical extraction not performed,n/a; historical extraction not performed,n/a; historical extraction not performed,n/a; historical extraction not performed,n/a; historical extraction not performed,n/a; historical extraction not performed,n/a; historical extraction not performed,n/a; historical extraction not performed,n/a; historical extraction not performed,n/a; historical extraction not performed,n/a; historical extraction not performed,n/a; historical extraction not performed,n/a; historical extraction not performed,n/a; historical extraction not performed,n/a; historical extraction not performed,113.7673,132.9245
tuning_pass2_transition_29_fsr3_ultra_performance_to_dlss_ultra_performance_strict_frames,n/a; historical extraction not performed,n/a; historical extraction not performed,n/a; historical extraction not performed,n/a; historical extraction not performed,n/a; historical extraction not performed,n/a; historical extraction not performed,n/a; historical extraction not performed,n/a; historical extraction not performed,n/a; historical extraction not performed,n/a; historical extraction not performed,n/a; historical extraction not performed,n/a; historical extraction not performed,n/a; historical extraction not performed,n/a; historical extraction not performed,n/a; historical extraction not performed,29,34
tuning_pass2_transition_29_fsr3_ultra_performance_to_dlss_ultra_performance_dispatch_qpc_tick,n/a; historical extraction not performed,n/a; historical extraction not performed,n/a; historical extraction not performed,n/a; historical extraction not performed,n/a; historical extraction not performed,n/a; historical extraction not performed,n/a; historical extraction not performed,n/a; historical extraction not performed,n/a; historical extraction not performed,n/a; historical extraction not performed,n/a; historical extraction not performed,n/a; historical extraction not performed,n/a; historical extraction not performed,n/a; historical extraction not performed,n/a; historical extraction not performed,440374731432,504603634147
tuning_pass2_transition_29_fsr3_ultra_performance_to_dlss_ultra_performance_strict_qpc_tick,n/a; historical extraction not performed,n/a; historical extraction not performed,n/a; historical extraction not performed,n/a; historical extraction not performed,n/a; historical extraction not performed,n/a; historical extraction not performed,n/a; historical extraction not performed,n/a; historical extraction not performed,n/a; historical extraction not performed,n/a; historical extraction not performed,n/a; historical extraction not performed,n/a; historical extraction not performed,n/a; historical extraction not performed,n/a; historical extraction not performed,n/a; historical extraction not performed,440388032018,504623888547
tuning_pass2_transition_29_fsr3_ultra_performance_to_dlss_ultra_performance_qpc_frequency_hz,n/a; historical extraction not performed,n/a; historical extraction not performed,n/a; historical extraction not performed,n/a; historical extraction not performed,n/a; historical extraction not performed,n/a; historical extraction not performed,n/a; historical extraction not performed,n/a; historical extraction not performed,n/a; historical extraction not performed,n/a; historical extraction not performed,n/a; historical extraction not performed,n/a; historical extraction not performed,n/a; historical extraction not performed,n/a; historical extraction not performed,n/a; historical extraction not performed,10000000,10000000
tuning_pass2_transition_30_dlss_ultra_performance_to_taa_presentation_ms,n/a; historical extraction not performed,n/a; historical extraction not performed,n/a; historical extraction not performed,n/a; historical extraction not performed,n/a; historical extraction not performed,n/a; historical extraction not performed,n/a; historical extraction not performed,n/a; historical extraction not performed,n/a; historical extraction not performed,n/a; historical extraction not performed,n/a; historical extraction not performed,n/a; historical extraction not performed,n/a; historical extraction not performed,n/a; historical extraction not performed,n/a; historical extraction not performed,407.1707,538.2285
tuning_pass2_transition_30_dlss_ultra_performance_to_taa_cleanup_ms,n/a; historical extraction not performed,n/a; historical extraction not performed,n/a; historical extraction not performed,n/a; historical extraction not performed,n/a; historical extraction not performed,n/a; historical extraction not performed,n/a; historical extraction not performed,n/a; historical extraction not performed,n/a; historical extraction not performed,n/a; historical extraction not performed,n/a; historical extraction not performed,n/a; historical extraction not performed,n/a; historical extraction not performed,n/a; historical extraction not performed,n/a; historical extraction not performed,618.367,787.2844
tuning_pass2_transition_30_dlss_ultra_performance_to_taa_cleanup_tail_ms,n/a; historical extraction not performed,n/a; historical extraction not performed,n/a; historical extraction not performed,n/a; historical extraction not performed,n/a; historical extraction not performed,n/a; historical extraction not performed,n/a; historical extraction not performed,n/a; historical extraction not performed,n/a; historical extraction not performed,n/a; historical extraction not performed,n/a; historical extraction not performed,n/a; historical extraction not performed,n/a; historical extraction not performed,n/a; historical extraction not performed,n/a; historical extraction not performed,211.1963,249.0559
tuning_pass2_transition_30_dlss_ultra_performance_to_taa_strict_frames,n/a; historical extraction not performed,n/a; historical extraction not performed,n/a; historical extraction not performed,n/a; historical extraction not performed,n/a; historical extraction not performed,n/a; historical extraction not performed,n/a; historical extraction not performed,n/a; historical extraction not performed,n/a; historical extraction not performed,n/a; historical extraction not performed,n/a; historical extraction not performed,n/a; historical extraction not performed,n/a; historical extraction not performed,n/a; historical extraction not performed,n/a; historical extraction not performed,14,17
tuning_pass2_transition_30_dlss_ultra_performance_to_taa_dispatch_qpc_tick,n/a; historical extraction not performed,n/a; historical extraction not performed,n/a; historical extraction not performed,n/a; historical extraction not performed,n/a; historical extraction not performed,n/a; historical extraction not performed,n/a; historical extraction not performed,n/a; historical extraction not performed,n/a; historical extraction not performed,n/a; historical extraction not performed,n/a; historical extraction not performed,n/a; historical extraction not performed,n/a; historical extraction not performed,n/a; historical extraction not performed,n/a; historical extraction not performed,440439347422,504675385048
tuning_pass2_transition_30_dlss_ultra_performance_to_taa_strict_qpc_tick,n/a; historical extraction not performed,n/a; historical extraction not performed,n/a; historical extraction not performed,n/a; historical extraction not performed,n/a; historical extraction not performed,n/a; historical extraction not performed,n/a; historical extraction not performed,n/a; historical extraction not performed,n/a; historical extraction not performed,n/a; historical extraction not performed,n/a; historical extraction not performed,n/a; historical extraction not performed,n/a; historical extraction not performed,n/a; historical extraction not performed,n/a; historical extraction not performed,440445531092,504683257892
tuning_pass2_transition_30_dlss_ultra_performance_to_taa_qpc_frequency_hz,n/a; historical extraction not performed,n/a; historical extraction not performed,n/a; historical extraction not performed,n/a; historical extraction not performed,n/a; historical extraction not performed,n/a; historical extraction not performed,n/a; historical extraction not performed,n/a; historical extraction not performed,n/a; historical extraction not performed,n/a; historical extraction not performed,n/a; historical extraction not performed,n/a; historical extraction not performed,n/a; historical extraction not performed,n/a; historical extraction not performed,n/a; historical extraction not performed,10000000,10000000
tuning_pass2_transition_31_taa_to_fsr3_native_aa_presentation_ms,n/a; historical extraction not performed,n/a; historical extraction not performed,n/a; historical extraction not performed,n/a; historical extraction not performed,n/a; historical extraction not performed,n/a; historical extraction not performed,n/a; historical extraction not performed,n/a; historical extraction not performed,n/a; historical extraction not performed,n/a; historical extraction not performed,n/a; historical extraction not performed,n/a; historical extraction not performed,n/a; historical extraction not performed,n/a; historical extraction not performed,n/a; historical extraction not performed,697.9045,653.4656
tuning_pass2_transition_31_taa_to_fsr3_native_aa_cleanup_ms,n/a; historical extraction not performed,n/a; historical extraction not performed,n/a; historical extraction not performed,n/a; historical extraction not performed,n/a; historical extraction not performed,n/a; historical extraction not performed,n/a; historical extraction not performed,n/a; historical extraction not performed,n/a; historical extraction not performed,n/a; historical extraction not performed,n/a; historical extraction not performed,n/a; historical extraction not performed,n/a; historical extraction not performed,n/a; historical extraction not performed,n/a; historical extraction not performed,697.9045,653.4656
tuning_pass2_transition_31_taa_to_fsr3_native_aa_cleanup_tail_ms,n/a; historical extraction not performed,n/a; historical extraction not performed,n/a; historical extraction not performed,n/a; historical extraction not performed,n/a; historical extraction not performed,n/a; historical extraction not performed,n/a; historical extraction not performed,n/a; historical extraction not performed,n/a; historical extraction not performed,n/a; historical extraction not performed,n/a; historical extraction not performed,n/a; historical extraction not performed,n/a; historical extraction not performed,n/a; historical extraction not performed,n/a; historical extraction not performed,0,0
tuning_pass2_transition_31_taa_to_fsr3_native_aa_strict_frames,n/a; historical extraction not performed,n/a; historical extraction not performed,n/a; historical extraction not performed,n/a; historical extraction not performed,n/a; historical extraction not performed,n/a; historical extraction not performed,n/a; historical extraction not performed,n/a; historical extraction not performed,n/a; historical extraction not performed,n/a; historical extraction not performed,n/a; historical extraction not performed,n/a; historical extraction not performed,n/a; historical extraction not performed,n/a; historical extraction not performed,n/a; historical extraction not performed,12,11
tuning_pass2_transition_31_taa_to_fsr3_native_aa_dispatch_qpc_tick,n/a; historical extraction not performed,n/a; historical extraction not performed,n/a; historical extraction not performed,n/a; historical extraction not performed,n/a; historical extraction not performed,n/a; historical extraction not performed,n/a; historical extraction not performed,n/a; historical extraction not performed,n/a; historical extraction not performed,n/a; historical extraction not performed,n/a; historical extraction not performed,n/a; historical extraction not performed,n/a; historical extraction not performed,n/a; historical extraction not performed,n/a; historical extraction not performed,440496596265,504734678762
tuning_pass2_transition_31_taa_to_fsr3_native_aa_strict_qpc_tick,n/a; historical extraction not performed,n/a; historical extraction not performed,n/a; historical extraction not performed,n/a; historical extraction not performed,n/a; historical extraction not performed,n/a; historical extraction not performed,n/a; historical extraction not performed,n/a; historical extraction not performed,n/a; historical extraction not performed,n/a; historical extraction not performed,n/a; historical extraction not performed,n/a; historical extraction not performed,n/a; historical extraction not performed,n/a; historical extraction not performed,n/a; historical extraction not performed,440503575310,504741213418
tuning_pass2_transition_31_taa_to_fsr3_native_aa_qpc_frequency_hz,n/a; historical extraction not performed,n/a; historical extraction not performed,n/a; historical extraction not performed,n/a; historical extraction not performed,n/a; historical extraction not performed,n/a; historical extraction not performed,n/a; historical extraction not performed,n/a; historical extraction not performed,n/a; historical extraction not performed,n/a; historical extraction not performed,n/a; historical extraction not performed,n/a; historical extraction not performed,n/a; historical extraction not performed,n/a; historical extraction not performed,n/a; historical extraction not performed,10000000,10000000
tuning_pass2_transition_32_fsr3_native_aa_to_none_presentation_ms,n/a; historical extraction not performed,n/a; historical extraction not performed,n/a; historical extraction not performed,n/a; historical extraction not performed,n/a; historical extraction not performed,n/a; historical extraction not performed,n/a; historical extraction not performed,n/a; historical extraction not performed,n/a; historical extraction not performed,n/a; historical extraction not performed,n/a; historical extraction not performed,n/a; historical extraction not performed,n/a; historical extraction not performed,n/a; historical extraction not performed,n/a; historical extraction not performed,177.1592,228.0478
tuning_pass2_transition_32_fsr3_native_aa_to_none_cleanup_ms,n/a; historical extraction not performed,n/a; historical extraction not performed,n/a; historical extraction not performed,n/a; historical extraction not performed,n/a; historical extraction not performed,n/a; historical extraction not performed,n/a; historical extraction not performed,n/a; historical extraction not performed,n/a; historical extraction not performed,n/a; historical extraction not performed,n/a; historical extraction not performed,n/a; historical extraction not performed,n/a; historical extraction not performed,n/a; historical extraction not performed,n/a; historical extraction not performed,412.4201,522.4237
tuning_pass2_transition_32_fsr3_native_aa_to_none_cleanup_tail_ms,n/a; historical extraction not performed,n/a; historical extraction not performed,n/a; historical extraction not performed,n/a; historical extraction not performed,n/a; historical extraction not performed,n/a; historical extraction not performed,n/a; historical extraction not performed,n/a; historical extraction not performed,n/a; historical extraction not performed,n/a; historical extraction not performed,n/a; historical extraction not performed,n/a; historical extraction not performed,n/a; historical extraction not performed,n/a; historical extraction not performed,n/a; historical extraction not performed,235.2609,294.3759
tuning_pass2_transition_32_fsr3_native_aa_to_none_strict_frames,n/a; historical extraction not performed,n/a; historical extraction not performed,n/a; historical extraction not performed,n/a; historical extraction not performed,n/a; historical extraction not performed,n/a; historical extraction not performed,n/a; historical extraction not performed,n/a; historical extraction not performed,n/a; historical extraction not performed,n/a; historical extraction not performed,n/a; historical extraction not performed,n/a; historical extraction not performed,n/a; historical extraction not performed,n/a; historical extraction not performed,n/a; historical extraction not performed,11,11
tuning_pass2_transition_32_fsr3_native_aa_to_none_dispatch_qpc_tick,n/a; historical extraction not performed,n/a; historical extraction not performed,n/a; historical extraction not performed,n/a; historical extraction not performed,n/a; historical extraction not performed,n/a; historical extraction not performed,n/a; historical extraction not performed,n/a; historical extraction not performed,n/a; historical extraction not performed,n/a; historical extraction not performed,n/a; historical extraction not performed,n/a; historical extraction not performed,n/a; historical extraction not performed,n/a; historical extraction not performed,n/a; historical extraction not performed,440554571584,504792451221
tuning_pass2_transition_32_fsr3_native_aa_to_none_strict_qpc_tick,n/a; historical extraction not performed,n/a; historical extraction not performed,n/a; historical extraction not performed,n/a; historical extraction not performed,n/a; historical extraction not performed,n/a; historical extraction not performed,n/a; historical extraction not performed,n/a; historical extraction not performed,n/a; historical extraction not performed,n/a; historical extraction not performed,n/a; historical extraction not performed,n/a; historical extraction not performed,n/a; historical extraction not performed,n/a; historical extraction not performed,n/a; historical extraction not performed,440558695785,504797675458
tuning_pass2_transition_32_fsr3_native_aa_to_none_qpc_frequency_hz,n/a; historical extraction not performed,n/a; historical extraction not performed,n/a; historical extraction not performed,n/a; historical extraction not performed,n/a; historical extraction not performed,n/a; historical extraction not performed,n/a; historical extraction not performed,n/a; historical extraction not performed,n/a; historical extraction not performed,n/a; historical extraction not performed,n/a; historical extraction not performed,n/a; historical extraction not performed,n/a; historical extraction not performed,n/a; historical extraction not performed,n/a; historical extraction not performed,10000000,10000000
tuning_pass2_transition_33_none_to_dlaa_presentation_ms,n/a; historical extraction not performed,n/a; historical extraction not performed,n/a; historical extraction not performed,n/a; historical extraction not performed,n/a; historical extraction not performed,n/a; historical extraction not performed,n/a; historical extraction not performed,n/a; historical extraction not performed,n/a; historical extraction not performed,n/a; historical extraction not performed,n/a; historical extraction not performed,n/a; historical extraction not performed,n/a; historical extraction not performed,n/a; historical extraction not performed,n/a; historical extraction not performed,235.0208,291.1167
tuning_pass2_transition_33_none_to_dlaa_cleanup_ms,n/a; historical extraction not performed,n/a; historical extraction not performed,n/a; historical extraction not performed,n/a; historical extraction not performed,n/a; historical extraction not performed,n/a; historical extraction not performed,n/a; historical extraction not performed,n/a; historical extraction not performed,n/a; historical extraction not performed,n/a; historical extraction not performed,n/a; historical extraction not performed,n/a; historical extraction not performed,n/a; historical extraction not performed,n/a; historical extraction not performed,n/a; historical extraction not performed,235.0208,291.1167
tuning_pass2_transition_33_none_to_dlaa_cleanup_tail_ms,n/a; historical extraction not performed,n/a; historical extraction not performed,n/a; historical extraction not performed,n/a; historical extraction not performed,n/a; historical extraction not performed,n/a; historical extraction not performed,n/a; historical extraction not performed,n/a; historical extraction not performed,n/a; historical extraction not performed,n/a; historical extraction not performed,n/a; historical extraction not performed,n/a; historical extraction not performed,n/a; historical extraction not performed,n/a; historical extraction not performed,n/a; historical extraction not performed,0,0
tuning_pass2_transition_33_none_to_dlaa_strict_frames,n/a; historical extraction not performed,n/a; historical extraction not performed,n/a; historical extraction not performed,n/a; historical extraction not performed,n/a; historical extraction not performed,n/a; historical extraction not performed,n/a; historical extraction not performed,n/a; historical extraction not performed,n/a; historical extraction not performed,n/a; historical extraction not performed,n/a; historical extraction not performed,n/a; historical extraction not performed,n/a; historical extraction not performed,n/a; historical extraction not performed,n/a; historical extraction not performed,3,3
tuning_pass2_transition_33_none_to_dlaa_dispatch_qpc_tick,n/a; historical extraction not performed,n/a; historical extraction not performed,n/a; historical extraction not performed,n/a; historical extraction not performed,n/a; historical extraction not performed,n/a; historical extraction not performed,n/a; historical extraction not performed,n/a; historical extraction not performed,n/a; historical extraction not performed,n/a; historical extraction not performed,n/a; historical extraction not performed,n/a; historical extraction not performed,n/a; historical extraction not performed,n/a; historical extraction not performed,n/a; historical extraction not performed,440609662637,504849039416
tuning_pass2_transition_33_none_to_dlaa_strict_qpc_tick,n/a; historical extraction not performed,n/a; historical extraction not performed,n/a; historical extraction not performed,n/a; historical extraction not performed,n/a; historical extraction not performed,n/a; historical extraction not performed,n/a; historical extraction not performed,n/a; historical extraction not performed,n/a; historical extraction not performed,n/a; historical extraction not performed,n/a; historical extraction not performed,n/a; historical extraction not performed,n/a; historical extraction not performed,n/a; historical extraction not performed,n/a; historical extraction not performed,440612012845,504851950583
tuning_pass2_transition_33_none_to_dlaa_qpc_frequency_hz,n/a; historical extraction not performed,n/a; historical extraction not performed,n/a; historical extraction not performed,n/a; historical extraction not performed,n/a; historical extraction not performed,n/a; historical extraction not performed,n/a; historical extraction not performed,n/a; historical extraction not performed,n/a; historical extraction not performed,n/a; historical extraction not performed,n/a; historical extraction not performed,n/a; historical extraction not performed,n/a; historical extraction not performed,n/a; historical extraction not performed,n/a; historical extraction not performed,10000000,10000000
tuning_transition_timing_definition,n/a; see existing measurement-source rows,n/a; see existing measurement-source rows,n/a; see existing measurement-source rows,n/a; see existing measurement-source rows,n/a; see existing measurement-source rows,n/a; see existing measurement-source rows,n/a; see existing measurement-source rows,n/a; see existing measurement-source rows,n/a; see existing measurement-source rows,n/a; see existing measurement-source rows,n/a; see existing measurement-source rows,n/a; see existing measurement-source rows,n/a; see existing measurement-source rows,n/a; see existing measurement-source rows,n/a; see existing measurement-source rows,"{""definition"":""Elapsed milliseconds/frames originate at qualification_dispatch; phaseDurations use named endpoints; QPC ticks use timing.tickFrequency Hz; 5000ms pre-dispatch pacing excluded; unavailable timings remain missing; no inferred zeros."",""runId"":""nvidia-2026-09-10T07-19-50-405Z"",""buildId"":""07238b1fe36024d2c33081f023973c34887ce8a0fa4bd4743bf8a1c85b5ec78d"",""sourceCommit"":""348803c1831c8cd71ceb75a58143ad0bcb00abb2"",""transitions"":[{""passNumber"":1,""ordinal"":1,""source"":{""method"":""dlss"",""qualityMode"":1,""renderScaleMode"":true},""target"":{""method"":""none"",""qualityMode"":0,""renderScaleMode"":false},""receipt"":""raw/lane-nvidia/pass-1/transitions/01/retained.json"",""timing"":{""beginTick"":436665591932,""cleanupDrainedTick"":436673047326,""clock"":""query_performance_counter"",""dispatchTick"":436666352326,""elapsedFrames"":15,""elapsedMs"":669.5,""elapsedOrigin"":""qualification_dispatch"",""presentationStableTick"":436671365264,""stableTick"":436673047326,""strictSatisfiedTick"":436673047326,""tickFrequency"":10000000,""timeoutMs"":20000},""milestoneTimings"":{""cleanup"":{""elapsedFrames"":15,""elapsedMs"":669.5,""frame"":123395,""observed"":true,""tick"":436673047326},""cleanupPrecededPresentation"":false,""cleanupTailFrames"":4,""cleanupTailMs"":168.2062,""presentation"":{""elapsedFrames"":11,""elapsedMs"":501.2938,""frame"":123391,""observed"":true,""tick"":436671365264},""presentationToCleanupFrames"":4,""presentationToCleanupMs"":168.2062,""sameObservation"":false,""strict"":{""elapsedFrames"":15,""elapsedMs"":669.5,""frame"":123395,""observed"":true,""tick"":436673047326}},""phaseDurations"":{""blockedOrPreparationToFirstPhysicalMutationMs"":2.6851,""dispatchToBlockedOrPreparationMs"":327.2972,""firstNewGenerationToCleanupDrainedMs"":228.3937,""firstPhysicalMutationToFirstNewGenerationMs"":111.124,""presentationToStrictCompletionMs"":168.2062},""elapsed"":{""cleanupElapsedFrames"":15,""cleanupElapsedMs"":669.5,""presentationElapsedFrames"":11,""presentationElapsedMs"":501.2938,""strictElapsedFrames"":15,""strictElapsedMs"":669.5}},{""passNumber"":1,""ordinal"":2,""source"":{""method"":""none"",""qualityMode"":0,""renderScaleMode"":false},""target"":{""method"":""taa"",""qualityMode"":0,""renderScaleMode"":false},""receipt"":""raw/lane-nvidia/pass-1/transitions/02/retained.json"",""timing"":{""beginTick"":436723411544,""cleanupDrainedTick"":436725658566,""clock"":""query_performance_counter"",""dispatchTick"":436723843579,""elapsedFrames"":4,""elapsedMs"":181.4987,""elapsedOrigin"":""qualification_dispatch"",""presentationStableTick"":436725658566,""stableTick"":436725658566,""strictSatisfiedTick"":436725658566,""tickFrequency"":10000000,""timeoutMs"":20000},""milestoneTimings"":{""cleanup"":{""elapsedFrames"":4,""elapsedMs"":181.4987,""frame"":123523,""observed"":true,""tick"":436725658566},""cleanupPrecededPresentation"":false,""cleanupTailFrames"":0,""cleanupTailMs"":0,""presentation"":{""elapsedFrames"":4,""elapsedMs"":181.4987,""frame"":123523,""observed"":true,""tick"":436725658566},""presentationToCleanupFrames"":0,""presentationToCleanupMs"":0,""sameObservation"":true,""strict"":{""elapsedFrames"":4,""elapsedMs"":181.4987,""frame"":123523,""observed"":true,""tick"":436725658566}},""phaseDurations"":{""blockedOrPreparationToFirstPhysicalMutationMs"":null,""dispatchToBlockedOrPreparationMs"":181.4987,""firstNewGenerationToCleanupDrainedMs"":null,""firstPhysicalMutationToFirstNewGenerationMs"":null,""presentationToStrictCompletionMs"":0},""elapsed"":{""cleanupElapsedFrames"":4,""cleanupElapsedMs"":181.4987,""presentationElapsedFrames"":4,""presentationElapsedMs"":181.4987,""strictElapsedFrames"":4,""strictElapsedMs"":181.4987}},{""passNumber"":1,""ordinal"":3,""source"":{""method"":""taa"",""qualityMode"":0,""renderScaleMode"":false},""target"":{""dlssProfile"":""K"",""method"":""dlss"",""qualityMode"":0,""renderScaleMode"":false},""receipt"":""raw/lane-nvidia/pass-1/transitions/03/retained.json"",""timing"":{""beginTick"":436776182046,""cleanupDrainedTick"":436779460958,""clock"":""query_performance_counter"",""dispatchTick"":436776562687,""elapsedFrames"":5,""elapsedMs"":289.8271,""elapsedOrigin"":""qualification_dispatch"",""presentationStableTick"":436779460958,""stableTick"":436779460958,""strictSatisfiedTick"":436779460958,""tickFrequency"":10000000,""timeoutMs"":20000},""milestoneTimings"":{""cleanup"":{""elapsedFrames"":5,""elapsedMs"":289.8271,""frame"":123658,""observed"":true,""tick"":436779460958},""cleanupPrecededPresentation"":false,""cleanupTailFrames"":0,""cleanupTailMs"":0,""presentation"":{""elapsedFrames"":5,""elapsedMs"":289.8271,""frame"":123658,""observed"":true,""tick"":436779460958},""presentationToCleanupFrames"":0,""presentationToCleanupMs"":0,""sameObservation"":true,""strict"":{""elapsedFrames"":5,""elapsedMs"":289.8271,""frame"":123658,""observed"":true,""tick"":436779460958}},""phaseDurations"":{""blockedOrPreparationToFirstPhysicalMutationMs"":null,""dispatchToBlockedOrPreparationMs"":289.8271,""firstNewGenerationToCleanupDrainedMs"":null,""firstPhysicalMutationToFirstNewGenerationMs"":null,""presentationToStrictCompletionMs"":0},""elapsed"":{""cleanupElapsedFrames"":5,""cleanupElapsedMs"":289.8271,""presentationElapsedFrames"":5,""presentationElapsedMs"":289.8271,""strictElapsedFrames"":5,""strictElapsedMs"":289.8271}},{""passNumber"":1,""ordinal"":4,""source"":{""method"":""dlss"",""qualityMode"":0,""renderScaleMode"":false},""target"":{""dlssProfile"":""K"",""method"":""dlss"",""qualityMode"":1,""renderScaleMode"":true},""receipt"":""raw/lane-nvidia/pass-1/transitions/04/retained.json"",""timing"":{""beginTick"":436830107232,""cleanupDrainedTick"":436838857784,""clock"":""query_performance_counter"",""dispatchTick"":436830488766,""elapsedFrames"":17,""elapsedMs"":920.5647,""elapsedOrigin"":""qualification_dispatch"",""presentationStableTick"":436837440556,""stableTick"":436839694413,""strictSatisfiedTick"":436839694413,""tickFrequency"":10000000,""timeoutMs"":20000},""milestoneTimings"":{""cleanup"":{""elapsedFrames"":16,""elapsedMs"":836.9018,""frame"":123803,""observed"":true,""tick"":436838857784},""cleanupPrecededPresentation"":false,""cleanupTailFrames"":3,""cleanupTailMs"":141.7228,""presentation"":{""elapsedFrames"":13,""elapsedMs"":695.179,""frame"":123800,""observed"":true,""tick"":436837440556},""presentationToCleanupFrames"":3,""presentationToCleanupMs"":141.7228,""sameObservation"":false,""strict"":{""elapsedFrames"":17,""elapsedMs"":920.5647,""frame"":123804,""observed"":true,""tick"":436839694413}},""phaseDurations"":{""blockedOrPreparationToFirstPhysicalMutationMs"":3.351,""dispatchToBlockedOrPreparationMs"":338.413,""firstNewGenerationToCleanupDrainedMs"":184.9359,""firstPhysicalMutationToFirstNewGenerationMs"":310.2019,""presentationToStrictCompletionMs"":225.3857},""elapsed"":{""cleanupElapsedFrames"":16,""cleanupElapsedMs"":836.9018,""presentationElapsedFrames"":13,""presentationElapsedMs"":695.179,""strictElapsedFrames"":17,""strictElapsedMs"":920.5647}},{""passNumber"":1,""ordinal"":5,""source"":{""method"":""dlss"",""qualityMode"":1,""renderScaleMode"":true},""target"":{""dlssProfile"":""K"",""method"":""dlss"",""qualityMode"":2,""renderScaleMode"":true},""receipt"":""raw/lane-nvidia/pass-1/transitions/05/retained.json"",""timing"":{""beginTick"":436890675983,""cleanupDrainedTick"":436900057699,""clock"":""query_performance_counter"",""dispatchTick"":436891094664,""elapsedFrames"":19,""elapsedMs"":981.7929,""elapsedOrigin"":""qualification_dispatch"",""presentationStableTick"":436898777404,""stableTick"":436900912593,""strictSatisfiedTick"":436900912593,""tickFrequency"":10000000,""timeoutMs"":20000},""milestoneTimings"":{""cleanup"":{""elapsedFrames"":18,""elapsedMs"":896.3035,""frame"":123941,""observed"":true,""tick"":436900057699},""cleanupPrecededPresentation"":false,""cleanupTailFrames"":3,""cleanupTailMs"":128.0295,""presentation"":{""elapsedFrames"":15,""elapsedMs"":768.274,""frame"":123938,""observed"":true,""tick"":436898777404},""presentationToCleanupFrames"":3,""presentationToCleanupMs"":128.0295,""sameObservation"":false,""strict"":{""elapsedFrames"":19,""elapsedMs"":981.7929,""frame"":123942,""observed"":true,""tick"":436900912593}},""phaseDurations"":{""blockedOrPreparationToFirstPhysicalMutationMs"":4.3558,""dispatchToBlockedOrPreparationMs"":397.8904,""firstNewGenerationToCleanupDrainedMs"":172.3257,""firstPhysicalMutationToFirstNewGenerationMs"":321.7316,""presentationToStrictCompletionMs"":213.5189},""elapsed"":{""cleanupElapsedFrames"":18,""cleanupElapsedMs"":896.3035,""presentationElapsedFrames"":15,""presentationElapsedMs"":768.274,""strictElapsedFrames"":19,""strictElapsedMs"":981.7929}},{""passNumber"":1,""ordinal"":6,""source"":{""method"":""dlss"",""qualityMode"":2,""renderScaleMode"":true},""target"":{""dlssProfile"":""K"",""method"":""dlss"",""qualityMode"":3,""renderScaleMode"":true},""receipt"":""raw/lane-nvidia/pass-1/transitions/06/retained.json"",""timing"":{""beginTick"":436951783373,""cleanupDrainedTick"":436962365448,""clock"":""query_performance_counter"",""dispatchTick"":436952188751,""elapsedFrames"":23,""elapsedMs"":1099.6912,""elapsedOrigin"":""qualification_dispatch"",""presentationStableTick"":436961174588,""stableTick"":436963185663,""strictSatisfiedTick"":436963185663,""tickFrequency"":10000000,""timeoutMs"":20000},""milestoneTimings"":{""cleanup"":{""elapsedFrames"":22,""elapsedMs"":1017.6697,""frame"":124088,""observed"":true,""tick"":436962365448},""cleanupPrecededPresentation"":false,""cleanupTailFrames"":2,""cleanupTailMs"":119.086,""presentation"":{""elapsedFrames"":20,""elapsedMs"":898.5837,""frame"":124086,""observed"":true,""tick"":436961174588},""presentationToCleanupFrames"":2,""presentationToCleanupMs"":119.086,""sameObservation"":false,""strict"":{""elapsedFrames"":23,""elapsedMs"":1099.6912,""frame"":124089,""observed"":true,""tick"":436963185663}},""phaseDurations"":{""blockedOrPreparationToFirstPhysicalMutationMs"":3.0717,""dispatchToBlockedOrPreparationMs"":369.5131,""firstNewGenerationToCleanupDrainedMs"":158.8355,""firstPhysicalMutationToFirstNewGenerationMs"":486.2494,""presentationToStrictCompletionMs"":201.1075},""elapsed"":{""cleanupElapsedFrames"":22,""cleanupElapsedMs"":1017.6697,""presentationElapsedFrames"":20,""presentationElapsedMs"":898.5837,""strictElapsedFrames"":23,""strictElapsedMs"":1099.6912}},{""passNumber"":1,""ordinal"":7,""source"":{""method"":""dlss"",""qualityMode"":3,""renderScaleMode"":true},""target"":{""dlssProfile"":""K"",""method"":""dlss"",""qualityMode"":4,""renderScaleMode"":true},""receipt"":""raw/lane-nvidia/pass-1/transitions/07/retained.json"",""timing"":{""beginTick"":437014150154,""cleanupDrainedTick"":437027714809,""clock"":""query_performance_counter"",""dispatchTick"":437014624661,""elapsedFrames"":22,""elapsedMs"":1392.3187,""elapsedOrigin"":""qualification_dispatch"",""presentationStableTick"":437026468806,""stableTick"":437028547848,""strictSatisfiedTick"":437028547848,""tickFrequency"":10000000,""timeoutMs"":20000},""milestoneTimings"":{""cleanup"":{""elapsedFrames"":21,""elapsedMs"":1309.0148,""frame"":124232,""observed"":true,""tick"":437027714809},""cleanupPrecededPresentation"":false,""cleanupTailFrames"":3,""cleanupTailMs"":124.6003,""presentation"":{""elapsedFrames"":18,""elapsedMs"":1184.4145,""frame"":124229,""observed"":true,""tick"":437026468806},""presentationToCleanupFrames"":3,""presentationToCleanupMs"":124.6003,""sameObservation"":false,""strict"":{""elapsedFrames"":22,""elapsedMs"":1392.3187,""frame"":124233,""observed"":true,""tick"":437028547848}},""phaseDurations"":{""blockedOrPreparationToFirstPhysicalMutationMs"":4.1909,""dispatchToBlockedOrPreparationMs"":395.1179,""firstNewGenerationToCleanupDrainedMs"":167.299,""firstPhysicalMutationToFirstNewGenerationMs"":742.407,""presentationToStrictCompletionMs"":207.9042},""elapsed"":{""cleanupElapsedFrames"":21,""cleanupElapsedMs"":1309.0148,""presentationElapsedFrames"":18,""presentationElapsedMs"":1184.4145,""strictElapsedFrames"":22,""strictElapsedMs"":1392.3187}},{""passNumber"":1,""ordinal"":8,""source"":{""method"":""dlss"",""qualityMode"":4,""renderScaleMode"":true},""target"":{""dlssProfile"":""K"",""method"":""dlss"",""qualityMode"":5,""renderScaleMode"":true},""receipt"":""raw/lane-nvidia/pass-1/transitions/08/retained.json"",""timing"":{""beginTick"":437079539942,""cleanupDrainedTick"":437092500462,""clock"":""query_performance_counter"",""dispatchTick"":437079937282,""elapsedFrames"":21,""elapsedMs"":1343.7521,""elapsedOrigin"":""qualification_dispatch"",""presentationStableTick"":437091527455,""stableTick"":437093374803,""strictSatisfiedTick"":437093374803,""tickFrequency"":10000000,""timeoutMs"":20000},""milestoneTimings"":{""cleanup"":{""elapsedFrames"":20,""elapsedMs"":1256.318,""frame"":124382,""observed"":true,""tick"":437092500462},""cleanupPrecededPresentation"":false,""cleanupTailFrames"":2,""cleanupTailMs"":97.3007,""presentation"":{""elapsedFrames"":18,""elapsedMs"":1159.0173,""frame"":124380,""observed"":true,""tick"":437091527455},""presentationToCleanupFrames"":2,""presentationToCleanupMs"":97.3007,""sameObservation"":false,""strict"":{""elapsedFrames"":21,""elapsedMs"":1343.7521,""frame"":124383,""observed"":true,""tick"":437093374803}},""phaseDurations"":{""blockedOrPreparationToFirstPhysicalMutationMs"":2.8169,""dispatchToBlockedOrPreparationMs"":323.115,""firstNewGenerationToCleanupDrainedMs"":210.1568,""firstPhysicalMutationToFirstNewGenerationMs"":720.2293,""presentationToStrictCompletionMs"":184.7348},""elapsed"":{""cleanupElapsedFrames"":20,""cleanupElapsedMs"":1256.318,""presentationElapsedFrames"":18,""presentationElapsedMs"":1159.0173,""strictElapsedFrames"":21,""strictElapsedMs"":1343.7521}},{""passNumber"":1,""ordinal"":9,""source"":{""method"":""dlss"",""qualityMode"":5,""renderScaleMode"":true},""target"":{""dlssProfile"":""K"",""method"":""dlss"",""qualityMode"":6,""renderScaleMode"":true},""receipt"":""raw/lane-nvidia/pass-1/transitions/09/retained.json"",""timing"":{""beginTick"":437144465676,""cleanupDrainedTick"":437156207887,""clock"":""query_performance_counter"",""dispatchTick"":437144857888,""elapsedFrames"":21,""elapsedMs"":1221.9728,""elapsedOrigin"":""qualification_dispatch"",""presentationStableTick"":437154861205,""stableTick"":437157077616,""strictSatisfiedTick"":437157077616,""tickFrequency"":10000000,""timeoutMs"":20000},""milestoneTimings"":{""cleanup"":{""elapsedFrames"":20,""elapsedMs"":1134.9999,""frame"":124527,""observed"":true,""tick"":437156207887},""cleanupPrecededPresentation"":false,""cleanupTailFrames"":2,""cleanupTailMs"":134.6682,""presentation"":{""elapsedFrames"":18,""elapsedMs"":1000.3317,""frame"":124525,""observed"":true,""tick"":437154861205},""presentationToCleanupFrames"":2,""presentationToCleanupMs"":134.6682,""sameObservation"":false,""strict"":{""elapsedFrames"":21,""elapsedMs"":1221.9728,""frame"":124528,""observed"":true,""tick"":437157077616}},""phaseDurations"":{""blockedOrPreparationToFirstPhysicalMutationMs"":3.2676,""dispatchToBlockedOrPreparationMs"":324.6854,""firstNewGenerationToCleanupDrainedMs"":180.084,""firstPhysicalMutationToFirstNewGenerationMs"":626.9629,""presentationToStrictCompletionMs"":221.6411},""elapsed"":{""cleanupElapsedFrames"":20,""cleanupElapsedMs"":1134.9999,""presentationElapsedFrames"":18,""presentationElapsedMs"":1000.3317,""strictElapsedFrames"":21,""strictElapsedMs"":1221.9728}},{""passNumber"":1,""ordinal"":10,""source"":{""method"":""dlss"",""qualityMode"":6,""renderScaleMode"":true},""target"":{""dlssProfile"":""K"",""method"":""dlss"",""qualityMode"":0,""renderScaleMode"":false},""receipt"":""raw/lane-nvidia/pass-1/transitions/10/retained.json"",""timing"":{""beginTick"":437207868667,""cleanupDrainedTick"":437215665935,""clock"":""query_performance_counter"",""dispatchTick"":437208261400,""elapsedFrames"":14,""elapsedMs"":740.4535,""elapsedOrigin"":""qualification_dispatch"",""presentationStableTick"":437213923737,""stableTick"":437215665935,""strictSatisfiedTick"":437215665935,""tickFrequency"":10000000,""timeoutMs"":20000},""milestoneTimings"":{""cleanup"":{""elapsedFrames"":14,""elapsedMs"":740.4535,""frame"":124661,""observed"":true,""tick"":437215665935},""cleanupPrecededPresentation"":false,""cleanupTailFrames"":3,""cleanupTailMs"":174.2198,""presentation"":{""elapsedFrames"":11,""elapsedMs"":566.2337,""frame"":124658,""observed"":true,""tick"":437213923737},""presentationToCleanupFrames"":3,""presentationToCleanupMs"":174.2198,""sameObservation"":false,""strict"":{""elapsedFrames"":14,""elapsedMs"":740.4535,""frame"":124661,""observed"":true,""tick"":437215665935}},""phaseDurations"":{""blockedOrPreparationToFirstPhysicalMutationMs"":2.8785,""dispatchToBlockedOrPreparationMs"":334.9253,""firstNewGenerationToCleanupDrainedMs"":218.8826,""firstPhysicalMutationToFirstNewGenerationMs"":183.7671,""presentationToStrictCompletionMs"":174.2198},""elapsed"":{""cleanupElapsedFrames"":14,""cleanupElapsedMs"":740.4535,""presentationElapsedFrames"":11,""presentationElapsedMs"":566.2337,""strictElapsedFrames"":14,""strictElapsedMs"":740.4535}},{""passNumber"":1,""ordinal"":11,""source"":{""method"":""dlss"",""qualityMode"":0,""renderScaleMode"":false},""target"":{""method"":""taa"",""qualityMode"":0,""renderScaleMode"":false},""receipt"":""raw/lane-nvidia/pass-1/transitions/11/retained.json"",""timing"":{""beginTick"":437266423692,""cleanupDrainedTick"":437271679855,""clock"":""query_performance_counter"",""dispatchTick"":437266817690,""elapsedFrames"":10,""elapsedMs"":486.2165,""elapsedOrigin"":""qualification_dispatch"",""presentationStableTick"":437268777054,""stableTick"":437271679855,""strictSatisfiedTick"":437271679855,""tickFrequency"":10000000,""timeoutMs"":20000},""milestoneTimings"":{""cleanup"":{""elapsedFrames"":10,""elapsedMs"":486.2165,""frame"":124798,""observed"":true,""tick"":437271679855},""cleanupPrecededPresentation"":false,""cleanupTailFrames"":6,""cleanupTailMs"":290.2801,""presentation"":{""elapsedFrames"":4,""elapsedMs"":195.9364,""frame"":124792,""observed"":true,""tick"":437268777054},""presentationToCleanupFrames"":6,""presentationToCleanupMs"":290.2801,""sameObservation"":false,""strict"":{""elapsedFrames"":10,""elapsedMs"":486.2165,""frame"":124798,""observed"":true,""tick"":437271679855}},""phaseDurations"":{""blockedOrPreparationToFirstPhysicalMutationMs"":4.1218,""dispatchToBlockedOrPreparationMs"":142.8027,""firstNewGenerationToCleanupDrainedMs"":291.184,""firstPhysicalMutationToFirstNewGenerationMs"":48.108,""presentationToStrictCompletionMs"":290.2801},""elapsed"":{""cleanupElapsedFrames"":10,""cleanupElapsedMs"":486.2165,""presentationElapsedFrames"":4,""presentationElapsedMs"":195.9364,""strictElapsedFrames"":10,""strictElapsedMs"":486.2165}},{""passNumber"":1,""ordinal"":12,""source"":{""method"":""taa"",""qualityMode"":0,""renderScaleMode"":false},""target"":{""method"":""none"",""qualityMode"":0,""renderScaleMode"":false},""receipt"":""raw/lane-nvidia/pass-1/transitions/12/retained.json"",""timing"":{""beginTick"":437322346917,""cleanupDrainedTick"":437324292525,""clock"":""query_performance_counter"",""dispatchTick"":437322742514,""elapsedFrames"":4,""elapsedMs"":155.0011,""elapsedOrigin"":""qualification_dispatch"",""presentationStableTick"":437324292525,""stableTick"":437324292525,""strictSatisfiedTick"":437324292525,""tickFrequency"":10000000,""timeoutMs"":20000},""milestoneTimings"":{""cleanup"":{""elapsedFrames"":4,""elapsedMs"":155.0011,""frame"":124930,""observed"":true,""tick"":437324292525},""cleanupPrecededPresentation"":false,""cleanupTailFrames"":0,""cleanupTailMs"":0,""presentation"":{""elapsedFrames"":4,""elapsedMs"":155.0011,""frame"":124930,""observed"":true,""tick"":437324292525},""presentationToCleanupFrames"":0,""presentationToCleanupMs"":0,""sameObservation"":true,""strict"":{""elapsedFrames"":4,""elapsedMs"":155.0011,""frame"":124930,""observed"":true,""tick"":437324292525}},""phaseDurations"":{""blockedOrPreparationToFirstPhysicalMutationMs"":null,""dispatchToBlockedOrPreparationMs"":155.0011,""firstNewGenerationToCleanupDrainedMs"":null,""firstPhysicalMutationToFirstNewGenerationMs"":null,""presentationToStrictCompletionMs"":0},""elapsed"":{""cleanupElapsedFrames"":4,""cleanupElapsedMs"":155.0011,""presentationElapsedFrames"":4,""presentationElapsedMs"":155.0011,""strictElapsedFrames"":4,""strictElapsedMs"":155.0011}},{""passNumber"":1,""ordinal"":13,""source"":{""method"":""none"",""qualityMode"":0,""renderScaleMode"":false},""target"":{""fsrRuntime"":""fsr3"",""method"":""fsr"",""qualityMode"":0,""renderScaleMode"":false},""receipt"":""raw/lane-nvidia/pass-1/transitions/13/retained.json"",""timing"":{""beginTick"":437374668834,""cleanupDrainedTick"":437384671995,""clock"":""query_performance_counter"",""dispatchTick"":437375293101,""elapsedFrames"":11,""elapsedMs"":937.8894,""elapsedOrigin"":""qualification_dispatch"",""presentationStableTick"":437384671995,""stableTick"":437384671995,""strictSatisfiedTick"":437384671995,""tickFrequency"":10000000,""timeoutMs"":20000},""milestoneTimings"":{""cleanup"":{""elapsedFrames"":11,""elapsedMs"":937.8894,""frame"":125065,""observed"":true,""tick"":437384671995},""cleanupPrecededPresentation"":false,""cleanupTailFrames"":0,""cleanupTailMs"":0,""presentation"":{""elapsedFrames"":11,""elapsedMs"":937.8894,""frame"":125065,""observed"":true,""tick"":437384671995},""presentationToCleanupFrames"":0,""presentationToCleanupMs"":0,""sameObservation"":true,""strict"":{""elapsedFrames"":11,""elapsedMs"":937.8894,""frame"":125065,""observed"":true,""tick"":437384671995}},""phaseDurations"":{""blockedOrPreparationToFirstPhysicalMutationMs"":218.4206,""dispatchToBlockedOrPreparationMs"":454.3682,""firstNewGenerationToCleanupDrainedMs"":43.5433,""firstPhysicalMutationToFirstNewGenerationMs"":221.5573,""presentationToStrictCompletionMs"":0},""elapsed"":{""cleanupElapsedFrames"":11,""cleanupElapsedMs"":937.8894,""presentationElapsedFrames"":11,""presentationElapsedMs"":937.8894,""strictElapsedFrames"":11,""strictElapsedMs"":937.8894}},{""passNumber"":1,""ordinal"":14,""source"":{""method"":""fsr"",""qualityMode"":0,""renderScaleMode"":false},""target"":{""fsrRuntime"":""fsr3"",""method"":""fsr"",""qualityMode"":1,""renderScaleMode"":true},""receipt"":""raw/lane-nvidia/pass-1/transitions/14/retained.json"",""timing"":{""beginTick"":437435373280,""cleanupDrainedTick"":437448815237,""clock"":""query_performance_counter"",""dispatchTick"":437435888454,""elapsedFrames"":28,""elapsedMs"":1339.5939,""elapsedOrigin"":""qualification_dispatch"",""presentationStableTick"":437449284393,""stableTick"":437449284393,""strictSatisfiedTick"":437449284393,""tickFrequency"":10000000,""timeoutMs"":20000},""milestoneTimings"":{""cleanup"":{""elapsedFrames"":27,""elapsedMs"":1292.6783,""frame"":125210,""observed"":true,""tick"":437448815237},""cleanupPrecededPresentation"":true,""cleanupTailFrames"":0,""cleanupTailMs"":0,""presentation"":{""elapsedFrames"":28,""elapsedMs"":1339.5939,""frame"":125211,""observed"":true,""tick"":437449284393},""presentationToCleanupFrames"":-1,""presentationToCleanupMs"":-46.9156,""sameObservation"":false,""strict"":{""elapsedFrames"":28,""elapsedMs"":1339.5939,""frame"":125211,""observed"":true,""tick"":437449284393}},""phaseDurations"":{""blockedOrPreparationToFirstPhysicalMutationMs"":269.7296,""dispatchToBlockedOrPreparationMs"":416.8972,""firstNewGenerationToCleanupDrainedMs"":173.5496,""firstPhysicalMutationToFirstNewGenerationMs"":432.5019,""presentationToStrictCompletionMs"":0},""elapsed"":{""cleanupElapsedFrames"":27,""cleanupElapsedMs"":1292.6783,""presentationElapsedFrames"":28,""presentationElapsedMs"":1339.5939,""strictElapsedFrames"":28,""strictElapsedMs"":1339.5939}},{""passNumber"":1,""ordinal"":15,""source"":{""method"":""fsr"",""qualityMode"":1,""renderScaleMode"":true},""target"":{""fsrRuntime"":""fsr3"",""method"":""fsr"",""qualityMode"":2,""renderScaleMode"":true},""receipt"":""raw/lane-nvidia/pass-1/transitions/15/retained.json"",""timing"":{""beginTick"":437499831257,""cleanupDrainedTick"":437506571945,""clock"":""query_performance_counter"",""dispatchTick"":437500344752,""elapsedFrames"":16,""elapsedMs"":802.9989,""elapsedOrigin"":""qualification_dispatch"",""presentationStableTick"":437508374741,""stableTick"":437508374741,""strictSatisfiedTick"":437508374741,""tickFrequency"":10000000,""timeoutMs"":20000},""milestoneTimings"":{""cleanup"":{""elapsedFrames"":12,""elapsedMs"":622.7193,""frame"":125342,""observed"":true,""tick"":437506571945},""cleanupPrecededPresentation"":true,""cleanupTailFrames"":0,""cleanupTailMs"":0,""presentation"":{""elapsedFrames"":16,""elapsedMs"":802.9989,""frame"":125346,""observed"":true,""tick"":437508374741},""presentationToCleanupFrames"":-4,""presentationToCleanupMs"":-180.2796,""sameObservation"":false,""strict"":{""elapsedFrames"":16,""elapsedMs"":802.9989,""frame"":125346,""observed"":true,""tick"":437508374741}},""phaseDurations"":{""blockedOrPreparationToFirstPhysicalMutationMs"":3.7832,""dispatchToBlockedOrPreparationMs"":379.7732,""firstNewGenerationToCleanupDrainedMs"":42.6334,""firstPhysicalMutationToFirstNewGenerationMs"":196.5295,""presentationToStrictCompletionMs"":0},""elapsed"":{""cleanupElapsedFrames"":12,""cleanupElapsedMs"":622.7193,""presentationElapsedFrames"":16,""presentationElapsedMs"":802.9989,""strictElapsedFrames"":16,""strictElapsedMs"":802.9989}},{""passNumber"":1,""ordinal"":16,""source"":{""method"":""fsr"",""qualityMode"":2,""renderScaleMode"":true},""target"":{""fsrRuntime"":""fsr3"",""method"":""fsr"",""qualityMode"":3,""renderScaleMode"":true},""receipt"":""raw/lane-nvidia/pass-1/transitions/16/retained.json"",""timing"":{""beginTick"":437559119520,""cleanupDrainedTick"":437565711811,""clock"":""query_performance_counter"",""dispatchTick"":437559557881,""elapsedFrames"":17,""elapsedMs"":803.8491,""elapsedOrigin"":""qualification_dispatch"",""presentationStableTick"":437567596372,""stableTick"":437567596372,""strictSatisfiedTick"":437567596372,""tickFrequency"":10000000,""timeoutMs"":20000},""milestoneTimings"":{""cleanup"":{""elapsedFrames"":13,""elapsedMs"":615.393,""frame"":125473,""observed"":true,""tick"":437565711811},""cleanupPrecededPresentation"":true,""cleanupTailFrames"":0,""cleanupTailMs"":0,""presentation"":{""elapsedFrames"":17,""elapsedMs"":803.8491,""frame"":125477,""observed"":true,""tick"":437567596372},""presentationToCleanupFrames"":-4,""presentationToCleanupMs"":-188.4561,""sameObservation"":false,""strict"":{""elapsedFrames"":17,""elapsedMs"":803.8491,""frame"":125477,""observed"":true,""tick"":437567596372}},""phaseDurations"":{""blockedOrPreparationToFirstPhysicalMutationMs"":4.7894,""dispatchToBlockedOrPreparationMs"":359.0321,""firstNewGenerationToCleanupDrainedMs"":44.8407,""firstPhysicalMutationToFirstNewGenerationMs"":206.7308,""presentationToStrictCompletionMs"":0},""elapsed"":{""cleanupElapsedFrames"":13,""cleanupElapsedMs"":615.393,""presentationElapsedFrames"":17,""presentationElapsedMs"":803.8491,""strictElapsedFrames"":17,""strictElapsedMs"":803.8491}},{""passNumber"":1,""ordinal"":17,""source"":{""method"":""fsr"",""qualityMode"":3,""renderScaleMode"":true},""target"":{""fsrRuntime"":""fsr3"",""method"":""fsr"",""qualityMode"":4,""renderScaleMode"":true},""receipt"":""raw/lane-nvidia/pass-1/transitions/17/retained.json"",""timing"":{""beginTick"":437618414029,""cleanupDrainedTick"":437624956495,""clock"":""query_performance_counter"",""dispatchTick"":437618881858,""elapsedFrames"":16,""elapsedMs"":732.811,""elapsedOrigin"":""qualification_dispatch"",""presentationStableTick"":437626209968,""stableTick"":437626209968,""strictSatisfiedTick"":437626209968,""tickFrequency"":10000000,""timeoutMs"":20000},""milestoneTimings"":{""cleanup"":{""elapsedFrames"":13,""elapsedMs"":607.4637,""frame"":125603,""observed"":true,""tick"":437624956495},""cleanupPrecededPresentation"":true,""cleanupTailFrames"":0,""cleanupTailMs"":0,""presentation"":{""elapsedFrames"":16,""elapsedMs"":732.811,""frame"":125606,""observed"":true,""tick"":437626209968},""presentationToCleanupFrames"":-3,""presentationToCleanupMs"":-125.3473,""sameObservation"":false,""strict"":{""elapsedFrames"":16,""elapsedMs"":732.811,""frame"":125606,""observed"":true,""tick"":437626209968}},""phaseDurations"":{""blockedOrPreparationToFirstPhysicalMutationMs"":3.3609,""dispatchToBlockedOrPreparationMs"":375.1355,""firstNewGenerationToCleanupDrainedMs"":41.1615,""firstPhysicalMutationToFirstNewGenerationMs"":187.8058,""presentationToStrictCompletionMs"":0},""elapsed"":{""cleanupElapsedFrames"":13,""cleanupElapsedMs"":607.4637,""presentationElapsedFrames"":16,""presentationElapsedMs"":732.811,""strictElapsedFrames"":16,""strictElapsedMs"":732.811}},{""passNumber"":1,""ordinal"":18,""source"":{""method"":""fsr"",""qualityMode"":4,""renderScaleMode"":true},""target"":{""fsrRuntime"":""fsr3"",""method"":""fsr"",""qualityMode"":5,""renderScaleMode"":true},""receipt"":""raw/lane-nvidia/pass-1/transitions/18/retained.json"",""timing"":{""beginTick"":437676899541,""cleanupDrainedTick"":437684138663,""clock"":""query_performance_counter"",""dispatchTick"":437677371802,""elapsedFrames"":16,""elapsedMs"":840.0523,""elapsedOrigin"":""qualification_dispatch"",""presentationStableTick"":437685772325,""stableTick"":437685772325,""strictSatisfiedTick"":437685772325,""tickFrequency"":10000000,""timeoutMs"":20000},""milestoneTimings"":{""cleanup"":{""elapsedFrames"":13,""elapsedMs"":676.6861,""frame"":125732,""observed"":true,""tick"":437684138663},""cleanupPrecededPresentation"":true,""cleanupTailFrames"":0,""cleanupTailMs"":0,""presentation"":{""elapsedFrames"":16,""elapsedMs"":840.0523,""frame"":125735,""observed"":true,""tick"":437685772325},""presentationToCleanupFrames"":-3,""presentationToCleanupMs"":-163.3662,""sameObservation"":false,""strict"":{""elapsedFrames"":16,""elapsedMs"":840.0523,""frame"":125735,""observed"":true,""tick"":437685772325}},""phaseDurations"":{""blockedOrPreparationToFirstPhysicalMutationMs"":7.0764,""dispatchToBlockedOrPreparationMs"":373.4732,""firstNewGenerationToCleanupDrainedMs"":60.3653,""firstPhysicalMutationToFirstNewGenerationMs"":235.7712,""presentationToStrictCompletionMs"":0},""elapsed"":{""cleanupElapsedFrames"":13,""cleanupElapsedMs"":676.6861,""presentationElapsedFrames"":16,""presentationElapsedMs"":840.0523,""strictElapsedFrames"":16,""strictElapsedMs"":840.0523}},{""passNumber"":1,""ordinal"":19,""source"":{""method"":""fsr"",""qualityMode"":5,""renderScaleMode"":true},""target"":{""fsrRuntime"":""fsr3"",""method"":""fsr"",""qualityMode"":6,""renderScaleMode"":true},""receipt"":""raw/lane-nvidia/pass-1/transitions/19/retained.json"",""timing"":{""beginTick"":437736454201,""cleanupDrainedTick"":437742746327,""clock"":""query_performance_counter"",""dispatchTick"":437736887444,""elapsedFrames"":16,""elapsedMs"":708.5673,""elapsedOrigin"":""qualification_dispatch"",""presentationStableTick"":437743973117,""stableTick"":437743973117,""strictSatisfiedTick"":437743973117,""tickFrequency"":10000000,""timeoutMs"":20000},""milestoneTimings"":{""cleanup"":{""elapsedFrames"":13,""elapsedMs"":585.8883,""frame"":125863,""observed"":true,""tick"":437742746327},""cleanupPrecededPresentation"":true,""cleanupTailFrames"":0,""cleanupTailMs"":0,""presentation"":{""elapsedFrames"":16,""elapsedMs"":708.5673,""frame"":125866,""observed"":true,""tick"":437743973117},""presentationToCleanupFrames"":-3,""presentationToCleanupMs"":-122.679,""sameObservation"":false,""strict"":{""elapsedFrames"":16,""elapsedMs"":708.5673,""frame"":125866,""observed"":true,""tick"":437743973117}},""phaseDurations"":{""blockedOrPreparationToFirstPhysicalMutationMs"":4.0818,""dispatchToBlockedOrPreparationMs"":355.2031,""firstNewGenerationToCleanupDrainedMs"":39.1574,""firstPhysicalMutationToFirstNewGenerationMs"":187.446,""presentationToStrictCompletionMs"":0},""elapsed"":{""cleanupElapsedFrames"":13,""cleanupElapsedMs"":585.8883,""presentationElapsedFrames"":16,""presentationElapsedMs"":708.5673,""strictElapsedFrames"":16,""strictElapsedMs"":708.5673}},{""passNumber"":1,""ordinal"":20,""source"":{""method"":""fsr"",""qualityMode"":6,""renderScaleMode"":true},""target"":{""fsrRuntime"":""fsr3"",""method"":""fsr"",""qualityMode"":0,""renderScaleMode"":false},""receipt"":""raw/lane-nvidia/pass-1/transitions/20/retained.json"",""timing"":{""beginTick"":437794576398,""cleanupDrainedTick"":437801551118,""clock"":""query_performance_counter"",""dispatchTick"":437794993548,""elapsedFrames"":15,""elapsedMs"":655.757,""elapsedOrigin"":""qualification_dispatch"",""presentationStableTick"":437799930887,""stableTick"":437801551118,""strictSatisfiedTick"":437801551118,""tickFrequency"":10000000,""timeoutMs"":20000},""milestoneTimings"":{""cleanup"":{""elapsedFrames"":15,""elapsedMs"":655.757,""frame"":126006,""observed"":true,""tick"":437801551118},""cleanupPrecededPresentation"":false,""cleanupTailFrames"":4,""cleanupTailMs"":162.0231,""presentation"":{""elapsedFrames"":11,""elapsedMs"":493.7339,""frame"":126002,""observed"":true,""tick"":437799930887},""presentationToCleanupFrames"":4,""presentationToCleanupMs"":162.0231,""sameObservation"":false,""strict"":{""elapsedFrames"":15,""elapsedMs"":655.757,""frame"":126006,""observed"":true,""tick"":437801551118}},""phaseDurations"":{""blockedOrPreparationToFirstPhysicalMutationMs"":4.628,""dispatchToBlockedOrPreparationMs"":324.3054,""firstNewGenerationToCleanupDrainedMs"":209.0784,""firstPhysicalMutationToFirstNewGenerationMs"":117.7452,""presentationToStrictCompletionMs"":162.0231},""elapsed"":{""cleanupElapsedFrames"":15,""cleanupElapsedMs"":655.757,""presentationElapsedFrames"":11,""presentationElapsedMs"":493.7339,""strictElapsedFrames"":15,""strictElapsedMs"":655.757}},{""passNumber"":1,""ordinal"":21,""source"":{""method"":""fsr"",""qualityMode"":0,""renderScaleMode"":false},""target"":{""method"":""taa"",""qualityMode"":0,""renderScaleMode"":false},""receipt"":""raw/lane-nvidia/pass-1/transitions/21/retained.json"",""timing"":{""beginTick"":437852082606,""cleanupDrainedTick"":437857270010,""clock"":""query_performance_counter"",""dispatchTick"":437852510309,""elapsedFrames"":11,""elapsedMs"":475.9701,""elapsedOrigin"":""qualification_dispatch"",""presentationStableTick"":437854455171,""stableTick"":437857270010,""strictSatisfiedTick"":437857270010,""tickFrequency"":10000000,""timeoutMs"":20000},""milestoneTimings"":{""cleanup"":{""elapsedFrames"":11,""elapsedMs"":475.9701,""frame"":126134,""observed"":true,""tick"":437857270010},""cleanupPrecededPresentation"":false,""cleanupTailFrames"":6,""cleanupTailMs"":281.4839,""presentation"":{""elapsedFrames"":5,""elapsedMs"":194.4862,""frame"":126128,""observed"":true,""tick"":437854455171},""presentationToCleanupFrames"":6,""presentationToCleanupMs"":281.4839,""sameObservation"":false,""strict"":{""elapsedFrames"":11,""elapsedMs"":475.9701,""frame"":126134,""observed"":true,""tick"":437857270010}},""phaseDurations"":{""blockedOrPreparationToFirstPhysicalMutationMs"":null,""dispatchToBlockedOrPreparationMs"":129.1194,""firstNewGenerationToCleanupDrainedMs"":null,""firstPhysicalMutationToFirstNewGenerationMs"":null,""presentationToStrictCompletionMs"":281.4839},""elapsed"":{""cleanupElapsedFrames"":11,""cleanupElapsedMs"":475.9701,""presentationElapsedFrames"":5,""presentationElapsedMs"":194.4862,""strictElapsedFrames"":11,""strictElapsedMs"":475.9701}},{""passNumber"":1,""ordinal"":22,""source"":{""method"":""taa"",""qualityMode"":0,""renderScaleMode"":false},""target"":{""method"":""none"",""qualityMode"":0,""renderScaleMode"":false},""receipt"":""raw/lane-nvidia/pass-1/transitions/22/retained.json"",""timing"":{""beginTick"":437907808575,""cleanupDrainedTick"":437909985144,""clock"":""query_performance_counter"",""dispatchTick"":437908236192,""elapsedFrames"":4,""elapsedMs"":174.8952,""elapsedOrigin"":""qualification_dispatch"",""presentationStableTick"":437909985144,""stableTick"":437909985144,""strictSatisfiedTick"":437909985144,""tickFrequency"":10000000,""timeoutMs"":20000},""milestoneTimings"":{""cleanup"":{""elapsedFrames"":4,""elapsedMs"":174.8952,""frame"":126254,""observed"":true,""tick"":437909985144},""cleanupPrecededPresentation"":false,""cleanupTailFrames"":0,""cleanupTailMs"":0,""presentation"":{""elapsedFrames"":4,""elapsedMs"":174.8952,""frame"":126254,""observed"":true,""tick"":437909985144},""presentationToCleanupFrames"":0,""presentationToCleanupMs"":0,""sameObservation"":true,""strict"":{""elapsedFrames"":4,""elapsedMs"":174.8952,""frame"":126254,""observed"":true,""tick"":437909985144}},""phaseDurations"":{""blockedOrPreparationToFirstPhysicalMutationMs"":null,""dispatchToBlockedOrPreparationMs"":174.8952,""firstNewGenerationToCleanupDrainedMs"":null,""firstPhysicalMutationToFirstNewGenerationMs"":null,""presentationToStrictCompletionMs"":0},""elapsed"":{""cleanupElapsedFrames"":4,""cleanupElapsedMs"":174.8952,""presentationElapsedFrames"":4,""presentationElapsedMs"":174.8952,""strictElapsedFrames"":4,""strictElapsedMs"":174.8952}},{""passNumber"":1,""ordinal"":23,""source"":{""method"":""none"",""qualityMode"":0,""renderScaleMode"":false},""target"":{""dlssProfile"":""K"",""method"":""dlss"",""qualityMode"":0,""renderScaleMode"":false},""receipt"":""raw/lane-nvidia/pass-1/transitions/23/retained.json"",""timing"":{""beginTick"":437960703221,""cleanupDrainedTick"":437963844609,""clock"":""query_performance_counter"",""dispatchTick"":437961135500,""elapsedFrames"":4,""elapsedMs"":270.9109,""elapsedOrigin"":""qualification_dispatch"",""presentationStableTick"":437963844609,""stableTick"":437963844609,""strictSatisfiedTick"":437963844609,""tickFrequency"":10000000,""timeoutMs"":20000},""milestoneTimings"":{""cleanup"":{""elapsedFrames"":4,""elapsedMs"":270.9109,""frame"":126378,""observed"":true,""tick"":437963844609},""cleanupPrecededPresentation"":false,""cleanupTailFrames"":0,""cleanupTailMs"":0,""presentation"":{""elapsedFrames"":4,""elapsedMs"":270.9109,""frame"":126378,""observed"":true,""tick"":437963844609},""presentationToCleanupFrames"":0,""presentationToCleanupMs"":0,""sameObservation"":true,""strict"":{""elapsedFrames"":4,""elapsedMs"":270.9109,""frame"":126378,""observed"":true,""tick"":437963844609}},""phaseDurations"":{""blockedOrPreparationToFirstPhysicalMutationMs"":null,""dispatchToBlockedOrPreparationMs"":270.9109,""firstNewGenerationToCleanupDrainedMs"":null,""firstPhysicalMutationToFirstNewGenerationMs"":null,""presentationToStrictCompletionMs"":0},""elapsed"":{""cleanupElapsedFrames"":4,""cleanupElapsedMs"":270.9109,""presentationElapsedFrames"":4,""presentationElapsedMs"":270.9109,""strictElapsedFrames"":4,""strictElapsedMs"":270.9109}},{""passNumber"":1,""ordinal"":24,""source"":{""method"":""dlss"",""qualityMode"":0,""renderScaleMode"":false},""target"":{""fsrRuntime"":""fsr3"",""method"":""fsr"",""qualityMode"":0,""renderScaleMode"":false},""receipt"":""raw/lane-nvidia/pass-1/transitions/24/retained.json"",""timing"":{""beginTick"":438014381774,""cleanupDrainedTick"":438025030795,""clock"":""query_performance_counter"",""dispatchTick"":438014781094,""elapsedFrames"":20,""elapsedMs"":1024.9701,""elapsedOrigin"":""qualification_dispatch"",""presentationStableTick"":438023446645,""stableTick"":438025030795,""strictSatisfiedTick"":438025030795,""tickFrequency"":10000000,""timeoutMs"":20000},""milestoneTimings"":{""cleanup"":{""elapsedFrames"":20,""elapsedMs"":1024.9701,""frame"":126522,""observed"":true,""tick"":438025030795},""cleanupPrecededPresentation"":false,""cleanupTailFrames"":4,""cleanupTailMs"":158.415,""presentation"":{""elapsedFrames"":16,""elapsedMs"":866.5551,""frame"":126518,""observed"":true,""tick"":438023446645},""presentationToCleanupFrames"":4,""presentationToCleanupMs"":158.415,""sameObservation"":false,""strict"":{""elapsedFrames"":20,""elapsedMs"":1024.9701,""frame"":126522,""observed"":true,""tick"":438025030795}},""phaseDurations"":{""blockedOrPreparationToFirstPhysicalMutationMs"":256.0541,""dispatchToBlockedOrPreparationMs"":436.8501,""firstNewGenerationToCleanupDrainedMs"":197.0475,""firstPhysicalMutationToFirstNewGenerationMs"":135.0184,""presentationToStrictCompletionMs"":158.415},""elapsed"":{""cleanupElapsedFrames"":20,""cleanupElapsedMs"":1024.9701,""presentationElapsedFrames"":16,""presentationElapsedMs"":866.5551,""strictElapsedFrames"":20,""strictElapsedMs"":1024.9701}},{""passNumber"":1,""ordinal"":25,""source"":{""method"":""fsr"",""qualityMode"":0,""renderScaleMode"":false},""target"":{""dlssProfile"":""K"",""method"":""dlss"",""qualityMode"":1,""renderScaleMode"":true},""receipt"":""raw/lane-nvidia/pass-1/transitions/25/retained.json"",""timing"":{""beginTick"":438075845886,""cleanupDrainedTick"":438084820502,""clock"":""query_performance_counter"",""dispatchTick"":438076251961,""elapsedFrames"":18,""elapsedMs"":934.1344,""elapsedOrigin"":""qualification_dispatch"",""presentationStableTick"":438083645440,""stableTick"":438085593305,""strictSatisfiedTick"":438085593305,""tickFrequency"":10000000,""timeoutMs"":20000},""milestoneTimings"":{""cleanup"":{""elapsedFrames"":17,""elapsedMs"":856.8541,""frame"":126668,""observed"":true,""tick"":438084820502},""cleanupPrecededPresentation"":false,""cleanupTailFrames"":3,""cleanupTailMs"":117.5062,""presentation"":{""elapsedFrames"":14,""elapsedMs"":739.3479,""frame"":126665,""observed"":true,""tick"":438083645440},""presentationToCleanupFrames"":3,""presentationToCleanupMs"":117.5062,""sameObservation"":false,""strict"":{""elapsedFrames"":18,""elapsedMs"":934.1344,""frame"":126669,""observed"":true,""tick"":438085593305}},""phaseDurations"":{""blockedOrPreparationToFirstPhysicalMutationMs"":30.9018,""dispatchToBlockedOrPreparationMs"":355.0593,""firstNewGenerationToCleanupDrainedMs"":156.1911,""firstPhysicalMutationToFirstNewGenerationMs"":314.7019,""presentationToStrictCompletionMs"":194.7865},""elapsed"":{""cleanupElapsedFrames"":17,""cleanupElapsedMs"":856.8541,""presentationElapsedFrames"":14,""presentationElapsedMs"":739.3479,""strictElapsedFrames"":18,""strictElapsedMs"":934.1344}},{""passNumber"":1,""ordinal"":26,""source"":{""method"":""dlss"",""qualityMode"":1,""renderScaleMode"":true},""target"":{""fsrRuntime"":""fsr3"",""method"":""fsr"",""qualityMode"":1,""renderScaleMode"":true},""receipt"":""raw/lane-nvidia/pass-1/transitions/26/retained.json"",""timing"":{""beginTick"":438136188471,""cleanupDrainedTick"":438149873633,""clock"":""query_performance_counter"",""dispatchTick"":438136608874,""elapsedFrames"":28,""elapsedMs"":1378.3023,""elapsedOrigin"":""qualification_dispatch"",""presentationStableTick"":438150391897,""stableTick"":438150391897,""strictSatisfiedTick"":438150391897,""tickFrequency"":10000000,""timeoutMs"":20000},""milestoneTimings"":{""cleanup"":{""elapsedFrames"":27,""elapsedMs"":1326.4759,""frame"":126825,""observed"":true,""tick"":438149873633},""cleanupPrecededPresentation"":true,""cleanupTailFrames"":0,""cleanupTailMs"":0,""presentation"":{""elapsedFrames"":28,""elapsedMs"":1378.3023,""frame"":126826,""observed"":true,""tick"":438150391897},""presentationToCleanupFrames"":-1,""presentationToCleanupMs"":-51.8264,""sameObservation"":false,""strict"":{""elapsedFrames"":28,""elapsedMs"":1378.3023,""frame"":126826,""observed"":true,""tick"":438150391897}},""phaseDurations"":{""blockedOrPreparationToFirstPhysicalMutationMs"":257.0673,""dispatchToBlockedOrPreparationMs"":387.3346,""firstNewGenerationToCleanupDrainedMs"":189.5145,""firstPhysicalMutationToFirstNewGenerationMs"":492.5595,""presentationToStrictCompletionMs"":0},""elapsed"":{""cleanupElapsedFrames"":27,""cleanupElapsedMs"":1326.4759,""presentationElapsedFrames"":28,""presentationElapsedMs"":1378.3023,""strictElapsedFrames"":28,""strictElapsedMs"":1378.3023}},{""passNumber"":1,""ordinal"":27,""source"":{""method"":""fsr"",""qualityMode"":1,""renderScaleMode"":true},""target"":{""method"":""none"",""qualityMode"":0,""renderScaleMode"":false},""receipt"":""raw/lane-nvidia/pass-1/transitions/27/retained.json"",""timing"":{""beginTick"":438201064445,""cleanupDrainedTick"":438208095387,""clock"":""query_performance_counter"",""dispatchTick"":438201444457,""elapsedFrames"":16,""elapsedMs"":665.093,""elapsedOrigin"":""qualification_dispatch"",""presentationStableTick"":438205905906,""stableTick"":438208095387,""strictSatisfiedTick"":438208095387,""tickFrequency"":10000000,""timeoutMs"":20000},""milestoneTimings"":{""cleanup"":{""elapsedFrames"":16,""elapsedMs"":665.093,""frame"":126968,""observed"":true,""tick"":438208095387},""cleanupPrecededPresentation"":false,""cleanupTailFrames"":6,""cleanupTailMs"":218.9481,""presentation"":{""elapsedFrames"":10,""elapsedMs"":446.1449,""frame"":126962,""observed"":true,""tick"":438205905906},""presentationToCleanupFrames"":6,""presentationToCleanupMs"":218.9481,""sameObservation"":false,""strict"":{""elapsedFrames"":16,""elapsedMs"":665.093,""frame"":126968,""observed"":true,""tick"":438208095387}},""phaseDurations"":{""blockedOrPreparationToFirstPhysicalMutationMs"":3.3501,""dispatchToBlockedOrPreparationMs"":313.9309,""firstNewGenerationToCleanupDrainedMs"":219.6107,""firstPhysicalMutationToFirstNewGenerationMs"":128.2013,""presentationToStrictCompletionMs"":218.9481},""elapsed"":{""cleanupElapsedFrames"":16,""cleanupElapsedMs"":665.093,""presentationElapsedFrames"":10,""presentationElapsedMs"":446.1449,""strictElapsedFrames"":16,""strictElapsedMs"":665.093}},{""passNumber"":1,""ordinal"":28,""source"":{""method"":""none"",""qualityMode"":0,""renderScaleMode"":false},""target"":{""fsrRuntime"":""fsr3"",""method"":""fsr"",""qualityMode"":6,""renderScaleMode"":true},""receipt"":""raw/lane-nvidia/pass-1/transitions/28/retained.json"",""timing"":{""beginTick"":438258638514,""cleanupDrainedTick"":438267032533,""clock"":""query_performance_counter"",""dispatchTick"":438259036345,""elapsedFrames"":16,""elapsedMs"":841.6846,""elapsedOrigin"":""qualification_dispatch"",""presentationStableTick"":438266628278,""stableTick"":438267453191,""strictSatisfiedTick"":438267453191,""tickFrequency"":10000000,""timeoutMs"":20000},""milestoneTimings"":{""cleanup"":{""elapsedFrames"":15,""elapsedMs"":799.6188,""frame"":127111,""observed"":true,""tick"":438267032533},""cleanupPrecededPresentation"":false,""cleanupTailFrames"":1,""cleanupTailMs"":40.4255,""presentation"":{""elapsedFrames"":14,""elapsedMs"":759.1933,""frame"":127110,""observed"":true,""tick"":438266628278},""presentationToCleanupFrames"":1,""presentationToCleanupMs"":40.4255,""sameObservation"":false,""strict"":{""elapsedFrames"":16,""elapsedMs"":841.6846,""frame"":127112,""observed"":true,""tick"":438267453191}},""phaseDurations"":{""blockedOrPreparationToFirstPhysicalMutationMs"":2.5958,""dispatchToBlockedOrPreparationMs"":373.1481,""firstNewGenerationToCleanupDrainedMs"":170.9405,""firstPhysicalMutationToFirstNewGenerationMs"":252.9344,""presentationToStrictCompletionMs"":82.4913},""elapsed"":{""cleanupElapsedFrames"":15,""cleanupElapsedMs"":799.6188,""presentationElapsedFrames"":14,""presentationElapsedMs"":759.1933,""strictElapsedFrames"":16,""strictElapsedMs"":841.6846}},{""passNumber"":1,""ordinal"":29,""source"":{""method"":""fsr"",""qualityMode"":6,""renderScaleMode"":true},""target"":{""dlssProfile"":""K"",""method"":""dlss"",""qualityMode"":6,""renderScaleMode"":true},""receipt"":""raw/lane-nvidia/pass-1/transitions/29/retained.json"",""timing"":{""beginTick"":438318188561,""cleanupDrainedTick"":438331694441,""clock"":""query_performance_counter"",""dispatchTick"":438318591890,""elapsedFrames"":28,""elapsedMs"":1387.0839,""elapsedOrigin"":""qualification_dispatch"",""presentationStableTick"":438330500442,""stableTick"":438332462729,""strictSatisfiedTick"":438332462729,""tickFrequency"":10000000,""timeoutMs"":20000},""milestoneTimings"":{""cleanup"":{""elapsedFrames"":27,""elapsedMs"":1310.2551,""frame"":127270,""observed"":true,""tick"":438331694441},""cleanupPrecededPresentation"":false,""cleanupTailFrames"":3,""cleanupTailMs"":119.3999,""presentation"":{""elapsedFrames"":24,""elapsedMs"":1190.8552,""frame"":127267,""observed"":true,""tick"":438330500442},""presentationToCleanupFrames"":3,""presentationToCleanupMs"":119.3999,""sameObservation"":false,""strict"":{""elapsedFrames"":28,""elapsedMs"":1387.0839,""frame"":127271,""observed"":true,""tick"":438332462729}},""phaseDurations"":{""blockedOrPreparationToFirstPhysicalMutationMs"":21.0974,""dispatchToBlockedOrPreparationMs"":631.0741,""firstNewGenerationToCleanupDrainedMs"":160.4408,""firstPhysicalMutationToFirstNewGenerationMs"":497.6428,""presentationToStrictCompletionMs"":196.2287},""elapsed"":{""cleanupElapsedFrames"":27,""cleanupElapsedMs"":1310.2551,""presentationElapsedFrames"":24,""presentationElapsedMs"":1190.8552,""strictElapsedFrames"":28,""strictElapsedMs"":1387.0839}},{""passNumber"":1,""ordinal"":30,""source"":{""method"":""dlss"",""qualityMode"":6,""renderScaleMode"":true},""target"":{""method"":""taa"",""qualityMode"":0,""renderScaleMode"":false},""receipt"":""raw/lane-nvidia/pass-1/transitions/30/retained.json"",""timing"":{""beginTick"":438383157303,""cleanupDrainedTick"":438389986638,""clock"":""query_performance_counter"",""dispatchTick"":438383544563,""elapsedFrames"":15,""elapsedMs"":644.2075,""elapsedOrigin"":""qualification_dispatch"",""presentationStableTick"":438387825470,""stableTick"":438389986638,""strictSatisfiedTick"":438389986638,""tickFrequency"":10000000,""timeoutMs"":20000},""milestoneTimings"":{""cleanup"":{""elapsedFrames"":15,""elapsedMs"":644.2075,""frame"":127414,""observed"":true,""tick"":438389986638},""cleanupPrecededPresentation"":false,""cleanupTailFrames"":5,""cleanupTailMs"":216.1168,""presentation"":{""elapsedFrames"":10,""elapsedMs"":428.0907,""frame"":127409,""observed"":true,""tick"":438387825470},""presentationToCleanupFrames"":5,""presentationToCleanupMs"":216.1168,""sameObservation"":false,""strict"":{""elapsedFrames"":15,""elapsedMs"":644.2075,""frame"":127414,""observed"":true,""tick"":438389986638}},""phaseDurations"":{""blockedOrPreparationToFirstPhysicalMutationMs"":2.9414,""dispatchToBlockedOrPreparationMs"":316.259,""firstNewGenerationToCleanupDrainedMs"":216.9443,""firstPhysicalMutationToFirstNewGenerationMs"":108.0628,""presentationToStrictCompletionMs"":216.1168},""elapsed"":{""cleanupElapsedFrames"":15,""cleanupElapsedMs"":644.2075,""presentationElapsedFrames"":10,""presentationElapsedMs"":428.0907,""strictElapsedFrames"":15,""strictElapsedMs"":644.2075}},{""passNumber"":1,""ordinal"":31,""source"":{""method"":""taa"",""qualityMode"":0,""renderScaleMode"":false},""target"":{""fsrRuntime"":""fsr3"",""method"":""fsr"",""qualityMode"":0,""renderScaleMode"":false},""receipt"":""raw/lane-nvidia/pass-1/transitions/31/retained.json"",""timing"":{""beginTick"":438440640115,""cleanupDrainedTick"":438446659501,""clock"":""query_performance_counter"",""dispatchTick"":438441032241,""elapsedFrames"":10,""elapsedMs"":562.726,""elapsedOrigin"":""qualification_dispatch"",""presentationStableTick"":438446659501,""stableTick"":438446659501,""strictSatisfiedTick"":438446659501,""tickFrequency"":10000000,""timeoutMs"":20000},""milestoneTimings"":{""cleanup"":{""elapsedFrames"":10,""elapsedMs"":562.726,""frame"":127552,""observed"":true,""tick"":438446659501},""cleanupPrecededPresentation"":false,""cleanupTailFrames"":0,""cleanupTailMs"":0,""presentation"":{""elapsedFrames"":10,""elapsedMs"":562.726,""frame"":127552,""observed"":true,""tick"":438446659501},""presentationToCleanupFrames"":0,""presentationToCleanupMs"":0,""sameObservation"":true,""strict"":{""elapsedFrames"":10,""elapsedMs"":562.726,""frame"":127552,""observed"":true,""tick"":438446659501}},""phaseDurations"":{""blockedOrPreparationToFirstPhysicalMutationMs"":43.7834,""dispatchToBlockedOrPreparationMs"":395.4822,""firstNewGenerationToCleanupDrainedMs"":40.431,""firstPhysicalMutationToFirstNewGenerationMs"":83.0294,""presentationToStrictCompletionMs"":0},""elapsed"":{""cleanupElapsedFrames"":10,""cleanupElapsedMs"":562.726,""presentationElapsedFrames"":10,""presentationElapsedMs"":562.726,""strictElapsedFrames"":10,""strictElapsedMs"":562.726}},{""passNumber"":1,""ordinal"":32,""source"":{""method"":""fsr"",""qualityMode"":0,""renderScaleMode"":false},""target"":{""method"":""none"",""qualityMode"":0,""renderScaleMode"":false},""receipt"":""raw/lane-nvidia/pass-1/transitions/32/retained.json"",""timing"":{""beginTick"":438497493826,""cleanupDrainedTick"":438502070174,""clock"":""query_performance_counter"",""dispatchTick"":438497890679,""elapsedFrames"":11,""elapsedMs"":417.9495,""elapsedOrigin"":""qualification_dispatch"",""presentationStableTick"":438499640123,""stableTick"":438502070174,""strictSatisfiedTick"":438502070174,""tickFrequency"":10000000,""timeoutMs"":20000},""milestoneTimings"":{""cleanup"":{""elapsedFrames"":11,""elapsedMs"":417.9495,""frame"":127691,""observed"":true,""tick"":438502070174},""cleanupPrecededPresentation"":false,""cleanupTailFrames"":6,""cleanupTailMs"":243.0051,""presentation"":{""elapsedFrames"":5,""elapsedMs"":174.9444,""frame"":127685,""observed"":true,""tick"":438499640123},""presentationToCleanupFrames"":6,""presentationToCleanupMs"":243.0051,""sameObservation"":false,""strict"":{""elapsedFrames"":11,""elapsedMs"":417.9495,""frame"":127691,""observed"":true,""tick"":438502070174}},""phaseDurations"":{""blockedOrPreparationToFirstPhysicalMutationMs"":null,""dispatchToBlockedOrPreparationMs"":117.7198,""firstNewGenerationToCleanupDrainedMs"":null,""firstPhysicalMutationToFirstNewGenerationMs"":null,""presentationToStrictCompletionMs"":243.0051},""elapsed"":{""cleanupElapsedFrames"":11,""cleanupElapsedMs"":417.9495,""presentationElapsedFrames"":5,""presentationElapsedMs"":174.9444,""strictElapsedFrames"":11,""strictElapsedMs"":417.9495}},{""passNumber"":1,""ordinal"":33,""source"":{""method"":""none"",""qualityMode"":0,""renderScaleMode"":false},""target"":{""dlssProfile"":""K"",""method"":""dlss"",""qualityMode"":0,""renderScaleMode"":false},""receipt"":""raw/lane-nvidia/pass-1/transitions/33/retained.json"",""timing"":{""beginTick"":438552678559,""cleanupDrainedTick"":438555452686,""clock"":""query_performance_counter"",""dispatchTick"":438553081896,""elapsedFrames"":3,""elapsedMs"":237.079,""elapsedOrigin"":""qualification_dispatch"",""presentationStableTick"":438555452686,""stableTick"":438555452686,""strictSatisfiedTick"":438555452686,""tickFrequency"":10000000,""timeoutMs"":20000},""milestoneTimings"":{""cleanup"":{""elapsedFrames"":3,""elapsedMs"":237.079,""frame"":127820,""observed"":true,""tick"":438555452686},""cleanupPrecededPresentation"":false,""cleanupTailFrames"":0,""cleanupTailMs"":0,""presentation"":{""elapsedFrames"":3,""elapsedMs"":237.079,""frame"":127820,""observed"":true,""tick"":438555452686},""presentationToCleanupFrames"":0,""presentationToCleanupMs"":0,""sameObservation"":true,""strict"":{""elapsedFrames"":3,""elapsedMs"":237.079,""frame"":127820,""observed"":true,""tick"":438555452686}},""phaseDurations"":{""blockedOrPreparationToFirstPhysicalMutationMs"":null,""dispatchToBlockedOrPreparationMs"":237.079,""firstNewGenerationToCleanupDrainedMs"":null,""firstPhysicalMutationToFirstNewGenerationMs"":null,""presentationToStrictCompletionMs"":0},""elapsed"":{""cleanupElapsedFrames"":3,""cleanupElapsedMs"":237.079,""presentationElapsedFrames"":3,""presentationElapsedMs"":237.079,""strictElapsedFrames"":3,""strictElapsedMs"":237.079}},{""passNumber"":2,""ordinal"":1,""source"":{""method"":""dlss"",""qualityMode"":1,""renderScaleMode"":true},""target"":{""method"":""none"",""qualityMode"":0,""renderScaleMode"":false},""receipt"":""raw/lane-nvidia/pass-2/transitions/01/retained.json"",""timing"":{""beginTick"":438734685892,""cleanupDrainedTick"":438742864017,""clock"":""query_performance_counter"",""dispatchTick"":438735515155,""elapsedFrames"":16,""elapsedMs"":734.8862,""elapsedOrigin"":""qualification_dispatch"",""presentationStableTick"":438740538433,""stableTick"":438742864017,""strictSatisfiedTick"":438742864017,""tickFrequency"":10000000,""timeoutMs"":20000},""milestoneTimings"":{""cleanup"":{""elapsedFrames"":16,""elapsedMs"":734.8862,""frame"":128264,""observed"":true,""tick"":438742864017},""cleanupPrecededPresentation"":false,""cleanupTailFrames"":5,""cleanupTailMs"":232.5584,""presentation"":{""elapsedFrames"":11,""elapsedMs"":502.3278,""frame"":128259,""observed"":true,""tick"":438740538433},""presentationToCleanupFrames"":5,""presentationToCleanupMs"":232.5584,""sameObservation"":false,""strict"":{""elapsedFrames"":16,""elapsedMs"":734.8862,""frame"":128264,""observed"":true,""tick"":438742864017}},""phaseDurations"":{""blockedOrPreparationToFirstPhysicalMutationMs"":3.1491,""dispatchToBlockedOrPreparationMs"":385.6548,""firstNewGenerationToCleanupDrainedMs"":233.271,""firstPhysicalMutationToFirstNewGenerationMs"":112.8113,""presentationToStrictCompletionMs"":232.5584},""elapsed"":{""cleanupElapsedFrames"":16,""cleanupElapsedMs"":734.8862,""presentationElapsedFrames"":11,""presentationElapsedMs"":502.3278,""strictElapsedFrames"":16,""strictElapsedMs"":734.8862}},{""passNumber"":2,""ordinal"":2,""source"":{""method"":""none"",""qualityMode"":0,""renderScaleMode"":false},""target"":{""method"":""taa"",""qualityMode"":0,""renderScaleMode"":false},""receipt"":""raw/lane-nvidia/pass-2/transitions/02/retained.json"",""timing"":{""beginTick"":438793372162,""cleanupDrainedTick"":438795599413,""clock"":""query_performance_counter"",""dispatchTick"":438793821595,""elapsedFrames"":3,""elapsedMs"":177.7818,""elapsedOrigin"":""qualification_dispatch"",""presentationStableTick"":438795599413,""stableTick"":438795599413,""strictSatisfiedTick"":438795599413,""tickFrequency"":10000000,""timeoutMs"":20000},""milestoneTimings"":{""cleanup"":{""elapsedFrames"":3,""elapsedMs"":177.7818,""frame"":128388,""observed"":true,""tick"":438795599413},""cleanupPrecededPresentation"":false,""cleanupTailFrames"":0,""cleanupTailMs"":0,""presentation"":{""elapsedFrames"":3,""elapsedMs"":177.7818,""frame"":128388,""observed"":true,""tick"":438795599413},""presentationToCleanupFrames"":0,""presentationToCleanupMs"":0,""sameObservation"":true,""strict"":{""elapsedFrames"":3,""elapsedMs"":177.7818,""frame"":128388,""observed"":true,""tick"":438795599413}},""phaseDurations"":{""blockedOrPreparationToFirstPhysicalMutationMs"":null,""dispatchToBlockedOrPreparationMs"":177.7818,""firstNewGenerationToCleanupDrainedMs"":null,""firstPhysicalMutationToFirstNewGenerationMs"":null,""presentationToStrictCompletionMs"":0},""elapsed"":{""cleanupElapsedFrames"":3,""cleanupElapsedMs"":177.7818,""presentationElapsedFrames"":3,""presentationElapsedMs"":177.7818,""strictElapsedFrames"":3,""strictElapsedMs"":177.7818}},{""passNumber"":2,""ordinal"":3,""source"":{""method"":""taa"",""qualityMode"":0,""renderScaleMode"":false},""target"":{""dlssProfile"":""K"",""method"":""dlss"",""qualityMode"":0,""renderScaleMode"":false},""receipt"":""raw/lane-nvidia/pass-2/transitions/03/retained.json"",""timing"":{""beginTick"":438846198922,""cleanupDrainedTick"":438849208174,""clock"":""query_performance_counter"",""dispatchTick"":438846602920,""elapsedFrames"":3,""elapsedMs"":260.5254,""elapsedOrigin"":""qualification_dispatch"",""presentationStableTick"":438849208174,""stableTick"":438849208174,""strictSatisfiedTick"":438849208174,""tickFrequency"":10000000,""timeoutMs"":20000},""milestoneTimings"":{""cleanup"":{""elapsedFrames"":3,""elapsedMs"":260.5254,""frame"":128514,""observed"":true,""tick"":438849208174},""cleanupPrecededPresentation"":false,""cleanupTailFrames"":0,""cleanupTailMs"":0,""presentation"":{""elapsedFrames"":3,""elapsedMs"":260.5254,""frame"":128514,""observed"":true,""tick"":438849208174},""presentationToCleanupFrames"":0,""presentationToCleanupMs"":0,""sameObservation"":true,""strict"":{""elapsedFrames"":3,""elapsedMs"":260.5254,""frame"":128514,""observed"":true,""tick"":438849208174}},""phaseDurations"":{""blockedOrPreparationToFirstPhysicalMutationMs"":null,""dispatchToBlockedOrPreparationMs"":260.5254,""firstNewGenerationToCleanupDrainedMs"":null,""firstPhysicalMutationToFirstNewGenerationMs"":null,""presentationToStrictCompletionMs"":0},""elapsed"":{""cleanupElapsedFrames"":3,""cleanupElapsedMs"":260.5254,""presentationElapsedFrames"":3,""presentationElapsedMs"":260.5254,""strictElapsedFrames"":3,""strictElapsedMs"":260.5254}},{""passNumber"":2,""ordinal"":4,""source"":{""method"":""dlss"",""qualityMode"":0,""renderScaleMode"":false},""target"":{""dlssProfile"":""K"",""method"":""dlss"",""qualityMode"":1,""renderScaleMode"":true},""receipt"":""raw/lane-nvidia/pass-2/transitions/04/retained.json"",""timing"":{""beginTick"":438899737296,""cleanupDrainedTick"":438908489999,""clock"":""query_performance_counter"",""dispatchTick"":438900194471,""elapsedFrames"":18,""elapsedMs"":906.6805,""elapsedOrigin"":""qualification_dispatch"",""presentationStableTick"":438907361094,""stableTick"":438909261276,""strictSatisfiedTick"":438909261276,""tickFrequency"":10000000,""timeoutMs"":20000},""milestoneTimings"":{""cleanup"":{""elapsedFrames"":17,""elapsedMs"":829.5528,""frame"":128659,""observed"":true,""tick"":438908489999},""cleanupPrecededPresentation"":false,""cleanupTailFrames"":2,""cleanupTailMs"":112.8905,""presentation"":{""elapsedFrames"":15,""elapsedMs"":716.6623,""frame"":128657,""observed"":true,""tick"":438907361094},""presentationToCleanupFrames"":2,""presentationToCleanupMs"":112.8905,""sameObservation"":false,""strict"":{""elapsedFrames"":18,""elapsedMs"":906.6805,""frame"":128660,""observed"":true,""tick"":438909261276}},""phaseDurations"":{""blockedOrPreparationToFirstPhysicalMutationMs"":2.8646,""dispatchToBlockedOrPreparationMs"":380.6282,""firstNewGenerationToCleanupDrainedMs"":151.6239,""firstPhysicalMutationToFirstNewGenerationMs"":294.4361,""presentationToStrictCompletionMs"":190.0182},""elapsed"":{""cleanupElapsedFrames"":17,""cleanupElapsedMs"":829.5528,""presentationElapsedFrames"":15,""presentationElapsedMs"":716.6623,""strictElapsedFrames"":18,""strictElapsedMs"":906.6805}},{""passNumber"":2,""ordinal"":5,""source"":{""method"":""dlss"",""qualityMode"":1,""renderScaleMode"":true},""target"":{""dlssProfile"":""K"",""method"":""dlss"",""qualityMode"":2,""renderScaleMode"":true},""receipt"":""raw/lane-nvidia/pass-2/transitions/05/retained.json"",""timing"":{""beginTick"":438959990045,""cleanupDrainedTick"":438968594295,""clock"":""query_performance_counter"",""dispatchTick"":438960398512,""elapsedFrames"":18,""elapsedMs"":904.2977,""elapsedOrigin"":""qualification_dispatch"",""presentationStableTick"":438967400559,""stableTick"":438969441489,""strictSatisfiedTick"":438969441489,""tickFrequency"":10000000,""timeoutMs"":20000},""milestoneTimings"":{""cleanup"":{""elapsedFrames"":17,""elapsedMs"":819.5783,""frame"":128804,""observed"":true,""tick"":438968594295},""cleanupPrecededPresentation"":false,""cleanupTailFrames"":3,""cleanupTailMs"":119.3736,""presentation"":{""elapsedFrames"":14,""elapsedMs"":700.2047,""frame"":128801,""observed"":true,""tick"":438967400559},""presentationToCleanupFrames"":3,""presentationToCleanupMs"":119.3736,""sameObservation"":false,""strict"":{""elapsedFrames"":18,""elapsedMs"":904.2977,""frame"":128805,""observed"":true,""tick"":438969441489}},""phaseDurations"":{""blockedOrPreparationToFirstPhysicalMutationMs"":3.3144,""dispatchToBlockedOrPreparationMs"":356.8476,""firstNewGenerationToCleanupDrainedMs"":157.9589,""firstPhysicalMutationToFirstNewGenerationMs"":301.4574,""presentationToStrictCompletionMs"":204.093},""elapsed"":{""cleanupElapsedFrames"":17,""cleanupElapsedMs"":819.5783,""presentationElapsedFrames"":14,""presentationElapsedMs"":700.2047,""strictElapsedFrames"":18,""strictElapsedMs"":904.2977}},{""passNumber"":2,""ordinal"":6,""source"":{""method"":""dlss"",""qualityMode"":2,""renderScaleMode"":true},""target"":{""dlssProfile"":""K"",""method"":""dlss"",""qualityMode"":3,""renderScaleMode"":true},""receipt"":""raw/lane-nvidia/pass-2/transitions/06/retained.json"",""timing"":{""beginTick"":439020160629,""cleanupDrainedTick"":439030072008,""clock"":""query_performance_counter"",""dispatchTick"":439020541532,""elapsedFrames"":21,""elapsedMs"":1039.9351,""elapsedOrigin"":""qualification_dispatch"",""presentationStableTick"":439028674165,""stableTick"":439030940883,""strictSatisfiedTick"":439030940883,""tickFrequency"":10000000,""timeoutMs"":20000},""milestoneTimings"":{""cleanup"":{""elapsedFrames"":20,""elapsedMs"":953.0476,""frame"":128951,""observed"":true,""tick"":439030072008},""cleanupPrecededPresentation"":false,""cleanupTailFrames"":3,""cleanupTailMs"":139.7843,""presentation"":{""elapsedFrames"":17,""elapsedMs"":813.2633,""frame"":128948,""observed"":true,""tick"":439028674165},""presentationToCleanupFrames"":3,""presentationToCleanupMs"":139.7843,""sameObservation"":false,""strict"":{""elapsedFrames"":21,""elapsedMs"":1039.9351,""frame"":128952,""observed"":true,""tick"":439030940883}},""phaseDurations"":{""blockedOrPreparationToFirstPhysicalMutationMs"":2.8019,""dispatchToBlockedOrPreparationMs"":323.5516,""firstNewGenerationToCleanupDrainedMs"":179.079,""firstPhysicalMutationToFirstNewGenerationMs"":447.6151,""presentationToStrictCompletionMs"":226.6718},""elapsed"":{""cleanupElapsedFrames"":20,""cleanupElapsedMs"":953.0476,""presentationElapsedFrames"":17,""presentationElapsedMs"":813.2633,""strictElapsedFrames"":21,""strictElapsedMs"":1039.9351}},{""passNumber"":2,""ordinal"":7,""source"":{""method"":""dlss"",""qualityMode"":3,""renderScaleMode"":true},""target"":{""dlssProfile"":""K"",""method"":""dlss"",""qualityMode"":4,""renderScaleMode"":true},""receipt"":""raw/lane-nvidia/pass-2/transitions/07/retained.json"",""timing"":{""beginTick"":439082023788,""cleanupDrainedTick"":439092266389,""clock"":""query_performance_counter"",""dispatchTick"":439082461974,""elapsedFrames"":21,""elapsedMs"":1064.0426,""elapsedOrigin"":""qualification_dispatch"",""presentationStableTick"":439091053837,""stableTick"":439093102400,""strictSatisfiedTick"":439093102400,""tickFrequency"":10000000,""timeoutMs"":20000},""milestoneTimings"":{""cleanup"":{""elapsedFrames"":20,""elapsedMs"":980.4415,""frame"":129092,""observed"":true,""tick"":439092266389},""cleanupPrecededPresentation"":false,""cleanupTailFrames"":2,""cleanupTailMs"":121.2552,""presentation"":{""elapsedFrames"":18,""elapsedMs"":859.1863,""frame"":129090,""observed"":true,""tick"":439091053837},""presentationToCleanupFrames"":2,""presentationToCleanupMs"":121.2552,""sameObservation"":false,""strict"":{""elapsedFrames"":21,""elapsedMs"":1064.0426,""frame"":129093,""observed"":true,""tick"":439093102400}},""phaseDurations"":{""blockedOrPreparationToFirstPhysicalMutationMs"":3.6249,""dispatchToBlockedOrPreparationMs"":346.5762,""firstNewGenerationToCleanupDrainedMs"":161.8545,""firstPhysicalMutationToFirstNewGenerationMs"":468.3859,""presentationToStrictCompletionMs"":204.8563},""elapsed"":{""cleanupElapsedFrames"":20,""cleanupElapsedMs"":980.4415,""presentationElapsedFrames"":18,""presentationElapsedMs"":859.1863,""strictElapsedFrames"":21,""strictElapsedMs"":1064.0426}},{""passNumber"":2,""ordinal"":8,""source"":{""method"":""dlss"",""qualityMode"":4,""renderScaleMode"":true},""target"":{""dlssProfile"":""K"",""method"":""dlss"",""qualityMode"":5,""renderScaleMode"":true},""receipt"":""raw/lane-nvidia/pass-2/transitions/08/retained.json"",""timing"":{""beginTick"":439144003751,""cleanupDrainedTick"":439155643052,""clock"":""query_performance_counter"",""dispatchTick"":439144437120,""elapsedFrames"":23,""elapsedMs"":1205.5856,""elapsedOrigin"":""qualification_dispatch"",""presentationStableTick"":439154293852,""stableTick"":439156492976,""strictSatisfiedTick"":439156492976,""tickFrequency"":10000000,""timeoutMs"":20000},""milestoneTimings"":{""cleanup"":{""elapsedFrames"":22,""elapsedMs"":1120.5932,""frame"":129237,""observed"":true,""tick"":439155643052},""cleanupPrecededPresentation"":false,""cleanupTailFrames"":3,""cleanupTailMs"":134.92,""presentation"":{""elapsedFrames"":19,""elapsedMs"":985.6732,""frame"":129234,""observed"":true,""tick"":439154293852},""presentationToCleanupFrames"":3,""presentationToCleanupMs"":134.92,""sameObservation"":false,""strict"":{""elapsedFrames"":23,""elapsedMs"":1205.5856,""frame"":129238,""observed"":true,""tick"":439156492976}},""phaseDurations"":{""blockedOrPreparationToFirstPhysicalMutationMs"":3.6332,""dispatchToBlockedOrPreparationMs"":408.503,""firstNewGenerationToCleanupDrainedMs"":178.6233,""firstPhysicalMutationToFirstNewGenerationMs"":529.8337,""presentationToStrictCompletionMs"":219.9124},""elapsed"":{""cleanupElapsedFrames"":22,""cleanupElapsedMs"":1120.5932,""presentationElapsedFrames"":19,""presentationElapsedMs"":985.6732,""strictElapsedFrames"":23,""strictElapsedMs"":1205.5856}},{""passNumber"":2,""ordinal"":9,""source"":{""method"":""dlss"",""qualityMode"":5,""renderScaleMode"":true},""target"":{""dlssProfile"":""K"",""method"":""dlss"",""qualityMode"":6,""renderScaleMode"":true},""receipt"":""raw/lane-nvidia/pass-2/transitions/09/retained.json"",""timing"":{""beginTick"":439207503487,""cleanupDrainedTick"":439218203194,""clock"":""query_performance_counter"",""dispatchTick"":439207916725,""elapsedFrames"":22,""elapsedMs"":1112.8246,""elapsedOrigin"":""qualification_dispatch"",""presentationStableTick"":439217031086,""stableTick"":439219044971,""strictSatisfiedTick"":439219044971,""tickFrequency"":10000000,""timeoutMs"":20000},""milestoneTimings"":{""cleanup"":{""elapsedFrames"":21,""elapsedMs"":1028.6469,""frame"":129385,""observed"":true,""tick"":439218203194},""cleanupPrecededPresentation"":false,""cleanupTailFrames"":3,""cleanupTailMs"":117.2108,""presentation"":{""elapsedFrames"":18,""elapsedMs"":911.4361,""frame"":129382,""observed"":true,""tick"":439217031086},""presentationToCleanupFrames"":3,""presentationToCleanupMs"":117.2108,""sameObservation"":false,""strict"":{""elapsedFrames"":22,""elapsedMs"":1112.8246,""frame"":129386,""observed"":true,""tick"":439219044971}},""phaseDurations"":{""blockedOrPreparationToFirstPhysicalMutationMs"":3.061,""dispatchToBlockedOrPreparationMs"":366.7606,""firstNewGenerationToCleanupDrainedMs"":155.644,""firstPhysicalMutationToFirstNewGenerationMs"":503.1813,""presentationToStrictCompletionMs"":201.3885},""elapsed"":{""cleanupElapsedFrames"":21,""cleanupElapsedMs"":1028.6469,""presentationElapsedFrames"":18,""presentationElapsedMs"":911.4361,""strictElapsedFrames"":22,""strictElapsedMs"":1112.8246}},{""passNumber"":2,""ordinal"":10,""source"":{""method"":""dlss"",""qualityMode"":6,""renderScaleMode"":true},""target"":{""dlssProfile"":""K"",""method"":""dlss"",""qualityMode"":0,""renderScaleMode"":false},""receipt"":""raw/lane-nvidia/pass-2/transitions/10/retained.json"",""timing"":{""beginTick"":439270044877,""cleanupDrainedTick"":439277744009,""clock"":""query_performance_counter"",""dispatchTick"":439270444046,""elapsedFrames"":15,""elapsedMs"":729.9963,""elapsedOrigin"":""qualification_dispatch"",""presentationStableTick"":439276213032,""stableTick"":439277744009,""strictSatisfiedTick"":439277744009,""tickFrequency"":10000000,""timeoutMs"":20000},""milestoneTimings"":{""cleanup"":{""elapsedFrames"":15,""elapsedMs"":729.9963,""frame"":129531,""observed"":true,""tick"":439277744009},""cleanupPrecededPresentation"":false,""cleanupTailFrames"":4,""cleanupTailMs"":153.0977,""presentation"":{""elapsedFrames"":11,""elapsedMs"":576.8986,""frame"":129527,""observed"":true,""tick"":439276213032},""presentationToCleanupFrames"":4,""presentationToCleanupMs"":153.0977,""sameObservation"":false,""strict"":{""elapsedFrames"":15,""elapsedMs"":729.9963,""frame"":129531,""observed"":true,""tick"":439277744009}},""phaseDurations"":{""blockedOrPreparationToFirstPhysicalMutationMs"":2.7523,""dispatchToBlockedOrPreparationMs"":344.4053,""firstNewGenerationToCleanupDrainedMs"":198.0434,""firstPhysicalMutationToFirstNewGenerationMs"":184.7953,""presentationToStrictCompletionMs"":153.0977},""elapsed"":{""cleanupElapsedFrames"":15,""cleanupElapsedMs"":729.9963,""presentationElapsedFrames"":11,""presentationElapsedMs"":576.8986,""strictElapsedFrames"":15,""strictElapsedMs"":729.9963}},{""passNumber"":2,""ordinal"":11,""source"":{""method"":""dlss"",""qualityMode"":0,""renderScaleMode"":false},""target"":{""method"":""taa"",""qualityMode"":0,""renderScaleMode"":false},""receipt"":""raw/lane-nvidia/pass-2/transitions/11/retained.json"",""timing"":{""beginTick"":439328691027,""cleanupDrainedTick"":439333501698,""clock"":""query_performance_counter"",""dispatchTick"":439329184859,""elapsedFrames"":11,""elapsedMs"":431.6839,""elapsedOrigin"":""qualification_dispatch"",""presentationStableTick"":439330988156,""stableTick"":439333501698,""strictSatisfiedTick"":439333501698,""tickFrequency"":10000000,""timeoutMs"":20000},""milestoneTimings"":{""cleanup"":{""elapsedFrames"":11,""elapsedMs"":431.6839,""frame"":129670,""observed"":true,""tick"":439333501698},""cleanupPrecededPresentation"":false,""cleanupTailFrames"":6,""cleanupTailMs"":251.3542,""presentation"":{""elapsedFrames"":5,""elapsedMs"":180.3297,""frame"":129664,""observed"":true,""tick"":439330988156},""presentationToCleanupFrames"":6,""presentationToCleanupMs"":251.3542,""sameObservation"":false,""strict"":{""elapsedFrames"":11,""elapsedMs"":431.6839,""frame"":129670,""observed"":true,""tick"":439333501698}},""phaseDurations"":{""blockedOrPreparationToFirstPhysicalMutationMs"":3.1532,""dispatchToBlockedOrPreparationMs"":135.7273,""firstNewGenerationToCleanupDrainedMs"":252.1991,""firstPhysicalMutationToFirstNewGenerationMs"":40.6043,""presentationToStrictCompletionMs"":251.3542},""elapsed"":{""cleanupElapsedFrames"":11,""cleanupElapsedMs"":431.6839,""presentationElapsedFrames"":5,""presentationElapsedMs"":180.3297,""strictElapsedFrames"":11,""strictElapsedMs"":431.6839}},{""passNumber"":2,""ordinal"":12,""source"":{""method"":""taa"",""qualityMode"":0,""renderScaleMode"":false},""target"":{""method"":""none"",""qualityMode"":0,""renderScaleMode"":false},""receipt"":""raw/lane-nvidia/pass-2/transitions/12/retained.json"",""timing"":{""beginTick"":439383962516,""cleanupDrainedTick"":439385903807,""clock"":""query_performance_counter"",""dispatchTick"":439384358748,""elapsedFrames"":3,""elapsedMs"":154.5059,""elapsedOrigin"":""qualification_dispatch"",""presentationStableTick"":439385903807,""stableTick"":439385903807,""strictSatisfiedTick"":439385903807,""tickFrequency"":10000000,""timeoutMs"":20000},""milestoneTimings"":{""cleanup"":{""elapsedFrames"":3,""elapsedMs"":154.5059,""frame"":129800,""observed"":true,""tick"":439385903807},""cleanupPrecededPresentation"":false,""cleanupTailFrames"":0,""cleanupTailMs"":0,""presentation"":{""elapsedFrames"":3,""elapsedMs"":154.5059,""frame"":129800,""observed"":true,""tick"":439385903807},""presentationToCleanupFrames"":0,""presentationToCleanupMs"":0,""sameObservation"":true,""strict"":{""elapsedFrames"":3,""elapsedMs"":154.5059,""frame"":129800,""observed"":true,""tick"":439385903807}},""phaseDurations"":{""blockedOrPreparationToFirstPhysicalMutationMs"":null,""dispatchToBlockedOrPreparationMs"":154.5059,""firstNewGenerationToCleanupDrainedMs"":null,""firstPhysicalMutationToFirstNewGenerationMs"":null,""presentationToStrictCompletionMs"":0},""elapsed"":{""cleanupElapsedFrames"":3,""cleanupElapsedMs"":154.5059,""presentationElapsedFrames"":3,""presentationElapsedMs"":154.5059,""strictElapsedFrames"":3,""strictElapsedMs"":154.5059}},{""passNumber"":2,""ordinal"":13,""source"":{""method"":""none"",""qualityMode"":0,""renderScaleMode"":false},""target"":{""fsrRuntime"":""fsr3"",""method"":""fsr"",""qualityMode"":0,""renderScaleMode"":false},""receipt"":""raw/lane-nvidia/pass-2/transitions/13/retained.json"",""timing"":{""beginTick"":439436353001,""cleanupDrainedTick"":439442443839,""clock"":""query_performance_counter"",""dispatchTick"":439436765896,""elapsedFrames"":10,""elapsedMs"":567.7943,""elapsedOrigin"":""qualification_dispatch"",""presentationStableTick"":439442443839,""stableTick"":439442443839,""strictSatisfiedTick"":439442443839,""tickFrequency"":10000000,""timeoutMs"":20000},""milestoneTimings"":{""cleanup"":{""elapsedFrames"":10,""elapsedMs"":567.7943,""frame"":129943,""observed"":true,""tick"":439442443839},""cleanupPrecededPresentation"":false,""cleanupTailFrames"":0,""cleanupTailMs"":0,""presentation"":{""elapsedFrames"":10,""elapsedMs"":567.7943,""frame"":129943,""observed"":true,""tick"":439442443839},""presentationToCleanupFrames"":0,""presentationToCleanupMs"":0,""sameObservation"":true,""strict"":{""elapsedFrames"":10,""elapsedMs"":567.7943,""frame"":129943,""observed"":true,""tick"":439442443839}},""phaseDurations"":{""blockedOrPreparationToFirstPhysicalMutationMs"":51.0735,""dispatchToBlockedOrPreparationMs"":380.9779,""firstNewGenerationToCleanupDrainedMs"":43.6037,""firstPhysicalMutationToFirstNewGenerationMs"":92.1392,""presentationToStrictCompletionMs"":0},""elapsed"":{""cleanupElapsedFrames"":10,""cleanupElapsedMs"":567.7943,""presentationElapsedFrames"":10,""presentationElapsedMs"":567.7943,""strictElapsedFrames"":10,""strictElapsedMs"":567.7943}},{""passNumber"":2,""ordinal"":14,""source"":{""method"":""fsr"",""qualityMode"":0,""renderScaleMode"":false},""target"":{""fsrRuntime"":""fsr3"",""method"":""fsr"",""qualityMode"":1,""renderScaleMode"":true},""receipt"":""raw/lane-nvidia/pass-2/transitions/14/retained.json"",""timing"":{""beginTick"":439493111508,""cleanupDrainedTick"":439505151742,""clock"":""query_performance_counter"",""dispatchTick"":439493490298,""elapsedFrames"":28,""elapsedMs"":1214.1112,""elapsedOrigin"":""qualification_dispatch"",""presentationStableTick"":439504319674,""stableTick"":439505631410,""strictSatisfiedTick"":439505631410,""tickFrequency"":10000000,""timeoutMs"":20000},""milestoneTimings"":{""cleanup"":{""elapsedFrames"":27,""elapsedMs"":1166.1444,""frame"":130101,""observed"":true,""tick"":439505151742},""cleanupPrecededPresentation"":false,""cleanupTailFrames"":2,""cleanupTailMs"":83.2068,""presentation"":{""elapsedFrames"":25,""elapsedMs"":1082.9376,""frame"":130099,""observed"":true,""tick"":439504319674},""presentationToCleanupFrames"":2,""presentationToCleanupMs"":83.2068,""sameObservation"":false,""strict"":{""elapsedFrames"":28,""elapsedMs"":1214.1112,""frame"":130102,""observed"":true,""tick"":439505631410}},""phaseDurations"":{""blockedOrPreparationToFirstPhysicalMutationMs"":253.1325,""dispatchToBlockedOrPreparationMs"":360.6436,""firstNewGenerationToCleanupDrainedMs"":164.0358,""firstPhysicalMutationToFirstNewGenerationMs"":388.3325,""presentationToStrictCompletionMs"":131.1736},""elapsed"":{""cleanupElapsedFrames"":27,""cleanupElapsedMs"":1166.1444,""presentationElapsedFrames"":25,""presentationElapsedMs"":1082.9376,""strictElapsedFrames"":28,""strictElapsedMs"":1214.1112}},{""passNumber"":2,""ordinal"":15,""source"":{""method"":""fsr"",""qualityMode"":1,""renderScaleMode"":true},""target"":{""fsrRuntime"":""fsr3"",""method"":""fsr"",""qualityMode"":2,""renderScaleMode"":true},""receipt"":""raw/lane-nvidia/pass-2/transitions/15/retained.json"",""timing"":{""beginTick"":439556085176,""cleanupDrainedTick"":439562167267,""clock"":""query_performance_counter"",""dispatchTick"":439556496718,""elapsedFrames"":17,""elapsedMs"":722.0153,""elapsedOrigin"":""qualification_dispatch"",""presentationStableTick"":439563716871,""stableTick"":439563716871,""strictSatisfiedTick"":439563716871,""tickFrequency"":10000000,""timeoutMs"":20000},""milestoneTimings"":{""cleanup"":{""elapsedFrames"":13,""elapsedMs"":567.0549,""frame"":130241,""observed"":true,""tick"":439562167267},""cleanupPrecededPresentation"":true,""cleanupTailFrames"":0,""cleanupTailMs"":0,""presentation"":{""elapsedFrames"":17,""elapsedMs"":722.0153,""frame"":130245,""observed"":true,""tick"":439563716871},""presentationToCleanupFrames"":-4,""presentationToCleanupMs"":-154.9604,""sameObservation"":false,""strict"":{""elapsedFrames"":17,""elapsedMs"":722.0153,""frame"":130245,""observed"":true,""tick"":439563716871}},""phaseDurations"":{""blockedOrPreparationToFirstPhysicalMutationMs"":4.478,""dispatchToBlockedOrPreparationMs"":330.129,""firstNewGenerationToCleanupDrainedMs"":44.9991,""firstPhysicalMutationToFirstNewGenerationMs"":187.4488,""presentationToStrictCompletionMs"":0},""elapsed"":{""cleanupElapsedFrames"":13,""cleanupElapsedMs"":567.0549,""presentationElapsedFrames"":17,""presentationElapsedMs"":722.0153,""strictElapsedFrames"":17,""strictElapsedMs"":722.0153}},{""passNumber"":2,""ordinal"":16,""source"":{""method"":""fsr"",""qualityMode"":2,""renderScaleMode"":true},""target"":{""fsrRuntime"":""fsr3"",""method"":""fsr"",""qualityMode"":3,""renderScaleMode"":true},""receipt"":""raw/lane-nvidia/pass-2/transitions/16/retained.json"",""timing"":{""beginTick"":439614496823,""cleanupDrainedTick"":439620430991,""clock"":""query_performance_counter"",""dispatchTick"":439615007707,""elapsedFrames"":15,""elapsedMs"":623.9094,""elapsedOrigin"":""qualification_dispatch"",""presentationStableTick"":439621246801,""stableTick"":439621246801,""strictSatisfiedTick"":439621246801,""tickFrequency"":10000000,""timeoutMs"":20000},""milestoneTimings"":{""cleanup"":{""elapsedFrames"":13,""elapsedMs"":542.3284,""frame"":130387,""observed"":true,""tick"":439620430991},""cleanupPrecededPresentation"":true,""cleanupTailFrames"":0,""cleanupTailMs"":0,""presentation"":{""elapsedFrames"":15,""elapsedMs"":623.9094,""frame"":130389,""observed"":true,""tick"":439621246801},""presentationToCleanupFrames"":-2,""presentationToCleanupMs"":-81.581,""sameObservation"":false,""strict"":{""elapsedFrames"":15,""elapsedMs"":623.9094,""frame"":130389,""observed"":true,""tick"":439621246801}},""phaseDurations"":{""blockedOrPreparationToFirstPhysicalMutationMs"":4.0964,""dispatchToBlockedOrPreparationMs"":322.2486,""firstNewGenerationToCleanupDrainedMs"":36.6532,""firstPhysicalMutationToFirstNewGenerationMs"":179.3302,""presentationToStrictCompletionMs"":0},""elapsed"":{""cleanupElapsedFrames"":13,""cleanupElapsedMs"":542.3284,""presentationElapsedFrames"":15,""presentationElapsedMs"":623.9094,""strictElapsedFrames"":15,""strictElapsedMs"":623.9094}},{""passNumber"":2,""ordinal"":17,""source"":{""method"":""fsr"",""qualityMode"":3,""renderScaleMode"":true},""target"":{""fsrRuntime"":""fsr3"",""method"":""fsr"",""qualityMode"":4,""renderScaleMode"":true},""receipt"":""raw/lane-nvidia/pass-2/transitions/17/retained.json"",""timing"":{""beginTick"":439671853685,""cleanupDrainedTick"":439677878246,""clock"":""query_performance_counter"",""dispatchTick"":439672300642,""elapsedFrames"":16,""elapsedMs"":699.3929,""elapsedOrigin"":""qualification_dispatch"",""presentationStableTick"":439679294571,""stableTick"":439679294571,""strictSatisfiedTick"":439679294571,""tickFrequency"":10000000,""timeoutMs"":20000},""milestoneTimings"":{""cleanup"":{""elapsedFrames"":13,""elapsedMs"":557.7604,""frame"":130532,""observed"":true,""tick"":439677878246},""cleanupPrecededPresentation"":true,""cleanupTailFrames"":0,""cleanupTailMs"":0,""presentation"":{""elapsedFrames"":16,""elapsedMs"":699.3929,""frame"":130535,""observed"":true,""tick"":439679294571},""presentationToCleanupFrames"":-3,""presentationToCleanupMs"":-141.6325,""sameObservation"":false,""strict"":{""elapsedFrames"":16,""elapsedMs"":699.3929,""frame"":130535,""observed"":true,""tick"":439679294571}},""phaseDurations"":{""blockedOrPreparationToFirstPhysicalMutationMs"":3.4787,""dispatchToBlockedOrPreparationMs"":331.5922,""firstNewGenerationToCleanupDrainedMs"":39.6883,""firstPhysicalMutationToFirstNewGenerationMs"":183.0012,""presentationToStrictCompletionMs"":0},""elapsed"":{""cleanupElapsedFrames"":13,""cleanupElapsedMs"":557.7604,""presentationElapsedFrames"":16,""presentationElapsedMs"":699.3929,""strictElapsedFrames"":16,""strictElapsedMs"":699.3929}},{""passNumber"":2,""ordinal"":18,""source"":{""method"":""fsr"",""qualityMode"":4,""renderScaleMode"":true},""target"":{""fsrRuntime"":""fsr3"",""method"":""fsr"",""qualityMode"":5,""renderScaleMode"":true},""receipt"":""raw/lane-nvidia/pass-2/transitions/18/retained.json"",""timing"":{""beginTick"":439729825348,""cleanupDrainedTick"":439735729841,""clock"":""query_performance_counter"",""dispatchTick"":439730207598,""elapsedFrames"":16,""elapsedMs"":670.1291,""elapsedOrigin"":""qualification_dispatch"",""presentationStableTick"":439736908889,""stableTick"":439736908889,""strictSatisfiedTick"":439736908889,""tickFrequency"":10000000,""timeoutMs"":20000},""milestoneTimings"":{""cleanup"":{""elapsedFrames"":13,""elapsedMs"":552.2243,""frame"":130675,""observed"":true,""tick"":439735729841},""cleanupPrecededPresentation"":true,""cleanupTailFrames"":0,""cleanupTailMs"":0,""presentation"":{""elapsedFrames"":16,""elapsedMs"":670.1291,""frame"":130678,""observed"":true,""tick"":439736908889},""presentationToCleanupFrames"":-3,""presentationToCleanupMs"":-117.9048,""sameObservation"":false,""strict"":{""elapsedFrames"":16,""elapsedMs"":670.1291,""frame"":130678,""observed"":true,""tick"":439736908889}},""phaseDurations"":{""blockedOrPreparationToFirstPhysicalMutationMs"":3.2756,""dispatchToBlockedOrPreparationMs"":331.165,""firstNewGenerationToCleanupDrainedMs"":37.7262,""firstPhysicalMutationToFirstNewGenerationMs"":180.0575,""presentationToStrictCompletionMs"":0},""elapsed"":{""cleanupElapsedFrames"":13,""cleanupElapsedMs"":552.2243,""presentationElapsedFrames"":16,""presentationElapsedMs"":670.1291,""strictElapsedFrames"":16,""strictElapsedMs"":670.1291}},{""passNumber"":2,""ordinal"":19,""source"":{""method"":""fsr"",""qualityMode"":5,""renderScaleMode"":true},""target"":{""fsrRuntime"":""fsr3"",""method"":""fsr"",""qualityMode"":6,""renderScaleMode"":true},""receipt"":""raw/lane-nvidia/pass-2/transitions/19/retained.json"",""timing"":{""beginTick"":439787669540,""cleanupDrainedTick"":439793894114,""clock"":""query_performance_counter"",""dispatchTick"":439788102517,""elapsedFrames"":16,""elapsedMs"":698.4773,""elapsedOrigin"":""qualification_dispatch"",""presentationStableTick"":439795087290,""stableTick"":439795087290,""strictSatisfiedTick"":439795087290,""tickFrequency"":10000000,""timeoutMs"":20000},""milestoneTimings"":{""cleanup"":{""elapsedFrames"":13,""elapsedMs"":579.1597,""frame"":130821,""observed"":true,""tick"":439793894114},""cleanupPrecededPresentation"":true,""cleanupTailFrames"":0,""cleanupTailMs"":0,""presentation"":{""elapsedFrames"":16,""elapsedMs"":698.4773,""frame"":130824,""observed"":true,""tick"":439795087290},""presentationToCleanupFrames"":-3,""presentationToCleanupMs"":-119.3176,""sameObservation"":false,""strict"":{""elapsedFrames"":16,""elapsedMs"":698.4773,""frame"":130824,""observed"":true,""tick"":439795087290}},""phaseDurations"":{""blockedOrPreparationToFirstPhysicalMutationMs"":3.791,""dispatchToBlockedOrPreparationMs"":355.396,""firstNewGenerationToCleanupDrainedMs"":37.6891,""firstPhysicalMutationToFirstNewGenerationMs"":182.2836,""presentationToStrictCompletionMs"":0},""elapsed"":{""cleanupElapsedFrames"":13,""cleanupElapsedMs"":579.1597,""presentationElapsedFrames"":16,""presentationElapsedMs"":698.4773,""strictElapsedFrames"":16,""strictElapsedMs"":698.4773}},{""passNumber"":2,""ordinal"":20,""source"":{""method"":""fsr"",""qualityMode"":6,""renderScaleMode"":true},""target"":{""fsrRuntime"":""fsr3"",""method"":""fsr"",""qualityMode"":0,""renderScaleMode"":false},""receipt"":""raw/lane-nvidia/pass-2/transitions/20/retained.json"",""timing"":{""beginTick"":439845848364,""cleanupDrainedTick"":439852673999,""clock"":""query_performance_counter"",""dispatchTick"":439846235745,""elapsedFrames"":15,""elapsedMs"":643.8254,""elapsedOrigin"":""qualification_dispatch"",""presentationStableTick"":439851103982,""stableTick"":439852673999,""strictSatisfiedTick"":439852673999,""tickFrequency"":10000000,""timeoutMs"":20000},""milestoneTimings"":{""cleanup"":{""elapsedFrames"":15,""elapsedMs"":643.8254,""frame"":130972,""observed"":true,""tick"":439852673999},""cleanupPrecededPresentation"":false,""cleanupTailFrames"":4,""cleanupTailMs"":157.0017,""presentation"":{""elapsedFrames"":11,""elapsedMs"":486.8237,""frame"":130968,""observed"":true,""tick"":439851103982},""presentationToCleanupFrames"":4,""presentationToCleanupMs"":157.0017,""sameObservation"":false,""strict"":{""elapsedFrames"":15,""elapsedMs"":643.8254,""frame"":130972,""observed"":true,""tick"":439852673999}},""phaseDurations"":{""blockedOrPreparationToFirstPhysicalMutationMs"":3.5842,""dispatchToBlockedOrPreparationMs"":325.8008,""firstNewGenerationToCleanupDrainedMs"":201.587,""firstPhysicalMutationToFirstNewGenerationMs"":112.8534,""presentationToStrictCompletionMs"":157.0017},""elapsed"":{""cleanupElapsedFrames"":15,""cleanupElapsedMs"":643.8254,""presentationElapsedFrames"":11,""presentationElapsedMs"":486.8237,""strictElapsedFrames"":15,""strictElapsedMs"":643.8254}},{""passNumber"":2,""ordinal"":21,""source"":{""method"":""fsr"",""qualityMode"":0,""renderScaleMode"":false},""target"":{""method"":""taa"",""qualityMode"":0,""renderScaleMode"":false},""receipt"":""raw/lane-nvidia/pass-2/transitions/21/retained.json"",""timing"":{""beginTick"":439903362856,""cleanupDrainedTick"":439907740548,""clock"":""query_performance_counter"",""dispatchTick"":439903737569,""elapsedFrames"":10,""elapsedMs"":400.2979,""elapsedOrigin"":""qualification_dispatch"",""presentationStableTick"":439905424978,""stableTick"":439907740548,""strictSatisfiedTick"":439907740548,""tickFrequency"":10000000,""timeoutMs"":20000},""milestoneTimings"":{""cleanup"":{""elapsedFrames"":10,""elapsedMs"":400.2979,""frame"":131110,""observed"":true,""tick"":439907740548},""cleanupPrecededPresentation"":false,""cleanupTailFrames"":6,""cleanupTailMs"":231.557,""presentation"":{""elapsedFrames"":4,""elapsedMs"":168.7409,""frame"":131104,""observed"":true,""tick"":439905424978},""presentationToCleanupFrames"":6,""presentationToCleanupMs"":231.557,""sameObservation"":false,""strict"":{""elapsedFrames"":10,""elapsedMs"":400.2979,""frame"":131110,""observed"":true,""tick"":439907740548}},""phaseDurations"":{""blockedOrPreparationToFirstPhysicalMutationMs"":null,""dispatchToBlockedOrPreparationMs"":114.5782,""firstNewGenerationToCleanupDrainedMs"":null,""firstPhysicalMutationToFirstNewGenerationMs"":null,""presentationToStrictCompletionMs"":231.557},""elapsed"":{""cleanupElapsedFrames"":10,""cleanupElapsedMs"":400.2979,""presentationElapsedFrames"":4,""presentationElapsedMs"":168.7409,""strictElapsedFrames"":10,""strictElapsedMs"":400.2979}},{""passNumber"":2,""ordinal"":22,""source"":{""method"":""taa"",""qualityMode"":0,""renderScaleMode"":false},""target"":{""method"":""none"",""qualityMode"":0,""renderScaleMode"":false},""receipt"":""raw/lane-nvidia/pass-2/transitions/22/retained.json"",""timing"":{""beginTick"":439958175929,""cleanupDrainedTick"":439960112555,""clock"":""query_performance_counter"",""dispatchTick"":439958563374,""elapsedFrames"":4,""elapsedMs"":154.9181,""elapsedOrigin"":""qualification_dispatch"",""presentationStableTick"":439960112555,""stableTick"":439960112555,""strictSatisfiedTick"":439960112555,""tickFrequency"":10000000,""timeoutMs"":20000},""milestoneTimings"":{""cleanup"":{""elapsedFrames"":4,""elapsedMs"":154.9181,""frame"":131248,""observed"":true,""tick"":439960112555},""cleanupPrecededPresentation"":false,""cleanupTailFrames"":0,""cleanupTailMs"":0,""presentation"":{""elapsedFrames"":4,""elapsedMs"":154.9181,""frame"":131248,""observed"":true,""tick"":439960112555},""presentationToCleanupFrames"":0,""presentationToCleanupMs"":0,""sameObservation"":true,""strict"":{""elapsedFrames"":4,""elapsedMs"":154.9181,""frame"":131248,""observed"":true,""tick"":439960112555}},""phaseDurations"":{""blockedOrPreparationToFirstPhysicalMutationMs"":null,""dispatchToBlockedOrPreparationMs"":154.9181,""firstNewGenerationToCleanupDrainedMs"":null,""firstPhysicalMutationToFirstNewGenerationMs"":null,""presentationToStrictCompletionMs"":0},""elapsed"":{""cleanupElapsedFrames"":4,""cleanupElapsedMs"":154.9181,""presentationElapsedFrames"":4,""presentationElapsedMs"":154.9181,""strictElapsedFrames"":4,""strictElapsedMs"":154.9181}},{""passNumber"":2,""ordinal"":23,""source"":{""method"":""none"",""qualityMode"":0,""renderScaleMode"":false},""target"":{""dlssProfile"":""K"",""method"":""dlss"",""qualityMode"":0,""renderScaleMode"":false},""receipt"":""raw/lane-nvidia/pass-2/transitions/23/retained.json"",""timing"":{""beginTick"":440010736385,""cleanupDrainedTick"":440013433316,""clock"":""query_performance_counter"",""dispatchTick"":440011131129,""elapsedFrames"":3,""elapsedMs"":230.2187,""elapsedOrigin"":""qualification_dispatch"",""presentationStableTick"":440013433316,""stableTick"":440013433316,""strictSatisfiedTick"":440013433316,""tickFrequency"":10000000,""timeoutMs"":20000},""milestoneTimings"":{""cleanup"":{""elapsedFrames"":3,""elapsedMs"":230.2187,""frame"":131380,""observed"":true,""tick"":440013433316},""cleanupPrecededPresentation"":false,""cleanupTailFrames"":0,""cleanupTailMs"":0,""presentation"":{""elapsedFrames"":3,""elapsedMs"":230.2187,""frame"":131380,""observed"":true,""tick"":440013433316},""presentationToCleanupFrames"":0,""presentationToCleanupMs"":0,""sameObservation"":true,""strict"":{""elapsedFrames"":3,""elapsedMs"":230.2187,""frame"":131380,""observed"":true,""tick"":440013433316}},""phaseDurations"":{""blockedOrPreparationToFirstPhysicalMutationMs"":null,""dispatchToBlockedOrPreparationMs"":230.2187,""firstNewGenerationToCleanupDrainedMs"":null,""firstPhysicalMutationToFirstNewGenerationMs"":null,""presentationToStrictCompletionMs"":0},""elapsed"":{""cleanupElapsedFrames"":3,""cleanupElapsedMs"":230.2187,""presentationElapsedFrames"":3,""presentationElapsedMs"":230.2187,""strictElapsedFrames"":3,""strictElapsedMs"":230.2187}},{""passNumber"":2,""ordinal"":24,""source"":{""method"":""dlss"",""qualityMode"":0,""renderScaleMode"":false},""target"":{""fsrRuntime"":""fsr3"",""method"":""fsr"",""qualityMode"":0,""renderScaleMode"":false},""receipt"":""raw/lane-nvidia/pass-2/transitions/24/retained.json"",""timing"":{""beginTick"":440064118016,""cleanupDrainedTick"":440074889326,""clock"":""query_performance_counter"",""dispatchTick"":440064497484,""elapsedFrames"":21,""elapsedMs"":1039.1842,""elapsedOrigin"":""qualification_dispatch"",""presentationStableTick"":440073112044,""stableTick"":440074889326,""strictSatisfiedTick"":440074889326,""tickFrequency"":10000000,""timeoutMs"":20000},""milestoneTimings"":{""cleanup"":{""elapsedFrames"":21,""elapsedMs"":1039.1842,""frame"":131533,""observed"":true,""tick"":440074889326},""cleanupPrecededPresentation"":false,""cleanupTailFrames"":4,""cleanupTailMs"":177.7282,""presentation"":{""elapsedFrames"":17,""elapsedMs"":861.456,""frame"":131529,""observed"":true,""tick"":440073112044},""presentationToCleanupFrames"":4,""presentationToCleanupMs"":177.7282,""sameObservation"":false,""strict"":{""elapsedFrames"":21,""elapsedMs"":1039.1842,""frame"":131533,""observed"":true,""tick"":440074889326}},""phaseDurations"":{""blockedOrPreparationToFirstPhysicalMutationMs"":253.7354,""dispatchToBlockedOrPreparationMs"":412.073,""firstNewGenerationToCleanupDrainedMs"":218.2977,""firstPhysicalMutationToFirstNewGenerationMs"":155.0781,""presentationToStrictCompletionMs"":177.7282},""elapsed"":{""cleanupElapsedFrames"":21,""cleanupElapsedMs"":1039.1842,""presentationElapsedFrames"":17,""presentationElapsedMs"":861.456,""strictElapsedFrames"":21,""strictElapsedMs"":1039.1842}},{""passNumber"":2,""ordinal"":25,""source"":{""method"":""fsr"",""qualityMode"":0,""renderScaleMode"":false},""target"":{""dlssProfile"":""K"",""method"":""dlss"",""qualityMode"":1,""renderScaleMode"":true},""receipt"":""raw/lane-nvidia/pass-2/transitions/25/retained.json"",""timing"":{""beginTick"":440125605766,""cleanupDrainedTick"":440141775016,""clock"":""query_performance_counter"",""dispatchTick"":440125989932,""elapsedFrames"":34,""elapsedMs"":1658.3524,""elapsedOrigin"":""qualification_dispatch"",""presentationStableTick"":440140600269,""stableTick"":440142573456,""strictSatisfiedTick"":440142573456,""tickFrequency"":10000000,""timeoutMs"":20000},""milestoneTimings"":{""cleanup"":{""elapsedFrames"":33,""elapsedMs"":1578.5084,""frame"":131695,""observed"":true,""tick"":440141775016},""cleanupPrecededPresentation"":false,""cleanupTailFrames"":2,""cleanupTailMs"":117.4747,""presentation"":{""elapsedFrames"":31,""elapsedMs"":1461.0337,""frame"":131693,""observed"":true,""tick"":440140600269},""presentationToCleanupFrames"":2,""presentationToCleanupMs"":117.4747,""sameObservation"":false,""strict"":{""elapsedFrames"":34,""elapsedMs"":1658.3524,""frame"":131696,""observed"":true,""tick"":440142573456}},""phaseDurations"":{""blockedOrPreparationToFirstPhysicalMutationMs"":592.2031,""dispatchToBlockedOrPreparationMs"":370.4295,""firstNewGenerationToCleanupDrainedMs"":157.0104,""firstPhysicalMutationToFirstNewGenerationMs"":458.8654,""presentationToStrictCompletionMs"":197.3187},""elapsed"":{""cleanupElapsedFrames"":33,""cleanupElapsedMs"":1578.5084,""presentationElapsedFrames"":31,""presentationElapsedMs"":1461.0337,""strictElapsedFrames"":34,""strictElapsedMs"":1658.3524}},{""passNumber"":2,""ordinal"":26,""source"":{""method"":""dlss"",""qualityMode"":1,""renderScaleMode"":true},""target"":{""fsrRuntime"":""fsr3"",""method"":""fsr"",""qualityMode"":1,""renderScaleMode"":true},""receipt"":""raw/lane-nvidia/pass-2/transitions/26/retained.json"",""timing"":{""beginTick"":440193422861,""cleanupDrainedTick"":440205674144,""clock"":""query_performance_counter"",""dispatchTick"":440193805456,""elapsedFrames"":27,""elapsedMs"":1227.9308,""elapsedOrigin"":""qualification_dispatch"",""presentationStableTick"":440206084764,""stableTick"":440206084764,""strictSatisfiedTick"":440206084764,""tickFrequency"":10000000,""timeoutMs"":20000},""milestoneTimings"":{""cleanup"":{""elapsedFrames"":26,""elapsedMs"":1186.8688,""frame"":131852,""observed"":true,""tick"":440205674144},""cleanupPrecededPresentation"":true,""cleanupTailFrames"":0,""cleanupTailMs"":0,""presentation"":{""elapsedFrames"":27,""elapsedMs"":1227.9308,""frame"":131853,""observed"":true,""tick"":440206084764},""presentationToCleanupFrames"":-1,""presentationToCleanupMs"":-41.062,""sameObservation"":false,""strict"":{""elapsedFrames"":27,""elapsedMs"":1227.9308,""frame"":131853,""observed"":true,""tick"":440206084764}},""phaseDurations"":{""blockedOrPreparationToFirstPhysicalMutationMs"":250.7248,""dispatchToBlockedOrPreparationMs"":358.9416,""firstNewGenerationToCleanupDrainedMs"":151.131,""firstPhysicalMutationToFirstNewGenerationMs"":426.0714,""presentationToStrictCompletionMs"":0},""elapsed"":{""cleanupElapsedFrames"":26,""cleanupElapsedMs"":1186.8688,""presentationElapsedFrames"":27,""presentationElapsedMs"":1227.9308,""strictElapsedFrames"":27,""strictElapsedMs"":1227.9308}},{""passNumber"":2,""ordinal"":27,""source"":{""method"":""fsr"",""qualityMode"":1,""renderScaleMode"":true},""target"":{""method"":""none"",""qualityMode"":0,""renderScaleMode"":false},""receipt"":""raw/lane-nvidia/pass-2/transitions/27/retained.json"",""timing"":{""beginTick"":440256768656,""cleanupDrainedTick"":440264132007,""clock"":""query_performance_counter"",""dispatchTick"":440257162492,""elapsedFrames"":17,""elapsedMs"":696.9515,""elapsedOrigin"":""qualification_dispatch"",""presentationStableTick"":440262455164,""stableTick"":440264132007,""strictSatisfiedTick"":440264132007,""tickFrequency"":10000000,""timeoutMs"":20000},""milestoneTimings"":{""cleanup"":{""elapsedFrames"":17,""elapsedMs"":696.9515,""frame"":132000,""observed"":true,""tick"":440264132007},""cleanupPrecededPresentation"":false,""cleanupTailFrames"":4,""cleanupTailMs"":167.6843,""presentation"":{""elapsedFrames"":13,""elapsedMs"":529.2672,""frame"":131996,""observed"":true,""tick"":440262455164},""presentationToCleanupFrames"":4,""presentationToCleanupMs"":167.6843,""sameObservation"":false,""strict"":{""elapsedFrames"":17,""elapsedMs"":696.9515,""frame"":132000,""observed"":true,""tick"":440264132007}},""phaseDurations"":{""blockedOrPreparationToFirstPhysicalMutationMs"":3.4841,""dispatchToBlockedOrPreparationMs"":353.5913,""firstNewGenerationToCleanupDrainedMs"":235.3675,""firstPhysicalMutationToFirstNewGenerationMs"":104.5086,""presentationToStrictCompletionMs"":167.6843},""elapsed"":{""cleanupElapsedFrames"":17,""cleanupElapsedMs"":696.9515,""presentationElapsedFrames"":13,""presentationElapsedMs"":529.2672,""strictElapsedFrames"":17,""strictElapsedMs"":696.9515}},{""passNumber"":2,""ordinal"":28,""source"":{""method"":""none"",""qualityMode"":0,""renderScaleMode"":false},""target"":{""fsrRuntime"":""fsr3"",""method"":""fsr"",""qualityMode"":6,""renderScaleMode"":true},""receipt"":""raw/lane-nvidia/pass-2/transitions/28/retained.json"",""timing"":{""beginTick"":440314747845,""cleanupDrainedTick"":440323071658,""clock"":""query_performance_counter"",""dispatchTick"":440315120362,""elapsedFrames"":16,""elapsedMs"":842.9206,""elapsedOrigin"":""qualification_dispatch"",""presentationStableTick"":440323549568,""stableTick"":440323549568,""strictSatisfiedTick"":440323549568,""tickFrequency"":10000000,""timeoutMs"":20000},""milestoneTimings"":{""cleanup"":{""elapsedFrames"":15,""elapsedMs"":795.1296,""frame"":132148,""observed"":true,""tick"":440323071658},""cleanupPrecededPresentation"":true,""cleanupTailFrames"":0,""cleanupTailMs"":0,""presentation"":{""elapsedFrames"":16,""elapsedMs"":842.9206,""frame"":132149,""observed"":true,""tick"":440323549568},""presentationToCleanupFrames"":-1,""presentationToCleanupMs"":-47.791,""sameObservation"":false,""strict"":{""elapsedFrames"":16,""elapsedMs"":842.9206,""frame"":132149,""observed"":true,""tick"":440323549568}},""phaseDurations"":{""blockedOrPreparationToFirstPhysicalMutationMs"":2.6177,""dispatchToBlockedOrPreparationMs"":359.1764,""firstNewGenerationToCleanupDrainedMs"":166.7212,""firstPhysicalMutationToFirstNewGenerationMs"":266.6143,""presentationToStrictCompletionMs"":0},""elapsed"":{""cleanupElapsedFrames"":15,""cleanupElapsedMs"":795.1296,""presentationElapsedFrames"":16,""presentationElapsedMs"":842.9206,""strictElapsedFrames"":16,""strictElapsedMs"":842.9206}},{""passNumber"":2,""ordinal"":29,""source"":{""method"":""fsr"",""qualityMode"":6,""renderScaleMode"":true},""target"":{""dlssProfile"":""K"",""method"":""dlss"",""qualityMode"":6,""renderScaleMode"":true},""receipt"":""raw/lane-nvidia/pass-2/transitions/29/retained.json"",""timing"":{""beginTick"":440374344582,""cleanupDrainedTick"":440387268090,""clock"":""query_performance_counter"",""dispatchTick"":440374731432,""elapsedFrames"":29,""elapsedMs"":1330.0586,""elapsedOrigin"":""qualification_dispatch"",""presentationStableTick"":440386130417,""stableTick"":440388032018,""strictSatisfiedTick"":440388032018,""tickFrequency"":10000000,""timeoutMs"":20000},""milestoneTimings"":{""cleanup"":{""elapsedFrames"":28,""elapsedMs"":1253.6658,""frame"":132311,""observed"":true,""tick"":440387268090},""cleanupPrecededPresentation"":false,""cleanupTailFrames"":3,""cleanupTailMs"":113.7673,""presentation"":{""elapsedFrames"":25,""elapsedMs"":1139.8985,""frame"":132308,""observed"":true,""tick"":440386130417},""presentationToCleanupFrames"":3,""presentationToCleanupMs"":113.7673,""sameObservation"":false,""strict"":{""elapsedFrames"":29,""elapsedMs"":1330.0586,""frame"":132312,""observed"":true,""tick"":440388032018}},""phaseDurations"":{""blockedOrPreparationToFirstPhysicalMutationMs"":22.3652,""dispatchToBlockedOrPreparationMs"":652.6467,""firstNewGenerationToCleanupDrainedMs"":151.9158,""firstPhysicalMutationToFirstNewGenerationMs"":426.7381,""presentationToStrictCompletionMs"":190.1601},""elapsed"":{""cleanupElapsedFrames"":28,""cleanupElapsedMs"":1253.6658,""presentationElapsedFrames"":25,""presentationElapsedMs"":1139.8985,""strictElapsedFrames"":29,""strictElapsedMs"":1330.0586}},{""passNumber"":2,""ordinal"":30,""source"":{""method"":""dlss"",""qualityMode"":6,""renderScaleMode"":true},""target"":{""method"":""taa"",""qualityMode"":0,""renderScaleMode"":false},""receipt"":""raw/lane-nvidia/pass-2/transitions/30/retained.json"",""timing"":{""beginTick"":440438970340,""cleanupDrainedTick"":440445531092,""clock"":""query_performance_counter"",""dispatchTick"":440439347422,""elapsedFrames"":14,""elapsedMs"":618.367,""elapsedOrigin"":""qualification_dispatch"",""presentationStableTick"":440443419129,""stableTick"":440445531092,""strictSatisfiedTick"":440445531092,""tickFrequency"":10000000,""timeoutMs"":20000},""milestoneTimings"":{""cleanup"":{""elapsedFrames"":14,""elapsedMs"":618.367,""frame"":132460,""observed"":true,""tick"":440445531092},""cleanupPrecededPresentation"":false,""cleanupTailFrames"":4,""cleanupTailMs"":211.1963,""presentation"":{""elapsedFrames"":10,""elapsedMs"":407.1707,""frame"":132456,""observed"":true,""tick"":440443419129},""presentationToCleanupFrames"":4,""presentationToCleanupMs"":211.1963,""sameObservation"":false,""strict"":{""elapsedFrames"":14,""elapsedMs"":618.367,""frame"":132460,""observed"":true,""tick"":440445531092}},""phaseDurations"":{""blockedOrPreparationToFirstPhysicalMutationMs"":2.7039,""dispatchToBlockedOrPreparationMs"":306.8064,""firstNewGenerationToCleanupDrainedMs"":211.8148,""firstPhysicalMutationToFirstNewGenerationMs"":97.0419,""presentationToStrictCompletionMs"":211.1963},""elapsed"":{""cleanupElapsedFrames"":14,""cleanupElapsedMs"":618.367,""presentationElapsedFrames"":10,""presentationElapsedMs"":407.1707,""strictElapsedFrames"":14,""strictElapsedMs"":618.367}},{""passNumber"":2,""ordinal"":31,""source"":{""method"":""taa"",""qualityMode"":0,""renderScaleMode"":false},""target"":{""fsrRuntime"":""fsr3"",""method"":""fsr"",""qualityMode"":0,""renderScaleMode"":false},""receipt"":""raw/lane-nvidia/pass-2/transitions/31/retained.json"",""timing"":{""beginTick"":440496212296,""cleanupDrainedTick"":440503575310,""clock"":""query_performance_counter"",""dispatchTick"":440496596265,""elapsedFrames"":12,""elapsedMs"":697.9045,""elapsedOrigin"":""qualification_dispatch"",""presentationStableTick"":440503575310,""stableTick"":440503575310,""strictSatisfiedTick"":440503575310,""tickFrequency"":10000000,""timeoutMs"":20000},""milestoneTimings"":{""cleanup"":{""elapsedFrames"":12,""elapsedMs"":697.9045,""frame"":132606,""observed"":true,""tick"":440503575310},""cleanupPrecededPresentation"":false,""cleanupTailFrames"":0,""cleanupTailMs"":0,""presentation"":{""elapsedFrames"":12,""elapsedMs"":697.9045,""frame"":132606,""observed"":true,""tick"":440503575310},""presentationToCleanupFrames"":0,""presentationToCleanupMs"":0,""sameObservation"":true,""strict"":{""elapsedFrames"":12,""elapsedMs"":697.9045,""frame"":132606,""observed"":true,""tick"":440503575310}},""phaseDurations"":{""blockedOrPreparationToFirstPhysicalMutationMs"":58.6527,""dispatchToBlockedOrPreparationMs"":406.124,""firstNewGenerationToCleanupDrainedMs"":38.7281,""firstPhysicalMutationToFirstNewGenerationMs"":194.3997,""presentationToStrictCompletionMs"":0},""elapsed"":{""cleanupElapsedFrames"":12,""cleanupElapsedMs"":697.9045,""presentationElapsedFrames"":12,""presentationElapsedMs"":697.9045,""strictElapsedFrames"":12,""strictElapsedMs"":697.9045}},{""passNumber"":2,""ordinal"":32,""source"":{""method"":""fsr"",""qualityMode"":0,""renderScaleMode"":false},""target"":{""method"":""none"",""qualityMode"":0,""renderScaleMode"":false},""receipt"":""raw/lane-nvidia/pass-2/transitions/32/retained.json"",""timing"":{""beginTick"":440554139489,""cleanupDrainedTick"":440558695785,""clock"":""query_performance_counter"",""dispatchTick"":440554571584,""elapsedFrames"":11,""elapsedMs"":412.4201,""elapsedOrigin"":""qualification_dispatch"",""presentationStableTick"":440556343176,""stableTick"":440558695785,""strictSatisfiedTick"":440558695785,""tickFrequency"":10000000,""timeoutMs"":20000},""milestoneTimings"":{""cleanup"":{""elapsedFrames"":11,""elapsedMs"":412.4201,""frame"":132746,""observed"":true,""tick"":440558695785},""cleanupPrecededPresentation"":false,""cleanupTailFrames"":6,""cleanupTailMs"":235.2609,""presentation"":{""elapsedFrames"":5,""elapsedMs"":177.1592,""frame"":132740,""observed"":true,""tick"":440556343176},""presentationToCleanupFrames"":6,""presentationToCleanupMs"":235.2609,""sameObservation"":false,""strict"":{""elapsedFrames"":11,""elapsedMs"":412.4201,""frame"":132746,""observed"":true,""tick"":440558695785}},""phaseDurations"":{""blockedOrPreparationToFirstPhysicalMutationMs"":null,""dispatchToBlockedOrPreparationMs"":123.6117,""firstNewGenerationToCleanupDrainedMs"":null,""firstPhysicalMutationToFirstNewGenerationMs"":null,""presentationToStrictCompletionMs"":235.2609},""elapsed"":{""cleanupElapsedFrames"":11,""cleanupElapsedMs"":412.4201,""presentationElapsedFrames"":5,""presentationElapsedMs"":177.1592,""strictElapsedFrames"":11,""strictElapsedMs"":412.4201}},{""passNumber"":2,""ordinal"":33,""source"":{""method"":""none"",""qualityMode"":0,""renderScaleMode"":false},""target"":{""dlssProfile"":""K"",""method"":""dlss"",""qualityMode"":0,""renderScaleMode"":false},""receipt"":""raw/lane-nvidia/pass-2/transitions/33/retained.json"",""timing"":{""beginTick"":440609264928,""cleanupDrainedTick"":440612012845,""clock"":""query_performance_counter"",""dispatchTick"":440609662637,""elapsedFrames"":3,""elapsedMs"":235.0208,""elapsedOrigin"":""qualification_dispatch"",""presentationStableTick"":440612012845,""stableTick"":440612012845,""strictSatisfiedTick"":440612012845,""tickFrequency"":10000000,""timeoutMs"":20000},""milestoneTimings"":{""cleanup"":{""elapsedFrames"":3,""elapsedMs"":235.0208,""frame"":132880,""observed"":true,""tick"":440612012845},""cleanupPrecededPresentation"":false,""cleanupTailFrames"":0,""cleanupTailMs"":0,""presentation"":{""elapsedFrames"":3,""elapsedMs"":235.0208,""frame"":132880,""observed"":true,""tick"":440612012845},""presentationToCleanupFrames"":0,""presentationToCleanupMs"":0,""sameObservation"":true,""strict"":{""elapsedFrames"":3,""elapsedMs"":235.0208,""frame"":132880,""observed"":true,""tick"":440612012845}},""phaseDurations"":{""blockedOrPreparationToFirstPhysicalMutationMs"":null,""dispatchToBlockedOrPreparationMs"":235.0208,""firstNewGenerationToCleanupDrainedMs"":null,""firstPhysicalMutationToFirstNewGenerationMs"":null,""presentationToStrictCompletionMs"":0},""elapsed"":{""cleanupElapsedFrames"":3,""cleanupElapsedMs"":235.0208,""presentationElapsedFrames"":3,""presentationElapsedMs"":235.0208,""strictElapsedFrames"":3,""strictElapsedMs"":235.0208}}]}","{""definition"":""Elapsed milliseconds/frames originate at qualification_dispatch; phaseDurations use named endpoints; QPC ticks use timing.tickFrequency Hz; 5000ms pre-dispatch pacing excluded; unavailable timings remain missing; no inferred zeros."",""runId"":""renderscale-tuning-nvidia-20260910T090649592Z"",""buildId"":""d20962d1f8b75609f7b97074d1ae8132450d61b477be793227ad88088f5bda0d"",""sourceCommit"":""390fdea2533ae447849c5f07766c796872996a61"",""transitions"":[{""passNumber"":1,""ordinal"":1,""source"":{""method"":""dlss"",""qualityMode"":1,""renderScaleMode"":true},""target"":{""method"":""none"",""qualityMode"":0,""renderScaleMode"":false},""receipt"":""raw/lane-nvidia/pass-1/transitions/01/retained.json"",""timing"":{""beginTick"":500842884790,""cleanupDrainedTick"":500850758711,""clock"":""query_performance_counter"",""dispatchTick"":500843795697,""elapsedFrames"":16,""elapsedMs"":696.3014,""elapsedOrigin"":""qualification_dispatch"",""presentationStableTick"":500849065686,""stableTick"":500850758711,""strictSatisfiedTick"":500850758711,""tickFrequency"":10000000,""timeoutMs"":20000},""milestoneTimings"":{""cleanup"":{""elapsedFrames"":16,""elapsedMs"":696.3014,""frame"":116481,""observed"":true,""tick"":500850758711},""cleanupPrecededPresentation"":false,""cleanupTailFrames"":4,""cleanupTailMs"":169.3025,""presentation"":{""elapsedFrames"":12,""elapsedMs"":526.9989,""frame"":116477,""observed"":true,""tick"":500849065686},""presentationToCleanupFrames"":4,""presentationToCleanupMs"":169.3025,""sameObservation"":false,""strict"":{""elapsedFrames"":16,""elapsedMs"":696.3014,""frame"":116481,""observed"":true,""tick"":500850758711}},""phaseDurations"":{""blockedOrPreparationToFirstPhysicalMutationMs"":3.9846,""dispatchToBlockedOrPreparationMs"":360.2877,""firstNewGenerationToCleanupDrainedMs"":218.1094,""firstPhysicalMutationToFirstNewGenerationMs"":113.9197,""presentationToStrictCompletionMs"":169.3025},""elapsed"":{""cleanupElapsedFrames"":16,""cleanupElapsedMs"":696.3014,""presentationElapsedFrames"":12,""presentationElapsedMs"":526.9989,""strictElapsedFrames"":16,""strictElapsedMs"":696.3014}},{""passNumber"":1,""ordinal"":2,""source"":{""method"":""none"",""qualityMode"":0,""renderScaleMode"":false},""target"":{""method"":""taa"",""qualityMode"":0,""renderScaleMode"":false},""receipt"":""raw/lane-nvidia/pass-1/transitions/02/retained.json"",""timing"":{""beginTick"":500901390262,""cleanupDrainedTick"":500903431433,""clock"":""query_performance_counter"",""dispatchTick"":500901794254,""elapsedFrames"":3,""elapsedMs"":163.7179,""elapsedOrigin"":""qualification_dispatch"",""presentationStableTick"":500903431433,""stableTick"":500903431433,""strictSatisfiedTick"":500903431433,""tickFrequency"":10000000,""timeoutMs"":20000},""milestoneTimings"":{""cleanup"":{""elapsedFrames"":3,""elapsedMs"":163.7179,""frame"":116606,""observed"":true,""tick"":500903431433},""cleanupPrecededPresentation"":false,""cleanupTailFrames"":0,""cleanupTailMs"":0,""presentation"":{""elapsedFrames"":3,""elapsedMs"":163.7179,""frame"":116606,""observed"":true,""tick"":500903431433},""presentationToCleanupFrames"":0,""presentationToCleanupMs"":0,""sameObservation"":true,""strict"":{""elapsedFrames"":3,""elapsedMs"":163.7179,""frame"":116606,""observed"":true,""tick"":500903431433}},""phaseDurations"":{""blockedOrPreparationToFirstPhysicalMutationMs"":null,""dispatchToBlockedOrPreparationMs"":163.7179,""firstNewGenerationToCleanupDrainedMs"":null,""firstPhysicalMutationToFirstNewGenerationMs"":null,""presentationToStrictCompletionMs"":0},""elapsed"":{""cleanupElapsedFrames"":3,""cleanupElapsedMs"":163.7179,""presentationElapsedFrames"":3,""presentationElapsedMs"":163.7179,""strictElapsedFrames"":3,""strictElapsedMs"":163.7179}},{""passNumber"":1,""ordinal"":3,""source"":{""method"":""taa"",""qualityMode"":0,""renderScaleMode"":false},""target"":{""dlssProfile"":""K"",""method"":""dlss"",""qualityMode"":0,""renderScaleMode"":false},""receipt"":""raw/lane-nvidia/pass-1/transitions/03/retained.json"",""timing"":{""beginTick"":500953811736,""cleanupDrainedTick"":500957485081,""clock"":""query_performance_counter"",""dispatchTick"":500954299907,""elapsedFrames"":5,""elapsedMs"":318.5174,""elapsedOrigin"":""qualification_dispatch"",""presentationStableTick"":500957485081,""stableTick"":500957485081,""strictSatisfiedTick"":500957485081,""tickFrequency"":10000000,""timeoutMs"":20000},""milestoneTimings"":{""cleanup"":{""elapsedFrames"":5,""elapsedMs"":318.5174,""frame"":116724,""observed"":true,""tick"":500957485081},""cleanupPrecededPresentation"":false,""cleanupTailFrames"":0,""cleanupTailMs"":0,""presentation"":{""elapsedFrames"":5,""elapsedMs"":318.5174,""frame"":116724,""observed"":true,""tick"":500957485081},""presentationToCleanupFrames"":0,""presentationToCleanupMs"":0,""sameObservation"":true,""strict"":{""elapsedFrames"":5,""elapsedMs"":318.5174,""frame"":116724,""observed"":true,""tick"":500957485081}},""phaseDurations"":{""blockedOrPreparationToFirstPhysicalMutationMs"":null,""dispatchToBlockedOrPreparationMs"":318.5174,""firstNewGenerationToCleanupDrainedMs"":null,""firstPhysicalMutationToFirstNewGenerationMs"":null,""presentationToStrictCompletionMs"":0},""elapsed"":{""cleanupElapsedFrames"":5,""cleanupElapsedMs"":318.5174,""presentationElapsedFrames"":5,""presentationElapsedMs"":318.5174,""strictElapsedFrames"":5,""strictElapsedMs"":318.5174}},{""passNumber"":1,""ordinal"":4,""source"":{""method"":""dlss"",""qualityMode"":0,""renderScaleMode"":false},""target"":{""dlssProfile"":""K"",""method"":""dlss"",""qualityMode"":1,""renderScaleMode"":true},""receipt"":""raw/lane-nvidia/pass-1/transitions/04/retained.json"",""timing"":{""beginTick"":501008307324,""cleanupDrainedTick"":501017775768,""clock"":""query_performance_counter"",""dispatchTick"":501008802706,""elapsedFrames"":17,""elapsedMs"":984.1766,""elapsedOrigin"":""qualification_dispatch"",""presentationStableTick"":501016403538,""stableTick"":501018644472,""strictSatisfiedTick"":501018644472,""tickFrequency"":10000000,""timeoutMs"":20000},""milestoneTimings"":{""cleanup"":{""elapsedFrames"":16,""elapsedMs"":897.3062,""frame"":116854,""observed"":true,""tick"":501017775768},""cleanupPrecededPresentation"":false,""cleanupTailFrames"":3,""cleanupTailMs"":137.223,""presentation"":{""elapsedFrames"":13,""elapsedMs"":760.0832,""frame"":116851,""observed"":true,""tick"":501016403538},""presentationToCleanupFrames"":3,""presentationToCleanupMs"":137.223,""sameObservation"":false,""strict"":{""elapsedFrames"":17,""elapsedMs"":984.1766,""frame"":116855,""observed"":true,""tick"":501018644472}},""phaseDurations"":{""blockedOrPreparationToFirstPhysicalMutationMs"":3.8381,""dispatchToBlockedOrPreparationMs"":398.9835,""firstNewGenerationToCleanupDrainedMs"":177.9143,""firstPhysicalMutationToFirstNewGenerationMs"":316.5703,""presentationToStrictCompletionMs"":224.0934},""elapsed"":{""cleanupElapsedFrames"":16,""cleanupElapsedMs"":897.3062,""presentationElapsedFrames"":13,""presentationElapsedMs"":760.0832,""strictElapsedFrames"":17,""strictElapsedMs"":984.1766}},{""passNumber"":1,""ordinal"":5,""source"":{""method"":""dlss"",""qualityMode"":1,""renderScaleMode"":true},""target"":{""dlssProfile"":""K"",""method"":""dlss"",""qualityMode"":2,""renderScaleMode"":true},""receipt"":""raw/lane-nvidia/pass-1/transitions/05/retained.json"",""timing"":{""beginTick"":501069394514,""cleanupDrainedTick"":501080360864,""clock"":""query_performance_counter"",""dispatchTick"":501069805791,""elapsedFrames"":18,""elapsedMs"":1135.4885,""elapsedOrigin"":""qualification_dispatch"",""presentationStableTick"":501079111129,""stableTick"":501081160676,""strictSatisfiedTick"":501081160676,""tickFrequency"":10000000,""timeoutMs"":20000},""milestoneTimings"":{""cleanup"":{""elapsedFrames"":17,""elapsedMs"":1055.5073,""frame"":116990,""observed"":true,""tick"":501080360864},""cleanupPrecededPresentation"":false,""cleanupTailFrames"":2,""cleanupTailMs"":124.9735,""presentation"":{""elapsedFrames"":15,""elapsedMs"":930.5338,""frame"":116988,""observed"":true,""tick"":501079111129},""presentationToCleanupFrames"":2,""presentationToCleanupMs"":124.9735,""sameObservation"":false,""strict"":{""elapsedFrames"":18,""elapsedMs"":1135.4885,""frame"":116991,""observed"":true,""tick"":501081160676}},""phaseDurations"":{""blockedOrPreparationToFirstPhysicalMutationMs"":4.5428,""dispatchToBlockedOrPreparationMs"":362.0843,""firstNewGenerationToCleanupDrainedMs"":167.4666,""firstPhysicalMutationToFirstNewGenerationMs"":521.4136,""presentationToStrictCompletionMs"":204.9547},""elapsed"":{""cleanupElapsedFrames"":17,""cleanupElapsedMs"":1055.5073,""presentationElapsedFrames"":15,""presentationElapsedMs"":930.5338,""strictElapsedFrames"":18,""strictElapsedMs"":1135.4885}},{""passNumber"":1,""ordinal"":6,""source"":{""method"":""dlss"",""qualityMode"":2,""renderScaleMode"":true},""target"":{""dlssProfile"":""K"",""method"":""dlss"",""qualityMode"":3,""renderScaleMode"":true},""receipt"":""raw/lane-nvidia/pass-1/transitions/06/retained.json"",""timing"":{""beginTick"":501131808946,""cleanupDrainedTick"":501143541848,""clock"":""query_performance_counter"",""dispatchTick"":501132318015,""elapsedFrames"":22,""elapsedMs"":1206.6006,""elapsedOrigin"":""qualification_dispatch"",""presentationStableTick"":501142261989,""stableTick"":501144384021,""strictSatisfiedTick"":501144384021,""tickFrequency"":10000000,""timeoutMs"":20000},""milestoneTimings"":{""cleanup"":{""elapsedFrames"":21,""elapsedMs"":1122.3833,""frame"":117127,""observed"":true,""tick"":501143541848},""cleanupPrecededPresentation"":false,""cleanupTailFrames"":2,""cleanupTailMs"":127.9859,""presentation"":{""elapsedFrames"":19,""elapsedMs"":994.3974,""frame"":117125,""observed"":true,""tick"":501142261989},""presentationToCleanupFrames"":2,""presentationToCleanupMs"":127.9859,""sameObservation"":false,""strict"":{""elapsedFrames"":22,""elapsedMs"":1206.6006,""frame"":117128,""observed"":true,""tick"":501144384021}},""phaseDurations"":{""blockedOrPreparationToFirstPhysicalMutationMs"":3.5396,""dispatchToBlockedOrPreparationMs"":464.3846,""firstNewGenerationToCleanupDrainedMs"":170.9396,""firstPhysicalMutationToFirstNewGenerationMs"":483.5195,""presentationToStrictCompletionMs"":212.2032},""elapsed"":{""cleanupElapsedFrames"":21,""cleanupElapsedMs"":1122.3833,""presentationElapsedFrames"":19,""presentationElapsedMs"":994.3974,""strictElapsedFrames"":22,""strictElapsedMs"":1206.6006}},{""passNumber"":1,""ordinal"":7,""source"":{""method"":""dlss"",""qualityMode"":3,""renderScaleMode"":true},""target"":{""dlssProfile"":""K"",""method"":""dlss"",""qualityMode"":4,""renderScaleMode"":true},""receipt"":""raw/lane-nvidia/pass-1/transitions/07/retained.json"",""timing"":{""beginTick"":501195286727,""cleanupDrainedTick"":501207705000,""clock"":""query_performance_counter"",""dispatchTick"":501195699725,""elapsedFrames"":22,""elapsedMs"":1281.789,""elapsedOrigin"":""qualification_dispatch"",""presentationStableTick"":501206412088,""stableTick"":501208517615,""strictSatisfiedTick"":501208517615,""tickFrequency"":10000000,""timeoutMs"":20000},""milestoneTimings"":{""cleanup"":{""elapsedFrames"":21,""elapsedMs"":1200.5275,""frame"":117266,""observed"":true,""tick"":501207705000},""cleanupPrecededPresentation"":false,""cleanupTailFrames"":2,""cleanupTailMs"":129.2912,""presentation"":{""elapsedFrames"":19,""elapsedMs"":1071.2363,""frame"":117264,""observed"":true,""tick"":501206412088},""presentationToCleanupFrames"":2,""presentationToCleanupMs"":129.2912,""sameObservation"":false,""strict"":{""elapsedFrames"":22,""elapsedMs"":1281.789,""frame"":117267,""observed"":true,""tick"":501208517615}},""phaseDurations"":{""blockedOrPreparationToFirstPhysicalMutationMs"":3.1679,""dispatchToBlockedOrPreparationMs"":348.0525,""firstNewGenerationToCleanupDrainedMs"":172.4202,""firstPhysicalMutationToFirstNewGenerationMs"":676.8869,""presentationToStrictCompletionMs"":210.5527},""elapsed"":{""cleanupElapsedFrames"":21,""cleanupElapsedMs"":1200.5275,""presentationElapsedFrames"":19,""presentationElapsedMs"":1071.2363,""strictElapsedFrames"":22,""strictElapsedMs"":1281.789}},{""passNumber"":1,""ordinal"":8,""source"":{""method"":""dlss"",""qualityMode"":4,""renderScaleMode"":true},""target"":{""dlssProfile"":""K"",""method"":""dlss"",""qualityMode"":5,""renderScaleMode"":true},""receipt"":""raw/lane-nvidia/pass-1/transitions/08/retained.json"",""timing"":{""beginTick"":501259387915,""cleanupDrainedTick"":501274131785,""clock"":""query_performance_counter"",""dispatchTick"":501259870493,""elapsedFrames"":22,""elapsedMs"":1542.2562,""elapsedOrigin"":""qualification_dispatch"",""presentationStableTick"":501272269213,""stableTick"":501275293055,""strictSatisfiedTick"":501275293055,""tickFrequency"":10000000,""timeoutMs"":20000},""milestoneTimings"":{""cleanup"":{""elapsedFrames"":21,""elapsedMs"":1426.1292,""frame"":117399,""observed"":true,""tick"":501274131785},""cleanupPrecededPresentation"":false,""cleanupTailFrames"":2,""cleanupTailMs"":186.2572,""presentation"":{""elapsedFrames"":19,""elapsedMs"":1239.872,""frame"":117397,""observed"":true,""tick"":501272269213},""presentationToCleanupFrames"":2,""presentationToCleanupMs"":186.2572,""sameObservation"":false,""strict"":{""elapsedFrames"":22,""elapsedMs"":1542.2562,""frame"":117400,""observed"":true,""tick"":501275293055}},""phaseDurations"":{""blockedOrPreparationToFirstPhysicalMutationMs"":3.8192,""dispatchToBlockedOrPreparationMs"":437.4214,""firstNewGenerationToCleanupDrainedMs"":246.5044,""firstPhysicalMutationToFirstNewGenerationMs"":738.3842,""presentationToStrictCompletionMs"":302.3842},""elapsed"":{""cleanupElapsedFrames"":21,""cleanupElapsedMs"":1426.1292,""presentationElapsedFrames"":19,""presentationElapsedMs"":1239.872,""strictElapsedFrames"":22,""strictElapsedMs"":1542.2562}},{""passNumber"":1,""ordinal"":9,""source"":{""method"":""dlss"",""qualityMode"":5,""renderScaleMode"":true},""target"":{""dlssProfile"":""K"",""method"":""dlss"",""qualityMode"":6,""renderScaleMode"":true},""receipt"":""raw/lane-nvidia/pass-1/transitions/09/retained.json"",""timing"":{""beginTick"":501326751127,""cleanupDrainedTick"":501339961542,""clock"":""query_performance_counter"",""dispatchTick"":501327181506,""elapsedFrames"":22,""elapsedMs"":1375.0572,""elapsedOrigin"":""qualification_dispatch"",""presentationStableTick"":501338229585,""stableTick"":501340932078,""strictSatisfiedTick"":501340932078,""tickFrequency"":10000000,""timeoutMs"":20000},""milestoneTimings"":{""cleanup"":{""elapsedFrames"":21,""elapsedMs"":1278.0036,""frame"":117530,""observed"":true,""tick"":501339961542},""cleanupPrecededPresentation"":false,""cleanupTailFrames"":3,""cleanupTailMs"":173.1957,""presentation"":{""elapsedFrames"":18,""elapsedMs"":1104.8079,""frame"":117527,""observed"":true,""tick"":501338229585},""presentationToCleanupFrames"":3,""presentationToCleanupMs"":173.1957,""sameObservation"":false,""strict"":{""elapsedFrames"":22,""elapsedMs"":1375.0572,""frame"":117531,""observed"":true,""tick"":501340932078}},""phaseDurations"":{""blockedOrPreparationToFirstPhysicalMutationMs"":4.3446,""dispatchToBlockedOrPreparationMs"":379.7629,""firstNewGenerationToCleanupDrainedMs"":223.7245,""firstPhysicalMutationToFirstNewGenerationMs"":670.1716,""presentationToStrictCompletionMs"":270.2493},""elapsed"":{""cleanupElapsedFrames"":21,""cleanupElapsedMs"":1278.0036,""presentationElapsedFrames"":18,""presentationElapsedMs"":1104.8079,""strictElapsedFrames"":22,""strictElapsedMs"":1375.0572}},{""passNumber"":1,""ordinal"":10,""source"":{""method"":""dlss"",""qualityMode"":6,""renderScaleMode"":true},""target"":{""dlssProfile"":""K"",""method"":""dlss"",""qualityMode"":0,""renderScaleMode"":false},""receipt"":""raw/lane-nvidia/pass-1/transitions/10/retained.json"",""timing"":{""beginTick"":501392040697,""cleanupDrainedTick"":501401483939,""clock"":""query_performance_counter"",""dispatchTick"":501392515925,""elapsedFrames"":15,""elapsedMs"":896.8014,""elapsedOrigin"":""qualification_dispatch"",""presentationStableTick"":501399696753,""stableTick"":501401483939,""strictSatisfiedTick"":501401483939,""tickFrequency"":10000000,""timeoutMs"":20000},""milestoneTimings"":{""cleanup"":{""elapsedFrames"":15,""elapsedMs"":896.8014,""frame"":117658,""observed"":true,""tick"":501401483939},""cleanupPrecededPresentation"":false,""cleanupTailFrames"":4,""cleanupTailMs"":178.7186,""presentation"":{""elapsedFrames"":11,""elapsedMs"":718.0828,""frame"":117654,""observed"":true,""tick"":501399696753},""presentationToCleanupFrames"":4,""presentationToCleanupMs"":178.7186,""sameObservation"":false,""strict"":{""elapsedFrames"":15,""elapsedMs"":896.8014,""frame"":117658,""observed"":true,""tick"":501401483939}},""phaseDurations"":{""blockedOrPreparationToFirstPhysicalMutationMs"":3.6938,""dispatchToBlockedOrPreparationMs"":461.8949,""firstNewGenerationToCleanupDrainedMs"":228.2973,""firstPhysicalMutationToFirstNewGenerationMs"":202.9154,""presentationToStrictCompletionMs"":178.7186},""elapsed"":{""cleanupElapsedFrames"":15,""cleanupElapsedMs"":896.8014,""presentationElapsedFrames"":11,""presentationElapsedMs"":718.0828,""strictElapsedFrames"":15,""strictElapsedMs"":896.8014}},{""passNumber"":1,""ordinal"":11,""source"":{""method"":""dlss"",""qualityMode"":0,""renderScaleMode"":false},""target"":{""method"":""taa"",""qualityMode"":0,""renderScaleMode"":false},""receipt"":""raw/lane-nvidia/pass-1/transitions/11/retained.json"",""timing"":{""beginTick"":501452339877,""cleanupDrainedTick"":501457342972,""clock"":""query_performance_counter"",""dispatchTick"":501452775475,""elapsedFrames"":11,""elapsedMs"":456.7497,""elapsedOrigin"":""qualification_dispatch"",""presentationStableTick"":501454481687,""stableTick"":501457342972,""strictSatisfiedTick"":501457342972,""tickFrequency"":10000000,""timeoutMs"":20000},""milestoneTimings"":{""cleanup"":{""elapsedFrames"":11,""elapsedMs"":456.7497,""frame"":117786,""observed"":true,""tick"":501457342972},""cleanupPrecededPresentation"":false,""cleanupTailFrames"":7,""cleanupTailMs"":286.1285,""presentation"":{""elapsedFrames"":4,""elapsedMs"":170.6212,""frame"":117779,""observed"":true,""tick"":501454481687},""presentationToCleanupFrames"":7,""presentationToCleanupMs"":286.1285,""sameObservation"":false,""strict"":{""elapsedFrames"":11,""elapsedMs"":456.7497,""frame"":117786,""observed"":true,""tick"":501457342972}},""phaseDurations"":{""blockedOrPreparationToFirstPhysicalMutationMs"":3.8744,""dispatchToBlockedOrPreparationMs"":126.1874,""firstNewGenerationToCleanupDrainedMs"":286.7147,""firstPhysicalMutationToFirstNewGenerationMs"":39.9732,""presentationToStrictCompletionMs"":286.1285},""elapsed"":{""cleanupElapsedFrames"":11,""cleanupElapsedMs"":456.7497,""presentationElapsedFrames"":4,""presentationElapsedMs"":170.6212,""strictElapsedFrames"":11,""strictElapsedMs"":456.7497}},{""passNumber"":1,""ordinal"":12,""source"":{""method"":""taa"",""qualityMode"":0,""renderScaleMode"":false},""target"":{""method"":""none"",""qualityMode"":0,""renderScaleMode"":false},""receipt"":""raw/lane-nvidia/pass-1/transitions/12/retained.json"",""timing"":{""beginTick"":501507868636,""cleanupDrainedTick"":501509948157,""clock"":""query_performance_counter"",""dispatchTick"":501508287499,""elapsedFrames"":4,""elapsedMs"":166.0658,""elapsedOrigin"":""qualification_dispatch"",""presentationStableTick"":501509948157,""stableTick"":501509948157,""strictSatisfiedTick"":501509948157,""tickFrequency"":10000000,""timeoutMs"":20000},""milestoneTimings"":{""cleanup"":{""elapsedFrames"":4,""elapsedMs"":166.0658,""frame"":117905,""observed"":true,""tick"":501509948157},""cleanupPrecededPresentation"":false,""cleanupTailFrames"":0,""cleanupTailMs"":0,""presentation"":{""elapsedFrames"":4,""elapsedMs"":166.0658,""frame"":117905,""observed"":true,""tick"":501509948157},""presentationToCleanupFrames"":0,""presentationToCleanupMs"":0,""sameObservation"":true,""strict"":{""elapsedFrames"":4,""elapsedMs"":166.0658,""frame"":117905,""observed"":true,""tick"":501509948157}},""phaseDurations"":{""blockedOrPreparationToFirstPhysicalMutationMs"":null,""dispatchToBlockedOrPreparationMs"":166.0658,""firstNewGenerationToCleanupDrainedMs"":null,""firstPhysicalMutationToFirstNewGenerationMs"":null,""presentationToStrictCompletionMs"":0},""elapsed"":{""cleanupElapsedFrames"":4,""cleanupElapsedMs"":166.0658,""presentationElapsedFrames"":4,""presentationElapsedMs"":166.0658,""strictElapsedFrames"":4,""strictElapsedMs"":166.0658}},{""passNumber"":1,""ordinal"":13,""source"":{""method"":""none"",""qualityMode"":0,""renderScaleMode"":false},""target"":{""fsrRuntime"":""fsr3"",""method"":""fsr"",""qualityMode"":0,""renderScaleMode"":false},""receipt"":""raw/lane-nvidia/pass-1/transitions/13/retained.json"",""timing"":{""beginTick"":501560579069,""cleanupDrainedTick"":501568859377,""clock"":""query_performance_counter"",""dispatchTick"":501561019720,""elapsedFrames"":10,""elapsedMs"":783.9657,""elapsedOrigin"":""qualification_dispatch"",""presentationStableTick"":501568859377,""stableTick"":501568859377,""strictSatisfiedTick"":501568859377,""tickFrequency"":10000000,""timeoutMs"":20000},""milestoneTimings"":{""cleanup"":{""elapsedFrames"":10,""elapsedMs"":783.9657,""frame"":118032,""observed"":true,""tick"":501568859377},""cleanupPrecededPresentation"":false,""cleanupTailFrames"":0,""cleanupTailMs"":0,""presentation"":{""elapsedFrames"":10,""elapsedMs"":783.9657,""frame"":118032,""observed"":true,""tick"":501568859377},""presentationToCleanupFrames"":0,""presentationToCleanupMs"":0,""sameObservation"":true,""strict"":{""elapsedFrames"":10,""elapsedMs"":783.9657,""frame"":118032,""observed"":true,""tick"":501568859377}},""phaseDurations"":{""blockedOrPreparationToFirstPhysicalMutationMs"":180.7349,""dispatchToBlockedOrPreparationMs"":430.3535,""firstNewGenerationToCleanupDrainedMs"":49.0675,""firstPhysicalMutationToFirstNewGenerationMs"":123.8098,""presentationToStrictCompletionMs"":0},""elapsed"":{""cleanupElapsedFrames"":10,""cleanupElapsedMs"":783.9657,""presentationElapsedFrames"":10,""presentationElapsedMs"":783.9657,""strictElapsedFrames"":10,""strictElapsedMs"":783.9657}},{""passNumber"":1,""ordinal"":14,""source"":{""method"":""fsr"",""qualityMode"":0,""renderScaleMode"":false},""target"":{""fsrRuntime"":""fsr3"",""method"":""fsr"",""qualityMode"":1,""renderScaleMode"":true},""receipt"":""raw/lane-nvidia/pass-1/transitions/14/retained.json"",""timing"":{""beginTick"":501619365512,""cleanupDrainedTick"":501634300455,""clock"":""query_performance_counter"",""dispatchTick"":501619806920,""elapsedFrames"":28,""elapsedMs"":1505.1655,""elapsedOrigin"":""qualification_dispatch"",""presentationStableTick"":501634858575,""stableTick"":501634858575,""strictSatisfiedTick"":501634858575,""tickFrequency"":10000000,""timeoutMs"":20000},""milestoneTimings"":{""cleanup"":{""elapsedFrames"":27,""elapsedMs"":1449.3535,""frame"":118167,""observed"":true,""tick"":501634300455},""cleanupPrecededPresentation"":true,""cleanupTailFrames"":0,""cleanupTailMs"":0,""presentation"":{""elapsedFrames"":28,""elapsedMs"":1505.1655,""frame"":118168,""observed"":true,""tick"":501634858575},""presentationToCleanupFrames"":-1,""presentationToCleanupMs"":-55.812,""sameObservation"":false,""strict"":{""elapsedFrames"":28,""elapsedMs"":1505.1655,""frame"":118168,""observed"":true,""tick"":501634858575}},""phaseDurations"":{""blockedOrPreparationToFirstPhysicalMutationMs"":318.0175,""dispatchToBlockedOrPreparationMs"":398.9571,""firstNewGenerationToCleanupDrainedMs"":198.3464,""firstPhysicalMutationToFirstNewGenerationMs"":534.0325,""presentationToStrictCompletionMs"":0},""elapsed"":{""cleanupElapsedFrames"":27,""cleanupElapsedMs"":1449.3535,""presentationElapsedFrames"":28,""presentationElapsedMs"":1505.1655,""strictElapsedFrames"":28,""strictElapsedMs"":1505.1655}},{""passNumber"":1,""ordinal"":15,""source"":{""method"":""fsr"",""qualityMode"":1,""renderScaleMode"":true},""target"":{""fsrRuntime"":""fsr3"",""method"":""fsr"",""qualityMode"":2,""renderScaleMode"":true},""receipt"":""raw/lane-nvidia/pass-1/transitions/15/retained.json"",""timing"":{""beginTick"":501685704725,""cleanupDrainedTick"":501694058935,""clock"":""query_performance_counter"",""dispatchTick"":501686266199,""elapsedFrames"":14,""elapsedMs"":779.2736,""elapsedOrigin"":""qualification_dispatch"",""presentationStableTick"":501694058935,""stableTick"":501694058935,""strictSatisfiedTick"":501694058935,""tickFrequency"":10000000,""timeoutMs"":20000},""milestoneTimings"":{""cleanup"":{""elapsedFrames"":14,""elapsedMs"":779.2736,""frame"":118290,""observed"":true,""tick"":501694058935},""cleanupPrecededPresentation"":false,""cleanupTailFrames"":0,""cleanupTailMs"":0,""presentation"":{""elapsedFrames"":14,""elapsedMs"":779.2736,""frame"":118290,""observed"":true,""tick"":501694058935},""presentationToCleanupFrames"":0,""presentationToCleanupMs"":0,""sameObservation"":true,""strict"":{""elapsedFrames"":14,""elapsedMs"":779.2736,""frame"":118290,""observed"":true,""tick"":501694058935}},""phaseDurations"":{""blockedOrPreparationToFirstPhysicalMutationMs"":3.9298,""dispatchToBlockedOrPreparationMs"":424.93,""firstNewGenerationToCleanupDrainedMs"":51.3834,""firstPhysicalMutationToFirstNewGenerationMs"":299.0304,""presentationToStrictCompletionMs"":0},""elapsed"":{""cleanupElapsedFrames"":14,""cleanupElapsedMs"":779.2736,""presentationElapsedFrames"":14,""presentationElapsedMs"":779.2736,""strictElapsedFrames"":14,""strictElapsedMs"":779.2736}},{""passNumber"":1,""ordinal"":16,""source"":{""method"":""fsr"",""qualityMode"":2,""renderScaleMode"":true},""target"":{""fsrRuntime"":""fsr3"",""method"":""fsr"",""qualityMode"":3,""renderScaleMode"":true},""receipt"":""raw/lane-nvidia/pass-1/transitions/16/retained.json"",""timing"":{""beginTick"":501744612474,""cleanupDrainedTick"":501752100351,""clock"":""query_performance_counter"",""dispatchTick"":501745060629,""elapsedFrames"":14,""elapsedMs"":703.9722,""elapsedOrigin"":""qualification_dispatch"",""presentationStableTick"":501752100351,""stableTick"":501752100351,""strictSatisfiedTick"":501752100351,""tickFrequency"":10000000,""timeoutMs"":20000},""milestoneTimings"":{""cleanup"":{""elapsedFrames"":14,""elapsedMs"":703.9722,""frame"":118416,""observed"":true,""tick"":501752100351},""cleanupPrecededPresentation"":false,""cleanupTailFrames"":0,""cleanupTailMs"":0,""presentation"":{""elapsedFrames"":14,""elapsedMs"":703.9722,""frame"":118416,""observed"":true,""tick"":501752100351},""presentationToCleanupFrames"":0,""presentationToCleanupMs"":0,""sameObservation"":true,""strict"":{""elapsedFrames"":14,""elapsedMs"":703.9722,""frame"":118416,""observed"":true,""tick"":501752100351}},""phaseDurations"":{""blockedOrPreparationToFirstPhysicalMutationMs"":4.8764,""dispatchToBlockedOrPreparationMs"":379.0686,""firstNewGenerationToCleanupDrainedMs"":48.6387,""firstPhysicalMutationToFirstNewGenerationMs"":271.3885,""presentationToStrictCompletionMs"":0},""elapsed"":{""cleanupElapsedFrames"":14,""cleanupElapsedMs"":703.9722,""presentationElapsedFrames"":14,""presentationElapsedMs"":703.9722,""strictElapsedFrames"":14,""strictElapsedMs"":703.9722}},{""passNumber"":1,""ordinal"":17,""source"":{""method"":""fsr"",""qualityMode"":3,""renderScaleMode"":true},""target"":{""fsrRuntime"":""fsr3"",""method"":""fsr"",""qualityMode"":4,""renderScaleMode"":true},""receipt"":""raw/lane-nvidia/pass-1/transitions/17/retained.json"",""timing"":{""beginTick"":501802630982,""cleanupDrainedTick"":501810375986,""clock"":""query_performance_counter"",""dispatchTick"":501803149401,""elapsedFrames"":16,""elapsedMs"":821.6209,""elapsedOrigin"":""qualification_dispatch"",""presentationStableTick"":501811365610,""stableTick"":501811365610,""strictSatisfiedTick"":501811365610,""tickFrequency"":10000000,""timeoutMs"":20000},""milestoneTimings"":{""cleanup"":{""elapsedFrames"":14,""elapsedMs"":722.6585,""frame"":118541,""observed"":true,""tick"":501810375986},""cleanupPrecededPresentation"":true,""cleanupTailFrames"":0,""cleanupTailMs"":0,""presentation"":{""elapsedFrames"":16,""elapsedMs"":821.6209,""frame"":118543,""observed"":true,""tick"":501811365610},""presentationToCleanupFrames"":-2,""presentationToCleanupMs"":-98.9624,""sameObservation"":false,""strict"":{""elapsedFrames"":16,""elapsedMs"":821.6209,""frame"":118543,""observed"":true,""tick"":501811365610}},""phaseDurations"":{""blockedOrPreparationToFirstPhysicalMutationMs"":4.3791,""dispatchToBlockedOrPreparationMs"":413.067,""firstNewGenerationToCleanupDrainedMs"":44.5909,""firstPhysicalMutationToFirstNewGenerationMs"":260.6215,""presentationToStrictCompletionMs"":0},""elapsed"":{""cleanupElapsedFrames"":14,""cleanupElapsedMs"":722.6585,""presentationElapsedFrames"":16,""presentationElapsedMs"":821.6209,""strictElapsedFrames"":16,""strictElapsedMs"":821.6209}},{""passNumber"":1,""ordinal"":18,""source"":{""method"":""fsr"",""qualityMode"":4,""renderScaleMode"":true},""target"":{""fsrRuntime"":""fsr3"",""method"":""fsr"",""qualityMode"":5,""renderScaleMode"":true},""receipt"":""raw/lane-nvidia/pass-1/transitions/18/retained.json"",""timing"":{""beginTick"":501862021444,""cleanupDrainedTick"":501869404225,""clock"":""query_performance_counter"",""dispatchTick"":501862483033,""elapsedFrames"":16,""elapsedMs"":786.2565,""elapsedOrigin"":""qualification_dispatch"",""presentationStableTick"":501870345598,""stableTick"":501870345598,""strictSatisfiedTick"":501870345598,""tickFrequency"":10000000,""timeoutMs"":20000},""milestoneTimings"":{""cleanup"":{""elapsedFrames"":14,""elapsedMs"":692.1192,""frame"":118668,""observed"":true,""tick"":501869404225},""cleanupPrecededPresentation"":true,""cleanupTailFrames"":0,""cleanupTailMs"":0,""presentation"":{""elapsedFrames"":16,""elapsedMs"":786.2565,""frame"":118670,""observed"":true,""tick"":501870345598},""presentationToCleanupFrames"":-2,""presentationToCleanupMs"":-94.1373,""sameObservation"":false,""strict"":{""elapsedFrames"":16,""elapsedMs"":786.2565,""frame"":118670,""observed"":true,""tick"":501870345598}},""phaseDurations"":{""blockedOrPreparationToFirstPhysicalMutationMs"":4.8585,""dispatchToBlockedOrPreparationMs"":384.8691,""firstNewGenerationToCleanupDrainedMs"":50.0843,""firstPhysicalMutationToFirstNewGenerationMs"":252.3073,""presentationToStrictCompletionMs"":0},""elapsed"":{""cleanupElapsedFrames"":14,""cleanupElapsedMs"":692.1192,""presentationElapsedFrames"":16,""presentationElapsedMs"":786.2565,""strictElapsedFrames"":16,""strictElapsedMs"":786.2565}},{""passNumber"":1,""ordinal"":19,""source"":{""method"":""fsr"",""qualityMode"":5,""renderScaleMode"":true},""target"":{""fsrRuntime"":""fsr3"",""method"":""fsr"",""qualityMode"":6,""renderScaleMode"":true},""receipt"":""raw/lane-nvidia/pass-1/transitions/19/retained.json"",""timing"":{""beginTick"":501921172331,""cleanupDrainedTick"":501928271948,""clock"":""query_performance_counter"",""dispatchTick"":501921618198,""elapsedFrames"":15,""elapsedMs"":719.5573,""elapsedOrigin"":""qualification_dispatch"",""presentationStableTick"":501928813771,""stableTick"":501928813771,""strictSatisfiedTick"":501928813771,""tickFrequency"":10000000,""timeoutMs"":20000},""milestoneTimings"":{""cleanup"":{""elapsedFrames"":14,""elapsedMs"":665.375,""frame"":118795,""observed"":true,""tick"":501928271948},""cleanupPrecededPresentation"":true,""cleanupTailFrames"":0,""cleanupTailMs"":0,""presentation"":{""elapsedFrames"":15,""elapsedMs"":719.5573,""frame"":118796,""observed"":true,""tick"":501928813771},""presentationToCleanupFrames"":-1,""presentationToCleanupMs"":-54.1823,""sameObservation"":false,""strict"":{""elapsedFrames"":15,""elapsedMs"":719.5573,""frame"":118796,""observed"":true,""tick"":501928813771}},""phaseDurations"":{""blockedOrPreparationToFirstPhysicalMutationMs"":4.2747,""dispatchToBlockedOrPreparationMs"":367.1338,""firstNewGenerationToCleanupDrainedMs"":42.0458,""firstPhysicalMutationToFirstNewGenerationMs"":251.9207,""presentationToStrictCompletionMs"":0},""elapsed"":{""cleanupElapsedFrames"":14,""cleanupElapsedMs"":665.375,""presentationElapsedFrames"":15,""presentationElapsedMs"":719.5573,""strictElapsedFrames"":15,""strictElapsedMs"":719.5573}},{""passNumber"":1,""ordinal"":20,""source"":{""method"":""fsr"",""qualityMode"":6,""renderScaleMode"":true},""target"":{""fsrRuntime"":""fsr3"",""method"":""fsr"",""qualityMode"":0,""renderScaleMode"":false},""receipt"":""raw/lane-nvidia/pass-1/transitions/20/retained.json"",""timing"":{""beginTick"":501979331574,""cleanupDrainedTick"":501990136724,""clock"":""query_performance_counter"",""dispatchTick"":501979754930,""elapsedFrames"":20,""elapsedMs"":1038.1794,""elapsedOrigin"":""qualification_dispatch"",""presentationStableTick"":501988366427,""stableTick"":501990136724,""strictSatisfiedTick"":501990136724,""tickFrequency"":10000000,""timeoutMs"":20000},""milestoneTimings"":{""cleanup"":{""elapsedFrames"":20,""elapsedMs"":1038.1794,""frame"":118933,""observed"":true,""tick"":501990136724},""cleanupPrecededPresentation"":false,""cleanupTailFrames"":4,""cleanupTailMs"":177.0297,""presentation"":{""elapsedFrames"":16,""elapsedMs"":861.1497,""frame"":118929,""observed"":true,""tick"":501988366427},""presentationToCleanupFrames"":4,""presentationToCleanupMs"":177.0297,""sameObservation"":false,""strict"":{""elapsedFrames"":20,""elapsedMs"":1038.1794,""frame"":118933,""observed"":true,""tick"":501990136724}},""phaseDurations"":{""blockedOrPreparationToFirstPhysicalMutationMs"":280.2918,""dispatchToBlockedOrPreparationMs"":411.3575,""firstNewGenerationToCleanupDrainedMs"":223.8391,""firstPhysicalMutationToFirstNewGenerationMs"":122.691,""presentationToStrictCompletionMs"":177.0297},""elapsed"":{""cleanupElapsedFrames"":20,""cleanupElapsedMs"":1038.1794,""presentationElapsedFrames"":16,""presentationElapsedMs"":861.1497,""strictElapsedFrames"":20,""strictElapsedMs"":1038.1794}},{""passNumber"":1,""ordinal"":21,""source"":{""method"":""fsr"",""qualityMode"":0,""renderScaleMode"":false},""target"":{""method"":""taa"",""qualityMode"":0,""renderScaleMode"":false},""receipt"":""raw/lane-nvidia/pass-1/transitions/21/retained.json"",""timing"":{""beginTick"":502041035019,""cleanupDrainedTick"":502046244889,""clock"":""query_performance_counter"",""dispatchTick"":502041507971,""elapsedFrames"":11,""elapsedMs"":473.6918,""elapsedOrigin"":""qualification_dispatch"",""presentationStableTick"":502043580790,""stableTick"":502046244889,""strictSatisfiedTick"":502046244889,""tickFrequency"":10000000,""timeoutMs"":20000},""milestoneTimings"":{""cleanup"":{""elapsedFrames"":11,""elapsedMs"":473.6918,""frame"":119058,""observed"":true,""tick"":502046244889},""cleanupPrecededPresentation"":false,""cleanupTailFrames"":7,""cleanupTailMs"":266.4099,""presentation"":{""elapsedFrames"":4,""elapsedMs"":207.2819,""frame"":119051,""observed"":true,""tick"":502043580790},""presentationToCleanupFrames"":7,""presentationToCleanupMs"":266.4099,""sameObservation"":false,""strict"":{""elapsedFrames"":11,""elapsedMs"":473.6918,""frame"":119058,""observed"":true,""tick"":502046244889}},""phaseDurations"":{""blockedOrPreparationToFirstPhysicalMutationMs"":null,""dispatchToBlockedOrPreparationMs"":139.3285,""firstNewGenerationToCleanupDrainedMs"":null,""firstPhysicalMutationToFirstNewGenerationMs"":null,""presentationToStrictCompletionMs"":266.4099},""elapsed"":{""cleanupElapsedFrames"":11,""cleanupElapsedMs"":473.6918,""presentationElapsedFrames"":4,""presentationElapsedMs"":207.2819,""strictElapsedFrames"":11,""strictElapsedMs"":473.6918}},{""passNumber"":1,""ordinal"":22,""source"":{""method"":""taa"",""qualityMode"":0,""renderScaleMode"":false},""target"":{""method"":""none"",""qualityMode"":0,""renderScaleMode"":false},""receipt"":""raw/lane-nvidia/pass-1/transitions/22/retained.json"",""timing"":{""beginTick"":502096921286,""cleanupDrainedTick"":502099013369,""clock"":""query_performance_counter"",""dispatchTick"":502097343769,""elapsedFrames"":4,""elapsedMs"":166.96,""elapsedOrigin"":""qualification_dispatch"",""presentationStableTick"":502099013369,""stableTick"":502099013369,""strictSatisfiedTick"":502099013369,""tickFrequency"":10000000,""timeoutMs"":20000},""milestoneTimings"":{""cleanup"":{""elapsedFrames"":4,""elapsedMs"":166.96,""frame"":119179,""observed"":true,""tick"":502099013369},""cleanupPrecededPresentation"":false,""cleanupTailFrames"":0,""cleanupTailMs"":0,""presentation"":{""elapsedFrames"":4,""elapsedMs"":166.96,""frame"":119179,""observed"":true,""tick"":502099013369},""presentationToCleanupFrames"":0,""presentationToCleanupMs"":0,""sameObservation"":true,""strict"":{""elapsedFrames"":4,""elapsedMs"":166.96,""frame"":119179,""observed"":true,""tick"":502099013369}},""phaseDurations"":{""blockedOrPreparationToFirstPhysicalMutationMs"":null,""dispatchToBlockedOrPreparationMs"":166.96,""firstNewGenerationToCleanupDrainedMs"":null,""firstPhysicalMutationToFirstNewGenerationMs"":null,""presentationToStrictCompletionMs"":0},""elapsed"":{""cleanupElapsedFrames"":4,""cleanupElapsedMs"":166.96,""presentationElapsedFrames"":4,""presentationElapsedMs"":166.96,""strictElapsedFrames"":4,""strictElapsedMs"":166.96}},{""passNumber"":1,""ordinal"":23,""source"":{""method"":""none"",""qualityMode"":0,""renderScaleMode"":false},""target"":{""dlssProfile"":""K"",""method"":""dlss"",""qualityMode"":0,""renderScaleMode"":false},""receipt"":""raw/lane-nvidia/pass-1/transitions/23/retained.json"",""timing"":{""beginTick"":502149582907,""cleanupDrainedTick"":502152461536,""clock"":""query_performance_counter"",""dispatchTick"":502149997477,""elapsedFrames"":4,""elapsedMs"":246.4059,""elapsedOrigin"":""qualification_dispatch"",""presentationStableTick"":502152461536,""stableTick"":502152461536,""strictSatisfiedTick"":502152461536,""tickFrequency"":10000000,""timeoutMs"":20000},""milestoneTimings"":{""cleanup"":{""elapsedFrames"":4,""elapsedMs"":246.4059,""frame"":119302,""observed"":true,""tick"":502152461536},""cleanupPrecededPresentation"":false,""cleanupTailFrames"":0,""cleanupTailMs"":0,""presentation"":{""elapsedFrames"":4,""elapsedMs"":246.4059,""frame"":119302,""observed"":true,""tick"":502152461536},""presentationToCleanupFrames"":0,""presentationToCleanupMs"":0,""sameObservation"":true,""strict"":{""elapsedFrames"":4,""elapsedMs"":246.4059,""frame"":119302,""observed"":true,""tick"":502152461536}},""phaseDurations"":{""blockedOrPreparationToFirstPhysicalMutationMs"":null,""dispatchToBlockedOrPreparationMs"":246.4059,""firstNewGenerationToCleanupDrainedMs"":null,""firstPhysicalMutationToFirstNewGenerationMs"":null,""presentationToStrictCompletionMs"":0},""elapsed"":{""cleanupElapsedFrames"":4,""cleanupElapsedMs"":246.4059,""presentationElapsedFrames"":4,""presentationElapsedMs"":246.4059,""strictElapsedFrames"":4,""strictElapsedMs"":246.4059}},{""passNumber"":1,""ordinal"":24,""source"":{""method"":""dlss"",""qualityMode"":0,""renderScaleMode"":false},""target"":{""fsrRuntime"":""fsr3"",""method"":""fsr"",""qualityMode"":0,""renderScaleMode"":false},""receipt"":""raw/lane-nvidia/pass-1/transitions/24/retained.json"",""timing"":{""beginTick"":502203007279,""cleanupDrainedTick"":502211802845,""clock"":""query_performance_counter"",""dispatchTick"":502203475629,""elapsedFrames"":15,""elapsedMs"":832.7216,""elapsedOrigin"":""qualification_dispatch"",""presentationStableTick"":502210058622,""stableTick"":502211802845,""strictSatisfiedTick"":502211802845,""tickFrequency"":10000000,""timeoutMs"":20000},""milestoneTimings"":{""cleanup"":{""elapsedFrames"":15,""elapsedMs"":832.7216,""frame"":119432,""observed"":true,""tick"":502211802845},""cleanupPrecededPresentation"":false,""cleanupTailFrames"":4,""cleanupTailMs"":174.4223,""presentation"":{""elapsedFrames"":11,""elapsedMs"":658.2993,""frame"":119428,""observed"":true,""tick"":502210058622},""presentationToCleanupFrames"":4,""presentationToCleanupMs"":174.4223,""sameObservation"":false,""strict"":{""elapsedFrames"":15,""elapsedMs"":832.7216,""frame"":119432,""observed"":true,""tick"":502211802845}},""phaseDurations"":{""blockedOrPreparationToFirstPhysicalMutationMs"":4.6018,""dispatchToBlockedOrPreparationMs"":460.0268,""firstNewGenerationToCleanupDrainedMs"":218.25,""firstPhysicalMutationToFirstNewGenerationMs"":149.843,""presentationToStrictCompletionMs"":174.4223},""elapsed"":{""cleanupElapsedFrames"":15,""cleanupElapsedMs"":832.7216,""presentationElapsedFrames"":11,""presentationElapsedMs"":658.2993,""strictElapsedFrames"":15,""strictElapsedMs"":832.7216}},{""passNumber"":1,""ordinal"":25,""source"":{""method"":""fsr"",""qualityMode"":0,""renderScaleMode"":false},""target"":{""dlssProfile"":""K"",""method"":""dlss"",""qualityMode"":1,""renderScaleMode"":true},""receipt"":""raw/lane-nvidia/pass-1/transitions/25/retained.json"",""timing"":{""beginTick"":502262400316,""cleanupDrainedTick"":502281658167,""clock"":""query_performance_counter"",""dispatchTick"":502262846806,""elapsedFrames"":34,""elapsedMs"":2002.0543,""elapsedOrigin"":""qualification_dispatch"",""presentationStableTick"":502280097298,""stableTick"":502282867349,""strictSatisfiedTick"":502282867349,""tickFrequency"":10000000,""timeoutMs"":20000},""milestoneTimings"":{""cleanup"":{""elapsedFrames"":33,""elapsedMs"":1881.1361,""frame"":119575,""observed"":true,""tick"":502281658167},""cleanupPrecededPresentation"":false,""cleanupTailFrames"":2,""cleanupTailMs"":156.0869,""presentation"":{""elapsedFrames"":31,""elapsedMs"":1725.0492,""frame"":119573,""observed"":true,""tick"":502280097298},""presentationToCleanupFrames"":2,""presentationToCleanupMs"":156.0869,""sameObservation"":false,""strict"":{""elapsedFrames"":34,""elapsedMs"":2002.0543,""frame"":119576,""observed"":true,""tick"":502282867349}},""phaseDurations"":{""blockedOrPreparationToFirstPhysicalMutationMs"":679.5562,""dispatchToBlockedOrPreparationMs"":475.0454,""firstNewGenerationToCleanupDrainedMs"":204.5581,""firstPhysicalMutationToFirstNewGenerationMs"":521.9764,""presentationToStrictCompletionMs"":277.0051},""elapsed"":{""cleanupElapsedFrames"":33,""cleanupElapsedMs"":1881.1361,""presentationElapsedFrames"":31,""presentationElapsedMs"":1725.0492,""strictElapsedFrames"":34,""strictElapsedMs"":2002.0543}},{""passNumber"":1,""ordinal"":26,""source"":{""method"":""dlss"",""qualityMode"":1,""renderScaleMode"":true},""target"":{""fsrRuntime"":""fsr3"",""method"":""fsr"",""qualityMode"":1,""renderScaleMode"":true},""receipt"":""raw/lane-nvidia/pass-1/transitions/26/retained.json"",""timing"":{""beginTick"":502333910083,""cleanupDrainedTick"":502343275249,""clock"":""query_performance_counter"",""dispatchTick"":502334318115,""elapsedFrames"":18,""elapsedMs"":941.7102,""elapsedOrigin"":""qualification_dispatch"",""presentationStableTick"":502343735217,""stableTick"":502343735217,""strictSatisfiedTick"":502343735217,""tickFrequency"":10000000,""timeoutMs"":20000},""milestoneTimings"":{""cleanup"":{""elapsedFrames"":17,""elapsedMs"":895.7134,""frame"":119705,""observed"":true,""tick"":502343275249},""cleanupPrecededPresentation"":true,""cleanupTailFrames"":0,""cleanupTailMs"":0,""presentation"":{""elapsedFrames"":18,""elapsedMs"":941.7102,""frame"":119706,""observed"":true,""tick"":502343735217},""presentationToCleanupFrames"":-1,""presentationToCleanupMs"":-45.9968,""sameObservation"":false,""strict"":{""elapsedFrames"":18,""elapsedMs"":941.7102,""frame"":119706,""observed"":true,""tick"":502343735217}},""phaseDurations"":{""blockedOrPreparationToFirstPhysicalMutationMs"":4.0934,""dispatchToBlockedOrPreparationMs"":406.7328,""firstNewGenerationToCleanupDrainedMs"":173.7154,""firstPhysicalMutationToFirstNewGenerationMs"":311.1718,""presentationToStrictCompletionMs"":0},""elapsed"":{""cleanupElapsedFrames"":17,""cleanupElapsedMs"":895.7134,""presentationElapsedFrames"":18,""presentationElapsedMs"":941.7102,""strictElapsedFrames"":18,""strictElapsedMs"":941.7102}},{""passNumber"":1,""ordinal"":27,""source"":{""method"":""fsr"",""qualityMode"":1,""renderScaleMode"":true},""target"":{""method"":""none"",""qualityMode"":0,""renderScaleMode"":false},""receipt"":""raw/lane-nvidia/pass-1/transitions/27/retained.json"",""timing"":{""beginTick"":502394204728,""cleanupDrainedTick"":502402110480,""clock"":""query_performance_counter"",""dispatchTick"":502394645650,""elapsedFrames"":15,""elapsedMs"":746.483,""elapsedOrigin"":""qualification_dispatch"",""presentationStableTick"":502399694231,""stableTick"":502402110480,""strictSatisfiedTick"":502402110480,""tickFrequency"":10000000,""timeoutMs"":20000},""milestoneTimings"":{""cleanup"":{""elapsedFrames"":15,""elapsedMs"":746.483,""frame"":119835,""observed"":true,""tick"":502402110480},""cleanupPrecededPresentation"":false,""cleanupTailFrames"":5,""cleanupTailMs"":241.6249,""presentation"":{""elapsedFrames"":10,""elapsedMs"":504.8581,""frame"":119830,""observed"":true,""tick"":502399694231},""presentationToCleanupFrames"":5,""presentationToCleanupMs"":241.6249,""sameObservation"":false,""strict"":{""elapsedFrames"":15,""elapsedMs"":746.483,""frame"":119835,""observed"":true,""tick"":502402110480}},""phaseDurations"":{""blockedOrPreparationToFirstPhysicalMutationMs"":4.268,""dispatchToBlockedOrPreparationMs"":352.1712,""firstNewGenerationToCleanupDrainedMs"":241.9642,""firstPhysicalMutationToFirstNewGenerationMs"":148.0796,""presentationToStrictCompletionMs"":241.6249},""elapsed"":{""cleanupElapsedFrames"":15,""cleanupElapsedMs"":746.483,""presentationElapsedFrames"":10,""presentationElapsedMs"":504.8581,""strictElapsedFrames"":15,""strictElapsedMs"":746.483}},{""passNumber"":1,""ordinal"":28,""source"":{""method"":""none"",""qualityMode"":0,""renderScaleMode"":false},""target"":{""fsrRuntime"":""fsr3"",""method"":""fsr"",""qualityMode"":6,""renderScaleMode"":true},""receipt"":""raw/lane-nvidia/pass-1/transitions/28/retained.json"",""timing"":{""beginTick"":502452740502,""cleanupDrainedTick"":502461787708,""clock"":""query_performance_counter"",""dispatchTick"":502453185462,""elapsedFrames"":16,""elapsedMs"":906.0903,""elapsedOrigin"":""qualification_dispatch"",""presentationStableTick"":502462246365,""stableTick"":502462246365,""strictSatisfiedTick"":502462246365,""tickFrequency"":10000000,""timeoutMs"":20000},""milestoneTimings"":{""cleanup"":{""elapsedFrames"":15,""elapsedMs"":860.2246,""frame"":119967,""observed"":true,""tick"":502461787708},""cleanupPrecededPresentation"":true,""cleanupTailFrames"":0,""cleanupTailMs"":0,""presentation"":{""elapsedFrames"":16,""elapsedMs"":906.0903,""frame"":119968,""observed"":true,""tick"":502462246365},""presentationToCleanupFrames"":-1,""presentationToCleanupMs"":-45.8657,""sameObservation"":false,""strict"":{""elapsedFrames"":16,""elapsedMs"":906.0903,""frame"":119968,""observed"":true,""tick"":502462246365}},""phaseDurations"":{""blockedOrPreparationToFirstPhysicalMutationMs"":4.4054,""dispatchToBlockedOrPreparationMs"":411.1612,""firstNewGenerationToCleanupDrainedMs"":165.4205,""firstPhysicalMutationToFirstNewGenerationMs"":279.2375,""presentationToStrictCompletionMs"":0},""elapsed"":{""cleanupElapsedFrames"":15,""cleanupElapsedMs"":860.2246,""presentationElapsedFrames"":16,""presentationElapsedMs"":906.0903,""strictElapsedFrames"":16,""strictElapsedMs"":906.0903}},{""passNumber"":1,""ordinal"":29,""source"":{""method"":""fsr"",""qualityMode"":6,""renderScaleMode"":true},""target"":{""dlssProfile"":""K"",""method"":""dlss"",""qualityMode"":6,""renderScaleMode"":true},""receipt"":""raw/lane-nvidia/pass-1/transitions/29/retained.json"",""timing"":{""beginTick"":502512915508,""cleanupDrainedTick"":502530887440,""clock"":""query_performance_counter"",""dispatchTick"":502513330225,""elapsedFrames"":34,""elapsedMs"":1850.8677,""elapsedOrigin"":""qualification_dispatch"",""presentationStableTick"":502529448956,""stableTick"":502531838902,""strictSatisfiedTick"":502531838902,""tickFrequency"":10000000,""timeoutMs"":20000},""milestoneTimings"":{""cleanup"":{""elapsedFrames"":33,""elapsedMs"":1755.7215,""frame"":120119,""observed"":true,""tick"":502530887440},""cleanupPrecededPresentation"":false,""cleanupTailFrames"":2,""cleanupTailMs"":143.8484,""presentation"":{""elapsedFrames"":31,""elapsedMs"":1611.8731,""frame"":120117,""observed"":true,""tick"":502529448956},""presentationToCleanupFrames"":2,""presentationToCleanupMs"":143.8484,""sameObservation"":false,""strict"":{""elapsedFrames"":34,""elapsedMs"":1850.8677,""frame"":120120,""observed"":true,""tick"":502531838902}},""phaseDurations"":{""blockedOrPreparationToFirstPhysicalMutationMs"":670.17,""dispatchToBlockedOrPreparationMs"":405.6538,""firstNewGenerationToCleanupDrainedMs"":191.0285,""firstPhysicalMutationToFirstNewGenerationMs"":488.8692,""presentationToStrictCompletionMs"":238.9946},""elapsed"":{""cleanupElapsedFrames"":33,""cleanupElapsedMs"":1755.7215,""presentationElapsedFrames"":31,""presentationElapsedMs"":1611.8731,""strictElapsedFrames"":34,""strictElapsedMs"":1850.8677}},{""passNumber"":1,""ordinal"":30,""source"":{""method"":""dlss"",""qualityMode"":6,""renderScaleMode"":true},""target"":{""method"":""taa"",""qualityMode"":0,""renderScaleMode"":false},""receipt"":""raw/lane-nvidia/pass-1/transitions/30/retained.json"",""timing"":{""beginTick"":502582710184,""cleanupDrainedTick"":502591075340,""clock"":""query_performance_counter"",""dispatchTick"":502583177021,""elapsedFrames"":16,""elapsedMs"":789.8319,""elapsedOrigin"":""qualification_dispatch"",""presentationStableTick"":502588637196,""stableTick"":502591075340,""strictSatisfiedTick"":502591075340,""tickFrequency"":10000000,""timeoutMs"":20000},""milestoneTimings"":{""cleanup"":{""elapsedFrames"":16,""elapsedMs"":789.8319,""frame"":120255,""observed"":true,""tick"":502591075340},""cleanupPrecededPresentation"":false,""cleanupTailFrames"":5,""cleanupTailMs"":243.8144,""presentation"":{""elapsedFrames"":11,""elapsedMs"":546.0175,""frame"":120250,""observed"":true,""tick"":502588637196},""presentationToCleanupFrames"":5,""presentationToCleanupMs"":243.8144,""sameObservation"":false,""strict"":{""elapsedFrames"":16,""elapsedMs"":789.8319,""frame"":120255,""observed"":true,""tick"":502591075340}},""phaseDurations"":{""blockedOrPreparationToFirstPhysicalMutationMs"":3.933,""dispatchToBlockedOrPreparationMs"":420.6511,""firstNewGenerationToCleanupDrainedMs"":244.3586,""firstPhysicalMutationToFirstNewGenerationMs"":120.8892,""presentationToStrictCompletionMs"":243.8144},""elapsed"":{""cleanupElapsedFrames"":16,""cleanupElapsedMs"":789.8319,""presentationElapsedFrames"":11,""presentationElapsedMs"":546.0175,""strictElapsedFrames"":16,""strictElapsedMs"":789.8319}},{""passNumber"":1,""ordinal"":31,""source"":{""method"":""taa"",""qualityMode"":0,""renderScaleMode"":false},""target"":{""fsrRuntime"":""fsr3"",""method"":""fsr"",""qualityMode"":0,""renderScaleMode"":false},""receipt"":""raw/lane-nvidia/pass-1/transitions/31/retained.json"",""timing"":{""beginTick"":502641716551,""cleanupDrainedTick"":502648011801,""clock"":""query_performance_counter"",""dispatchTick"":502642124112,""elapsedFrames"":10,""elapsedMs"":588.7689,""elapsedOrigin"":""qualification_dispatch"",""presentationStableTick"":502648011801,""stableTick"":502648011801,""strictSatisfiedTick"":502648011801,""tickFrequency"":10000000,""timeoutMs"":20000},""milestoneTimings"":{""cleanup"":{""elapsedFrames"":10,""elapsedMs"":588.7689,""frame"":120378,""observed"":true,""tick"":502648011801},""cleanupPrecededPresentation"":false,""cleanupTailFrames"":0,""cleanupTailMs"":0,""presentation"":{""elapsedFrames"":10,""elapsedMs"":588.7689,""frame"":120378,""observed"":true,""tick"":502648011801},""presentationToCleanupFrames"":0,""presentationToCleanupMs"":0,""sameObservation"":true,""strict"":{""elapsedFrames"":10,""elapsedMs"":588.7689,""frame"":120378,""observed"":true,""tick"":502648011801}},""phaseDurations"":{""blockedOrPreparationToFirstPhysicalMutationMs"":53.841,""dispatchToBlockedOrPreparationMs"":401.4359,""firstNewGenerationToCleanupDrainedMs"":42.974,""firstPhysicalMutationToFirstNewGenerationMs"":90.518,""presentationToStrictCompletionMs"":0},""elapsed"":{""cleanupElapsedFrames"":10,""cleanupElapsedMs"":588.7689,""presentationElapsedFrames"":10,""presentationElapsedMs"":588.7689,""strictElapsedFrames"":10,""strictElapsedMs"":588.7689}},{""passNumber"":1,""ordinal"":32,""source"":{""method"":""fsr"",""qualityMode"":0,""renderScaleMode"":false},""target"":{""method"":""none"",""qualityMode"":0,""renderScaleMode"":false},""receipt"":""raw/lane-nvidia/pass-1/transitions/32/retained.json"",""timing"":{""beginTick"":502698760923,""cleanupDrainedTick"":502703752579,""clock"":""query_performance_counter"",""dispatchTick"":502699176400,""elapsedFrames"":11,""elapsedMs"":457.6179,""elapsedOrigin"":""qualification_dispatch"",""presentationStableTick"":502701190635,""stableTick"":502703752579,""strictSatisfiedTick"":502703752579,""tickFrequency"":10000000,""timeoutMs"":20000},""milestoneTimings"":{""cleanup"":{""elapsedFrames"":11,""elapsedMs"":457.6179,""frame"":120504,""observed"":true,""tick"":502703752579},""cleanupPrecededPresentation"":false,""cleanupTailFrames"":7,""cleanupTailMs"":256.1944,""presentation"":{""elapsedFrames"":4,""elapsedMs"":201.4235,""frame"":120497,""observed"":true,""tick"":502701190635},""presentationToCleanupFrames"":7,""presentationToCleanupMs"":256.1944,""sameObservation"":false,""strict"":{""elapsedFrames"":11,""elapsedMs"":457.6179,""frame"":120504,""observed"":true,""tick"":502703752579}},""phaseDurations"":{""blockedOrPreparationToFirstPhysicalMutationMs"":null,""dispatchToBlockedOrPreparationMs"":140.1927,""firstNewGenerationToCleanupDrainedMs"":null,""firstPhysicalMutationToFirstNewGenerationMs"":null,""presentationToStrictCompletionMs"":256.1944},""elapsed"":{""cleanupElapsedFrames"":11,""cleanupElapsedMs"":457.6179,""presentationElapsedFrames"":4,""presentationElapsedMs"":201.4235,""strictElapsedFrames"":11,""strictElapsedMs"":457.6179}},{""passNumber"":1,""ordinal"":33,""source"":{""method"":""none"",""qualityMode"":0,""renderScaleMode"":false},""target"":{""dlssProfile"":""K"",""method"":""dlss"",""qualityMode"":0,""renderScaleMode"":false},""receipt"":""raw/lane-nvidia/pass-1/transitions/33/retained.json"",""timing"":{""beginTick"":502754565792,""cleanupDrainedTick"":502758029634,""clock"":""query_performance_counter"",""dispatchTick"":502754975022,""elapsedFrames"":5,""elapsedMs"":305.4612,""elapsedOrigin"":""qualification_dispatch"",""presentationStableTick"":502758029634,""stableTick"":502758029634,""strictSatisfiedTick"":502758029634,""tickFrequency"":10000000,""timeoutMs"":20000},""milestoneTimings"":{""cleanup"":{""elapsedFrames"":5,""elapsedMs"":305.4612,""frame"":120624,""observed"":true,""tick"":502758029634},""cleanupPrecededPresentation"":false,""cleanupTailFrames"":0,""cleanupTailMs"":0,""presentation"":{""elapsedFrames"":5,""elapsedMs"":305.4612,""frame"":120624,""observed"":true,""tick"":502758029634},""presentationToCleanupFrames"":0,""presentationToCleanupMs"":0,""sameObservation"":true,""strict"":{""elapsedFrames"":5,""elapsedMs"":305.4612,""frame"":120624,""observed"":true,""tick"":502758029634}},""phaseDurations"":{""blockedOrPreparationToFirstPhysicalMutationMs"":null,""dispatchToBlockedOrPreparationMs"":305.4612,""firstNewGenerationToCleanupDrainedMs"":null,""firstPhysicalMutationToFirstNewGenerationMs"":null,""presentationToStrictCompletionMs"":0},""elapsed"":{""cleanupElapsedFrames"":5,""cleanupElapsedMs"":305.4612,""presentationElapsedFrames"":5,""presentationElapsedMs"":305.4612,""strictElapsedFrames"":5,""strictElapsedMs"":305.4612}},{""passNumber"":2,""ordinal"":1,""source"":{""method"":""dlss"",""qualityMode"":1,""renderScaleMode"":true},""target"":{""method"":""none"",""qualityMode"":0,""renderScaleMode"":false},""receipt"":""raw/lane-nvidia/pass-2/transitions/01/retained.json"",""timing"":{""beginTick"":502939451961,""cleanupDrainedTick"":502948104685,""clock"":""query_performance_counter"",""dispatchTick"":502940367478,""elapsedFrames"":14,""elapsedMs"":773.7207,""elapsedOrigin"":""qualification_dispatch"",""presentationStableTick"":502945720656,""stableTick"":502948104685,""strictSatisfiedTick"":502948104685,""tickFrequency"":10000000,""timeoutMs"":20000},""milestoneTimings"":{""cleanup"":{""elapsedFrames"":14,""elapsedMs"":773.7207,""frame"":121023,""observed"":true,""tick"":502948104685},""cleanupPrecededPresentation"":false,""cleanupTailFrames"":5,""cleanupTailMs"":238.4029,""presentation"":{""elapsedFrames"":9,""elapsedMs"":535.3178,""frame"":121018,""observed"":true,""tick"":502945720656},""presentationToCleanupFrames"":5,""presentationToCleanupMs"":238.4029,""sameObservation"":false,""strict"":{""elapsedFrames"":14,""elapsedMs"":773.7207,""frame"":121023,""observed"":true,""tick"":502948104685}},""phaseDurations"":{""blockedOrPreparationToFirstPhysicalMutationMs"":3.9689,""dispatchToBlockedOrPreparationMs"":394.0436,""firstNewGenerationToCleanupDrainedMs"":238.8614,""firstPhysicalMutationToFirstNewGenerationMs"":136.8468,""presentationToStrictCompletionMs"":238.4029},""elapsed"":{""cleanupElapsedFrames"":14,""cleanupElapsedMs"":773.7207,""presentationElapsedFrames"":9,""presentationElapsedMs"":535.3178,""strictElapsedFrames"":14,""strictElapsedMs"":773.7207}},{""passNumber"":2,""ordinal"":2,""source"":{""method"":""none"",""qualityMode"":0,""renderScaleMode"":false},""target"":{""method"":""taa"",""qualityMode"":0,""renderScaleMode"":false},""receipt"":""raw/lane-nvidia/pass-2/transitions/02/retained.json"",""timing"":{""beginTick"":502998546453,""cleanupDrainedTick"":503000830074,""clock"":""query_performance_counter"",""dispatchTick"":502998973646,""elapsedFrames"":4,""elapsedMs"":185.6428,""elapsedOrigin"":""qualification_dispatch"",""presentationStableTick"":503000830074,""stableTick"":503000830074,""strictSatisfiedTick"":503000830074,""tickFrequency"":10000000,""timeoutMs"":20000},""milestoneTimings"":{""cleanup"":{""elapsedFrames"":4,""elapsedMs"":185.6428,""frame"":121141,""observed"":true,""tick"":503000830074},""cleanupPrecededPresentation"":false,""cleanupTailFrames"":0,""cleanupTailMs"":0,""presentation"":{""elapsedFrames"":4,""elapsedMs"":185.6428,""frame"":121141,""observed"":true,""tick"":503000830074},""presentationToCleanupFrames"":0,""presentationToCleanupMs"":0,""sameObservation"":true,""strict"":{""elapsedFrames"":4,""elapsedMs"":185.6428,""frame"":121141,""observed"":true,""tick"":503000830074}},""phaseDurations"":{""blockedOrPreparationToFirstPhysicalMutationMs"":null,""dispatchToBlockedOrPreparationMs"":185.6428,""firstNewGenerationToCleanupDrainedMs"":null,""firstPhysicalMutationToFirstNewGenerationMs"":null,""presentationToStrictCompletionMs"":0},""elapsed"":{""cleanupElapsedFrames"":4,""cleanupElapsedMs"":185.6428,""presentationElapsedFrames"":4,""presentationElapsedMs"":185.6428,""strictElapsedFrames"":4,""strictElapsedMs"":185.6428}},{""passNumber"":2,""ordinal"":3,""source"":{""method"":""taa"",""qualityMode"":0,""renderScaleMode"":false},""target"":{""dlssProfile"":""K"",""method"":""dlss"",""qualityMode"":0,""renderScaleMode"":false},""receipt"":""raw/lane-nvidia/pass-2/transitions/03/retained.json"",""timing"":{""beginTick"":503051421637,""cleanupDrainedTick"":503054594830,""clock"":""query_performance_counter"",""dispatchTick"":503051857263,""elapsedFrames"":4,""elapsedMs"":273.7567,""elapsedOrigin"":""qualification_dispatch"",""presentationStableTick"":503054594830,""stableTick"":503054594830,""strictSatisfiedTick"":503054594830,""tickFrequency"":10000000,""timeoutMs"":20000},""milestoneTimings"":{""cleanup"":{""elapsedFrames"":4,""elapsedMs"":273.7567,""frame"":121257,""observed"":true,""tick"":503054594830},""cleanupPrecededPresentation"":false,""cleanupTailFrames"":0,""cleanupTailMs"":0,""presentation"":{""elapsedFrames"":4,""elapsedMs"":273.7567,""frame"":121257,""observed"":true,""tick"":503054594830},""presentationToCleanupFrames"":0,""presentationToCleanupMs"":0,""sameObservation"":true,""strict"":{""elapsedFrames"":4,""elapsedMs"":273.7567,""frame"":121257,""observed"":true,""tick"":503054594830}},""phaseDurations"":{""blockedOrPreparationToFirstPhysicalMutationMs"":null,""dispatchToBlockedOrPreparationMs"":273.7567,""firstNewGenerationToCleanupDrainedMs"":null,""firstPhysicalMutationToFirstNewGenerationMs"":null,""presentationToStrictCompletionMs"":0},""elapsed"":{""cleanupElapsedFrames"":4,""cleanupElapsedMs"":273.7567,""presentationElapsedFrames"":4,""presentationElapsedMs"":273.7567,""strictElapsedFrames"":4,""strictElapsedMs"":273.7567}},{""passNumber"":2,""ordinal"":4,""source"":{""method"":""dlss"",""qualityMode"":0,""renderScaleMode"":false},""target"":{""dlssProfile"":""K"",""method"":""dlss"",""qualityMode"":1,""renderScaleMode"":true},""receipt"":""raw/lane-nvidia/pass-2/transitions/04/retained.json"",""timing"":{""beginTick"":503105124380,""cleanupDrainedTick"":503115269439,""clock"":""query_performance_counter"",""dispatchTick"":503105575239,""elapsedFrames"":17,""elapsedMs"":1052.7779,""elapsedOrigin"":""qualification_dispatch"",""presentationStableTick"":503113965907,""stableTick"":503116103018,""strictSatisfiedTick"":503116103018,""tickFrequency"":10000000,""timeoutMs"":20000},""milestoneTimings"":{""cleanup"":{""elapsedFrames"":16,""elapsedMs"":969.42,""frame"":121386,""observed"":true,""tick"":503115269439},""cleanupPrecededPresentation"":false,""cleanupTailFrames"":3,""cleanupTailMs"":130.3532,""presentation"":{""elapsedFrames"":13,""elapsedMs"":839.0668,""frame"":121383,""observed"":true,""tick"":503113965907},""presentationToCleanupFrames"":3,""presentationToCleanupMs"":130.3532,""sameObservation"":false,""strict"":{""elapsedFrames"":17,""elapsedMs"":1052.7779,""frame"":121387,""observed"":true,""tick"":503116103018}},""phaseDurations"":{""blockedOrPreparationToFirstPhysicalMutationMs"":4.3024,""dispatchToBlockedOrPreparationMs"":416.8957,""firstNewGenerationToCleanupDrainedMs"":178.2387,""firstPhysicalMutationToFirstNewGenerationMs"":369.9832,""presentationToStrictCompletionMs"":213.7111},""elapsed"":{""cleanupElapsedFrames"":16,""cleanupElapsedMs"":969.42,""presentationElapsedFrames"":13,""presentationElapsedMs"":839.0668,""strictElapsedFrames"":17,""strictElapsedMs"":1052.7779}},{""passNumber"":2,""ordinal"":5,""source"":{""method"":""dlss"",""qualityMode"":1,""renderScaleMode"":true},""target"":{""dlssProfile"":""K"",""method"":""dlss"",""qualityMode"":2,""renderScaleMode"":true},""receipt"":""raw/lane-nvidia/pass-2/transitions/05/retained.json"",""timing"":{""beginTick"":503166874727,""cleanupDrainedTick"":503176891548,""clock"":""query_performance_counter"",""dispatchTick"":503167309627,""elapsedFrames"":18,""elapsedMs"":1043.4152,""elapsedOrigin"":""qualification_dispatch"",""presentationStableTick"":503175065794,""stableTick"":503177743779,""strictSatisfiedTick"":503177743779,""tickFrequency"":10000000,""timeoutMs"":20000},""milestoneTimings"":{""cleanup"":{""elapsedFrames"":17,""elapsedMs"":958.1921,""frame"":121512,""observed"":true,""tick"":503176891548},""cleanupPrecededPresentation"":false,""cleanupTailFrames"":3,""cleanupTailMs"":182.5754,""presentation"":{""elapsedFrames"":14,""elapsedMs"":775.6167,""frame"":121509,""observed"":true,""tick"":503175065794},""presentationToCleanupFrames"":3,""presentationToCleanupMs"":182.5754,""sameObservation"":false,""strict"":{""elapsedFrames"":18,""elapsedMs"":1043.4152,""frame"":121513,""observed"":true,""tick"":503177743779}},""phaseDurations"":{""blockedOrPreparationToFirstPhysicalMutationMs"":4.666,""dispatchToBlockedOrPreparationMs"":360.8769,""firstNewGenerationToCleanupDrainedMs"":244.6378,""firstPhysicalMutationToFirstNewGenerationMs"":348.0114,""presentationToStrictCompletionMs"":267.7985},""elapsed"":{""cleanupElapsedFrames"":17,""cleanupElapsedMs"":958.1921,""presentationElapsedFrames"":14,""presentationElapsedMs"":775.6167,""strictElapsedFrames"":18,""strictElapsedMs"":1043.4152}},{""passNumber"":2,""ordinal"":6,""source"":{""method"":""dlss"",""qualityMode"":2,""renderScaleMode"":true},""target"":{""dlssProfile"":""K"",""method"":""dlss"",""qualityMode"":3,""renderScaleMode"":true},""receipt"":""raw/lane-nvidia/pass-2/transitions/06/retained.json"",""timing"":{""beginTick"":503228482071,""cleanupDrainedTick"":503240070136,""clock"":""query_performance_counter"",""dispatchTick"":503228914460,""elapsedFrames"":22,""elapsedMs"":1198.608,""elapsedOrigin"":""qualification_dispatch"",""presentationStableTick"":503238787961,""stableTick"":503240900540,""strictSatisfiedTick"":503240900540,""tickFrequency"":10000000,""timeoutMs"":20000},""milestoneTimings"":{""cleanup"":{""elapsedFrames"":21,""elapsedMs"":1115.5676,""frame"":121649,""observed"":true,""tick"":503240070136},""cleanupPrecededPresentation"":false,""cleanupTailFrames"":2,""cleanupTailMs"":128.2175,""presentation"":{""elapsedFrames"":19,""elapsedMs"":987.3501,""frame"":121647,""observed"":true,""tick"":503238787961},""presentationToCleanupFrames"":2,""presentationToCleanupMs"":128.2175,""sameObservation"":false,""strict"":{""elapsedFrames"":22,""elapsedMs"":1198.608,""frame"":121650,""observed"":true,""tick"":503240900540}},""phaseDurations"":{""blockedOrPreparationToFirstPhysicalMutationMs"":4.2523,""dispatchToBlockedOrPreparationMs"":409.2645,""firstNewGenerationToCleanupDrainedMs"":172.9602,""firstPhysicalMutationToFirstNewGenerationMs"":529.0906,""presentationToStrictCompletionMs"":211.2579},""elapsed"":{""cleanupElapsedFrames"":21,""cleanupElapsedMs"":1115.5676,""presentationElapsedFrames"":19,""presentationElapsedMs"":987.3501,""strictElapsedFrames"":22,""strictElapsedMs"":1198.608}},{""passNumber"":2,""ordinal"":7,""source"":{""method"":""dlss"",""qualityMode"":3,""renderScaleMode"":true},""target"":{""dlssProfile"":""K"",""method"":""dlss"",""qualityMode"":4,""renderScaleMode"":true},""receipt"":""raw/lane-nvidia/pass-2/transitions/07/retained.json"",""timing"":{""beginTick"":503291652243,""cleanupDrainedTick"":503303546045,""clock"":""query_performance_counter"",""dispatchTick"":503292164397,""elapsedFrames"":21,""elapsedMs"":1228.4559,""elapsedOrigin"":""qualification_dispatch"",""presentationStableTick"":503302151489,""stableTick"":503304448956,""strictSatisfiedTick"":503304448956,""tickFrequency"":10000000,""timeoutMs"":20000},""milestoneTimings"":{""cleanup"":{""elapsedFrames"":20,""elapsedMs"":1138.1648,""frame"":121776,""observed"":true,""tick"":503303546045},""cleanupPrecededPresentation"":false,""cleanupTailFrames"":3,""cleanupTailMs"":139.4556,""presentation"":{""elapsedFrames"":17,""elapsedMs"":998.7092,""frame"":121773,""observed"":true,""tick"":503302151489},""presentationToCleanupFrames"":3,""presentationToCleanupMs"":139.4556,""sameObservation"":false,""strict"":{""elapsedFrames"":21,""elapsedMs"":1228.4559,""frame"":121777,""observed"":true,""tick"":503304448956}},""phaseDurations"":{""blockedOrPreparationToFirstPhysicalMutationMs"":3.9435,""dispatchToBlockedOrPreparationMs"":395.124,""firstNewGenerationToCleanupDrainedMs"":184.337,""firstPhysicalMutationToFirstNewGenerationMs"":554.7603,""presentationToStrictCompletionMs"":229.7467},""elapsed"":{""cleanupElapsedFrames"":20,""cleanupElapsedMs"":1138.1648,""presentationElapsedFrames"":17,""presentationElapsedMs"":998.7092,""strictElapsedFrames"":21,""strictElapsedMs"":1228.4559}},{""passNumber"":2,""ordinal"":8,""source"":{""method"":""dlss"",""qualityMode"":4,""renderScaleMode"":true},""target"":{""dlssProfile"":""K"",""method"":""dlss"",""qualityMode"":5,""renderScaleMode"":true},""receipt"":""raw/lane-nvidia/pass-2/transitions/08/retained.json"",""timing"":{""beginTick"":503355314307,""cleanupDrainedTick"":503367473683,""clock"":""query_performance_counter"",""dispatchTick"":503355787553,""elapsedFrames"":22,""elapsedMs"":1254.6044,""elapsedOrigin"":""qualification_dispatch"",""presentationStableTick"":503366165730,""stableTick"":503368333597,""strictSatisfiedTick"":503368333597,""tickFrequency"":10000000,""timeoutMs"":20000},""milestoneTimings"":{""cleanup"":{""elapsedFrames"":21,""elapsedMs"":1168.613,""frame"":121908,""observed"":true,""tick"":503367473683},""cleanupPrecededPresentation"":false,""cleanupTailFrames"":3,""cleanupTailMs"":130.7953,""presentation"":{""elapsedFrames"":18,""elapsedMs"":1037.8177,""frame"":121905,""observed"":true,""tick"":503366165730},""presentationToCleanupFrames"":3,""presentationToCleanupMs"":130.7953,""sameObservation"":false,""strict"":{""elapsedFrames"":22,""elapsedMs"":1254.6044,""frame"":121909,""observed"":true,""tick"":503368333597}},""phaseDurations"":{""blockedOrPreparationToFirstPhysicalMutationMs"":4.5409,""dispatchToBlockedOrPreparationMs"":464.0714,""firstNewGenerationToCleanupDrainedMs"":172.7408,""firstPhysicalMutationToFirstNewGenerationMs"":527.2599,""presentationToStrictCompletionMs"":216.7867},""elapsed"":{""cleanupElapsedFrames"":21,""cleanupElapsedMs"":1168.613,""presentationElapsedFrames"":18,""presentationElapsedMs"":1037.8177,""strictElapsedFrames"":22,""strictElapsedMs"":1254.6044}},{""passNumber"":2,""ordinal"":9,""source"":{""method"":""dlss"",""qualityMode"":5,""renderScaleMode"":true},""target"":{""dlssProfile"":""K"",""method"":""dlss"",""qualityMode"":6,""renderScaleMode"":true},""receipt"":""raw/lane-nvidia/pass-2/transitions/09/retained.json"",""timing"":{""beginTick"":503419350131,""cleanupDrainedTick"":503430475722,""clock"":""query_performance_counter"",""dispatchTick"":503419770263,""elapsedFrames"":23,""elapsedMs"":1152.6807,""elapsedOrigin"":""qualification_dispatch"",""presentationStableTick"":503429136430,""stableTick"":503431297070,""strictSatisfiedTick"":503431297070,""tickFrequency"":10000000,""timeoutMs"":20000},""milestoneTimings"":{""cleanup"":{""elapsedFrames"":22,""elapsedMs"":1070.5459,""frame"":122044,""observed"":true,""tick"":503430475722},""cleanupPrecededPresentation"":false,""cleanupTailFrames"":3,""cleanupTailMs"":133.9292,""presentation"":{""elapsedFrames"":19,""elapsedMs"":936.6167,""frame"":122041,""observed"":true,""tick"":503429136430},""presentationToCleanupFrames"":3,""presentationToCleanupMs"":133.9292,""sameObservation"":false,""strict"":{""elapsedFrames"":23,""elapsedMs"":1152.6807,""frame"":122045,""observed"":true,""tick"":503431297070}},""phaseDurations"":{""blockedOrPreparationToFirstPhysicalMutationMs"":4.088,""dispatchToBlockedOrPreparationMs"":402.8109,""firstNewGenerationToCleanupDrainedMs"":178.5098,""firstPhysicalMutationToFirstNewGenerationMs"":485.1372,""presentationToStrictCompletionMs"":216.064},""elapsed"":{""cleanupElapsedFrames"":22,""cleanupElapsedMs"":1070.5459,""presentationElapsedFrames"":19,""presentationElapsedMs"":936.6167,""strictElapsedFrames"":23,""strictElapsedMs"":1152.6807}},{""passNumber"":2,""ordinal"":10,""source"":{""method"":""dlss"",""qualityMode"":6,""renderScaleMode"":true},""target"":{""dlssProfile"":""K"",""method"":""dlss"",""qualityMode"":0,""renderScaleMode"":false},""receipt"":""raw/lane-nvidia/pass-2/transitions/10/retained.json"",""timing"":{""beginTick"":503482033010,""cleanupDrainedTick"":503491627644,""clock"":""query_performance_counter"",""dispatchTick"":503482527352,""elapsedFrames"":16,""elapsedMs"":910.0292,""elapsedOrigin"":""qualification_dispatch"",""presentationStableTick"":503489594627,""stableTick"":503491627644,""strictSatisfiedTick"":503491627644,""tickFrequency"":10000000,""timeoutMs"":20000},""milestoneTimings"":{""cleanup"":{""elapsedFrames"":16,""elapsedMs"":910.0292,""frame"":122169,""observed"":true,""tick"":503491627644},""cleanupPrecededPresentation"":false,""cleanupTailFrames"":4,""cleanupTailMs"":203.3017,""presentation"":{""elapsedFrames"":12,""elapsedMs"":706.7275,""frame"":122165,""observed"":true,""tick"":503489594627},""presentationToCleanupFrames"":4,""presentationToCleanupMs"":203.3017,""sameObservation"":false,""strict"":{""elapsedFrames"":16,""elapsedMs"":910.0292,""frame"":122169,""observed"":true,""tick"":503491627644}},""phaseDurations"":{""blockedOrPreparationToFirstPhysicalMutationMs"":4.9237,""dispatchToBlockedOrPreparationMs"":422.8687,""firstNewGenerationToCleanupDrainedMs"":259.94,""firstPhysicalMutationToFirstNewGenerationMs"":222.2968,""presentationToStrictCompletionMs"":203.3017},""elapsed"":{""cleanupElapsedFrames"":16,""cleanupElapsedMs"":910.0292,""presentationElapsedFrames"":12,""presentationElapsedMs"":706.7275,""strictElapsedFrames"":16,""strictElapsedMs"":910.0292}},{""passNumber"":2,""ordinal"":11,""source"":{""method"":""dlss"",""qualityMode"":0,""renderScaleMode"":false},""target"":{""method"":""taa"",""qualityMode"":0,""renderScaleMode"":false},""receipt"":""raw/lane-nvidia/pass-2/transitions/11/retained.json"",""timing"":{""beginTick"":503542536989,""cleanupDrainedTick"":503549370150,""clock"":""query_performance_counter"",""dispatchTick"":503543063434,""elapsedFrames"":10,""elapsedMs"":630.6716,""elapsedOrigin"":""qualification_dispatch"",""presentationStableTick"":503545259482,""stableTick"":503549370150,""strictSatisfiedTick"":503549370150,""tickFrequency"":10000000,""timeoutMs"":20000},""milestoneTimings"":{""cleanup"":{""elapsedFrames"":10,""elapsedMs"":630.6716,""frame"":122291,""observed"":true,""tick"":503549370150},""cleanupPrecededPresentation"":false,""cleanupTailFrames"":5,""cleanupTailMs"":411.0668,""presentation"":{""elapsedFrames"":5,""elapsedMs"":219.6048,""frame"":122286,""observed"":true,""tick"":503545259482},""presentationToCleanupFrames"":5,""presentationToCleanupMs"":411.0668,""sameObservation"":false,""strict"":{""elapsedFrames"":10,""elapsedMs"":630.6716,""frame"":122291,""observed"":true,""tick"":503549370150}},""phaseDurations"":{""blockedOrPreparationToFirstPhysicalMutationMs"":4.2769,""dispatchToBlockedOrPreparationMs"":154.14,""firstNewGenerationToCleanupDrainedMs"":411.9251,""firstPhysicalMutationToFirstNewGenerationMs"":60.3296,""presentationToStrictCompletionMs"":411.0668},""elapsed"":{""cleanupElapsedFrames"":10,""cleanupElapsedMs"":630.6716,""presentationElapsedFrames"":5,""presentationElapsedMs"":219.6048,""strictElapsedFrames"":10,""strictElapsedMs"":630.6716}},{""passNumber"":2,""ordinal"":12,""source"":{""method"":""taa"",""qualityMode"":0,""renderScaleMode"":false},""target"":{""method"":""none"",""qualityMode"":0,""renderScaleMode"":false},""receipt"":""raw/lane-nvidia/pass-2/transitions/12/retained.json"",""timing"":{""beginTick"":503600165640,""cleanupDrainedTick"":503602334379,""clock"":""query_performance_counter"",""dispatchTick"":503600600704,""elapsedFrames"":4,""elapsedMs"":173.3675,""elapsedOrigin"":""qualification_dispatch"",""presentationStableTick"":503602334379,""stableTick"":503602334379,""strictSatisfiedTick"":503602334379,""tickFrequency"":10000000,""timeoutMs"":20000},""milestoneTimings"":{""cleanup"":{""elapsedFrames"":4,""elapsedMs"":173.3675,""frame"":122401,""observed"":true,""tick"":503602334379},""cleanupPrecededPresentation"":false,""cleanupTailFrames"":0,""cleanupTailMs"":0,""presentation"":{""elapsedFrames"":4,""elapsedMs"":173.3675,""frame"":122401,""observed"":true,""tick"":503602334379},""presentationToCleanupFrames"":0,""presentationToCleanupMs"":0,""sameObservation"":true,""strict"":{""elapsedFrames"":4,""elapsedMs"":173.3675,""frame"":122401,""observed"":true,""tick"":503602334379}},""phaseDurations"":{""blockedOrPreparationToFirstPhysicalMutationMs"":null,""dispatchToBlockedOrPreparationMs"":173.3675,""firstNewGenerationToCleanupDrainedMs"":null,""firstPhysicalMutationToFirstNewGenerationMs"":null,""presentationToStrictCompletionMs"":0},""elapsed"":{""cleanupElapsedFrames"":4,""cleanupElapsedMs"":173.3675,""presentationElapsedFrames"":4,""presentationElapsedMs"":173.3675,""strictElapsedFrames"":4,""strictElapsedMs"":173.3675}},{""passNumber"":2,""ordinal"":13,""source"":{""method"":""none"",""qualityMode"":0,""renderScaleMode"":false},""target"":{""fsrRuntime"":""fsr3"",""method"":""fsr"",""qualityMode"":0,""renderScaleMode"":false},""receipt"":""raw/lane-nvidia/pass-2/transitions/13/retained.json"",""timing"":{""beginTick"":503652798052,""cleanupDrainedTick"":503659314058,""clock"":""query_performance_counter"",""dispatchTick"":503653319293,""elapsedFrames"":10,""elapsedMs"":599.4765,""elapsedOrigin"":""qualification_dispatch"",""presentationStableTick"":503659314058,""stableTick"":503659314058,""strictSatisfiedTick"":503659314058,""tickFrequency"":10000000,""timeoutMs"":20000},""milestoneTimings"":{""cleanup"":{""elapsedFrames"":10,""elapsedMs"":599.4765,""frame"":122528,""observed"":true,""tick"":503659314058},""cleanupPrecededPresentation"":false,""cleanupTailFrames"":0,""cleanupTailMs"":0,""presentation"":{""elapsedFrames"":10,""elapsedMs"":599.4765,""frame"":122528,""observed"":true,""tick"":503659314058},""presentationToCleanupFrames"":0,""presentationToCleanupMs"":0,""sameObservation"":true,""strict"":{""elapsedFrames"":10,""elapsedMs"":599.4765,""frame"":122528,""observed"":true,""tick"":503659314058}},""phaseDurations"":{""blockedOrPreparationToFirstPhysicalMutationMs"":48.7088,""dispatchToBlockedOrPreparationMs"":417.9255,""firstNewGenerationToCleanupDrainedMs"":42.6644,""firstPhysicalMutationToFirstNewGenerationMs"":90.1778,""presentationToStrictCompletionMs"":0},""elapsed"":{""cleanupElapsedFrames"":10,""cleanupElapsedMs"":599.4765,""presentationElapsedFrames"":10,""presentationElapsedMs"":599.4765,""strictElapsedFrames"":10,""strictElapsedMs"":599.4765}},{""passNumber"":2,""ordinal"":14,""source"":{""method"":""fsr"",""qualityMode"":0,""renderScaleMode"":false},""target"":{""fsrRuntime"":""fsr3"",""method"":""fsr"",""qualityMode"":1,""renderScaleMode"":true},""receipt"":""raw/lane-nvidia/pass-2/transitions/14/retained.json"",""timing"":{""beginTick"":503709669323,""cleanupDrainedTick"":503723567646,""clock"":""query_performance_counter"",""dispatchTick"":503710113210,""elapsedFrames"":28,""elapsedMs"":1392.0515,""elapsedOrigin"":""qualification_dispatch"",""presentationStableTick"":503724033725,""stableTick"":503724033725,""strictSatisfiedTick"":503724033725,""tickFrequency"":10000000,""timeoutMs"":20000},""milestoneTimings"":{""cleanup"":{""elapsedFrames"":27,""elapsedMs"":1345.4436,""frame"":122672,""observed"":true,""tick"":503723567646},""cleanupPrecededPresentation"":true,""cleanupTailFrames"":0,""cleanupTailMs"":0,""presentation"":{""elapsedFrames"":28,""elapsedMs"":1392.0515,""frame"":122673,""observed"":true,""tick"":503724033725},""presentationToCleanupFrames"":-1,""presentationToCleanupMs"":-46.6079,""sameObservation"":false,""strict"":{""elapsedFrames"":28,""elapsedMs"":1392.0515,""frame"":122673,""observed"":true,""tick"":503724033725}},""phaseDurations"":{""blockedOrPreparationToFirstPhysicalMutationMs"":289.6981,""dispatchToBlockedOrPreparationMs"":450.169,""firstNewGenerationToCleanupDrainedMs"":169.6737,""firstPhysicalMutationToFirstNewGenerationMs"":435.9028,""presentationToStrictCompletionMs"":0},""elapsed"":{""cleanupElapsedFrames"":27,""cleanupElapsedMs"":1345.4436,""presentationElapsedFrames"":28,""presentationElapsedMs"":1392.0515,""strictElapsedFrames"":28,""strictElapsedMs"":1392.0515}},{""passNumber"":2,""ordinal"":15,""source"":{""method"":""fsr"",""qualityMode"":1,""renderScaleMode"":true},""target"":{""fsrRuntime"":""fsr3"",""method"":""fsr"",""qualityMode"":2,""renderScaleMode"":true},""receipt"":""raw/lane-nvidia/pass-2/transitions/15/retained.json"",""timing"":{""beginTick"":503774778792,""cleanupDrainedTick"":503782701605,""clock"":""query_performance_counter"",""dispatchTick"":503775287960,""elapsedFrames"":14,""elapsedMs"":741.3645,""elapsedOrigin"":""qualification_dispatch"",""presentationStableTick"":503782701605,""stableTick"":503782701605,""strictSatisfiedTick"":503782701605,""tickFrequency"":10000000,""timeoutMs"":20000},""milestoneTimings"":{""cleanup"":{""elapsedFrames"":14,""elapsedMs"":741.3645,""frame"":122800,""observed"":true,""tick"":503782701605},""cleanupPrecededPresentation"":false,""cleanupTailFrames"":0,""cleanupTailMs"":0,""presentation"":{""elapsedFrames"":14,""elapsedMs"":741.3645,""frame"":122800,""observed"":true,""tick"":503782701605},""presentationToCleanupFrames"":0,""presentationToCleanupMs"":0,""sameObservation"":true,""strict"":{""elapsedFrames"":14,""elapsedMs"":741.3645,""frame"":122800,""observed"":true,""tick"":503782701605}},""phaseDurations"":{""blockedOrPreparationToFirstPhysicalMutationMs"":3.965,""dispatchToBlockedOrPreparationMs"":413.5668,""firstNewGenerationToCleanupDrainedMs"":47.5936,""firstPhysicalMutationToFirstNewGenerationMs"":276.2391,""presentationToStrictCompletionMs"":0},""elapsed"":{""cleanupElapsedFrames"":14,""cleanupElapsedMs"":741.3645,""presentationElapsedFrames"":14,""presentationElapsedMs"":741.3645,""strictElapsedFrames"":14,""strictElapsedMs"":741.3645}},{""passNumber"":2,""ordinal"":16,""source"":{""method"":""fsr"",""qualityMode"":2,""renderScaleMode"":true},""target"":{""fsrRuntime"":""fsr3"",""method"":""fsr"",""qualityMode"":3,""renderScaleMode"":true},""receipt"":""raw/lane-nvidia/pass-2/transitions/16/retained.json"",""timing"":{""beginTick"":503833192284,""cleanupDrainedTick"":503840111119,""clock"":""query_performance_counter"",""dispatchTick"":503833615909,""elapsedFrames"":17,""elapsedMs"":777.1311,""elapsedOrigin"":""qualification_dispatch"",""presentationStableTick"":503841387220,""stableTick"":503841387220,""strictSatisfiedTick"":503841387220,""tickFrequency"":10000000,""timeoutMs"":20000},""milestoneTimings"":{""cleanup"":{""elapsedFrames"":14,""elapsedMs"":649.521,""frame"":122925,""observed"":true,""tick"":503840111119},""cleanupPrecededPresentation"":true,""cleanupTailFrames"":0,""cleanupTailMs"":0,""presentation"":{""elapsedFrames"":17,""elapsedMs"":777.1311,""frame"":122928,""observed"":true,""tick"":503841387220},""presentationToCleanupFrames"":-3,""presentationToCleanupMs"":-127.6101,""sameObservation"":false,""strict"":{""elapsedFrames"":17,""elapsedMs"":777.1311,""frame"":122928,""observed"":true,""tick"":503841387220}},""phaseDurations"":{""blockedOrPreparationToFirstPhysicalMutationMs"":3.8959,""dispatchToBlockedOrPreparationMs"":362.1869,""firstNewGenerationToCleanupDrainedMs"":42.3291,""firstPhysicalMutationToFirstNewGenerationMs"":241.1091,""presentationToStrictCompletionMs"":0},""elapsed"":{""cleanupElapsedFrames"":14,""cleanupElapsedMs"":649.521,""presentationElapsedFrames"":17,""presentationElapsedMs"":777.1311,""strictElapsedFrames"":17,""strictElapsedMs"":777.1311}},{""passNumber"":2,""ordinal"":17,""source"":{""method"":""fsr"",""qualityMode"":3,""renderScaleMode"":true},""target"":{""fsrRuntime"":""fsr3"",""method"":""fsr"",""qualityMode"":4,""renderScaleMode"":true},""receipt"":""raw/lane-nvidia/pass-2/transitions/17/retained.json"",""timing"":{""beginTick"":503891875776,""cleanupDrainedTick"":503898909778,""clock"":""query_performance_counter"",""dispatchTick"":503892319711,""elapsedFrames"":15,""elapsedMs"":710.865,""elapsedOrigin"":""qualification_dispatch"",""presentationStableTick"":503899428361,""stableTick"":503899428361,""strictSatisfiedTick"":503899428361,""tickFrequency"":10000000,""timeoutMs"":20000},""milestoneTimings"":{""cleanup"":{""elapsedFrames"":14,""elapsedMs"":659.0067,""frame"":123055,""observed"":true,""tick"":503898909778},""cleanupPrecededPresentation"":true,""cleanupTailFrames"":0,""cleanupTailMs"":0,""presentation"":{""elapsedFrames"":15,""elapsedMs"":710.865,""frame"":123056,""observed"":true,""tick"":503899428361},""presentationToCleanupFrames"":-1,""presentationToCleanupMs"":-51.8583,""sameObservation"":false,""strict"":{""elapsedFrames"":15,""elapsedMs"":710.865,""frame"":123056,""observed"":true,""tick"":503899428361}},""phaseDurations"":{""blockedOrPreparationToFirstPhysicalMutationMs"":4.6162,""dispatchToBlockedOrPreparationMs"":349.8886,""firstNewGenerationToCleanupDrainedMs"":46.8916,""firstPhysicalMutationToFirstNewGenerationMs"":257.6103,""presentationToStrictCompletionMs"":0},""elapsed"":{""cleanupElapsedFrames"":14,""cleanupElapsedMs"":659.0067,""presentationElapsedFrames"":15,""presentationElapsedMs"":710.865,""strictElapsedFrames"":15,""strictElapsedMs"":710.865}},{""passNumber"":2,""ordinal"":18,""source"":{""method"":""fsr"",""qualityMode"":4,""renderScaleMode"":true},""target"":{""fsrRuntime"":""fsr3"",""method"":""fsr"",""qualityMode"":5,""renderScaleMode"":true},""receipt"":""raw/lane-nvidia/pass-2/transitions/18/retained.json"",""timing"":{""beginTick"":503950040629,""cleanupDrainedTick"":503957077812,""clock"":""query_performance_counter"",""dispatchTick"":503950482639,""elapsedFrames"":14,""elapsedMs"":659.5173,""elapsedOrigin"":""qualification_dispatch"",""presentationStableTick"":503957077812,""stableTick"":503957077812,""strictSatisfiedTick"":503957077812,""tickFrequency"":10000000,""timeoutMs"":20000},""milestoneTimings"":{""cleanup"":{""elapsedFrames"":14,""elapsedMs"":659.5173,""frame"":123184,""observed"":true,""tick"":503957077812},""cleanupPrecededPresentation"":false,""cleanupTailFrames"":0,""cleanupTailMs"":0,""presentation"":{""elapsedFrames"":14,""elapsedMs"":659.5173,""frame"":123184,""observed"":true,""tick"":503957077812},""presentationToCleanupFrames"":0,""presentationToCleanupMs"":0,""sameObservation"":true,""strict"":{""elapsedFrames"":14,""elapsedMs"":659.5173,""frame"":123184,""observed"":true,""tick"":503957077812}},""phaseDurations"":{""blockedOrPreparationToFirstPhysicalMutationMs"":4.1907,""dispatchToBlockedOrPreparationMs"":373.3968,""firstNewGenerationToCleanupDrainedMs"":42.7656,""firstPhysicalMutationToFirstNewGenerationMs"":239.1642,""presentationToStrictCompletionMs"":0},""elapsed"":{""cleanupElapsedFrames"":14,""cleanupElapsedMs"":659.5173,""presentationElapsedFrames"":14,""presentationElapsedMs"":659.5173,""strictElapsedFrames"":14,""strictElapsedMs"":659.5173}},{""passNumber"":2,""ordinal"":19,""source"":{""method"":""fsr"",""qualityMode"":5,""renderScaleMode"":true},""target"":{""fsrRuntime"":""fsr3"",""method"":""fsr"",""qualityMode"":6,""renderScaleMode"":true},""receipt"":""raw/lane-nvidia/pass-2/transitions/19/retained.json"",""timing"":{""beginTick"":504007511455,""cleanupDrainedTick"":504014342423,""clock"":""query_performance_counter"",""dispatchTick"":504007945621,""elapsedFrames"":16,""elapsedMs"":722.6907,""elapsedOrigin"":""qualification_dispatch"",""presentationStableTick"":504015172528,""stableTick"":504015172528,""strictSatisfiedTick"":504015172528,""tickFrequency"":10000000,""timeoutMs"":20000},""milestoneTimings"":{""cleanup"":{""elapsedFrames"":14,""elapsedMs"":639.6802,""frame"":123314,""observed"":true,""tick"":504014342423},""cleanupPrecededPresentation"":true,""cleanupTailFrames"":0,""cleanupTailMs"":0,""presentation"":{""elapsedFrames"":16,""elapsedMs"":722.6907,""frame"":123316,""observed"":true,""tick"":504015172528},""presentationToCleanupFrames"":-2,""presentationToCleanupMs"":-83.0105,""sameObservation"":false,""strict"":{""elapsedFrames"":16,""elapsedMs"":722.6907,""frame"":123316,""observed"":true,""tick"":504015172528}},""phaseDurations"":{""blockedOrPreparationToFirstPhysicalMutationMs"":3.8354,""dispatchToBlockedOrPreparationMs"":350.8899,""firstNewGenerationToCleanupDrainedMs"":41.477,""firstPhysicalMutationToFirstNewGenerationMs"":243.4779,""presentationToStrictCompletionMs"":0},""elapsed"":{""cleanupElapsedFrames"":14,""cleanupElapsedMs"":639.6802,""presentationElapsedFrames"":16,""presentationElapsedMs"":722.6907,""strictElapsedFrames"":16,""strictElapsedMs"":722.6907}},{""passNumber"":2,""ordinal"":20,""source"":{""method"":""fsr"",""qualityMode"":6,""renderScaleMode"":true},""target"":{""fsrRuntime"":""fsr3"",""method"":""fsr"",""qualityMode"":0,""renderScaleMode"":false},""receipt"":""raw/lane-nvidia/pass-2/transitions/20/retained.json"",""timing"":{""beginTick"":504065875072,""cleanupDrainedTick"":504073311624,""clock"":""query_performance_counter"",""dispatchTick"":504066320168,""elapsedFrames"":15,""elapsedMs"":699.1456,""elapsedOrigin"":""qualification_dispatch"",""presentationStableTick"":504071572880,""stableTick"":504073311624,""strictSatisfiedTick"":504073311624,""tickFrequency"":10000000,""timeoutMs"":20000},""milestoneTimings"":{""cleanup"":{""elapsedFrames"":15,""elapsedMs"":699.1456,""frame"":123447,""observed"":true,""tick"":504073311624},""cleanupPrecededPresentation"":false,""cleanupTailFrames"":4,""cleanupTailMs"":173.8744,""presentation"":{""elapsedFrames"":11,""elapsedMs"":525.2712,""frame"":123443,""observed"":true,""tick"":504071572880},""presentationToCleanupFrames"":4,""presentationToCleanupMs"":173.8744,""sameObservation"":false,""strict"":{""elapsedFrames"":15,""elapsedMs"":699.1456,""frame"":123447,""observed"":true,""tick"":504073311624}},""phaseDurations"":{""blockedOrPreparationToFirstPhysicalMutationMs"":3.8155,""dispatchToBlockedOrPreparationMs"":345.3053,""firstNewGenerationToCleanupDrainedMs"":219.8543,""firstPhysicalMutationToFirstNewGenerationMs"":130.1705,""presentationToStrictCompletionMs"":173.8744},""elapsed"":{""cleanupElapsedFrames"":15,""cleanupElapsedMs"":699.1456,""presentationElapsedFrames"":11,""presentationElapsedMs"":525.2712,""strictElapsedFrames"":15,""strictElapsedMs"":699.1456}},{""passNumber"":2,""ordinal"":21,""source"":{""method"":""fsr"",""qualityMode"":0,""renderScaleMode"":false},""target"":{""method"":""taa"",""qualityMode"":0,""renderScaleMode"":false},""receipt"":""raw/lane-nvidia/pass-2/transitions/21/retained.json"",""timing"":{""beginTick"":504123968730,""cleanupDrainedTick"":504128840513,""clock"":""query_performance_counter"",""dispatchTick"":504124478787,""elapsedFrames"":9,""elapsedMs"":436.1726,""elapsedOrigin"":""qualification_dispatch"",""presentationStableTick"":504126320945,""stableTick"":504128840513,""strictSatisfiedTick"":504128840513,""tickFrequency"":10000000,""timeoutMs"":20000},""milestoneTimings"":{""cleanup"":{""elapsedFrames"":9,""elapsedMs"":436.1726,""frame"":123574,""observed"":true,""tick"":504128840513},""cleanupPrecededPresentation"":false,""cleanupTailFrames"":5,""cleanupTailMs"":251.9568,""presentation"":{""elapsedFrames"":4,""elapsedMs"":184.2158,""frame"":123569,""observed"":true,""tick"":504126320945},""presentationToCleanupFrames"":5,""presentationToCleanupMs"":251.9568,""sameObservation"":false,""strict"":{""elapsedFrames"":9,""elapsedMs"":436.1726,""frame"":123574,""observed"":true,""tick"":504128840513}},""phaseDurations"":{""blockedOrPreparationToFirstPhysicalMutationMs"":null,""dispatchToBlockedOrPreparationMs"":125.137,""firstNewGenerationToCleanupDrainedMs"":null,""firstPhysicalMutationToFirstNewGenerationMs"":null,""presentationToStrictCompletionMs"":251.9568},""elapsed"":{""cleanupElapsedFrames"":9,""cleanupElapsedMs"":436.1726,""presentationElapsedFrames"":4,""presentationElapsedMs"":184.2158,""strictElapsedFrames"":9,""strictElapsedMs"":436.1726}},{""passNumber"":2,""ordinal"":22,""source"":{""method"":""taa"",""qualityMode"":0,""renderScaleMode"":false},""target"":{""method"":""none"",""qualityMode"":0,""renderScaleMode"":false},""receipt"":""raw/lane-nvidia/pass-2/transitions/22/retained.json"",""timing"":{""beginTick"":504179685932,""cleanupDrainedTick"":504181776536,""clock"":""query_performance_counter"",""dispatchTick"":504180123649,""elapsedFrames"":4,""elapsedMs"":165.2887,""elapsedOrigin"":""qualification_dispatch"",""presentationStableTick"":504181776536,""stableTick"":504181776536,""strictSatisfiedTick"":504181776536,""tickFrequency"":10000000,""timeoutMs"":20000},""milestoneTimings"":{""cleanup"":{""elapsedFrames"":4,""elapsedMs"":165.2887,""frame"":123696,""observed"":true,""tick"":504181776536},""cleanupPrecededPresentation"":false,""cleanupTailFrames"":0,""cleanupTailMs"":0,""presentation"":{""elapsedFrames"":4,""elapsedMs"":165.2887,""frame"":123696,""observed"":true,""tick"":504181776536},""presentationToCleanupFrames"":0,""presentationToCleanupMs"":0,""sameObservation"":true,""strict"":{""elapsedFrames"":4,""elapsedMs"":165.2887,""frame"":123696,""observed"":true,""tick"":504181776536}},""phaseDurations"":{""blockedOrPreparationToFirstPhysicalMutationMs"":null,""dispatchToBlockedOrPreparationMs"":165.2887,""firstNewGenerationToCleanupDrainedMs"":null,""firstPhysicalMutationToFirstNewGenerationMs"":null,""presentationToStrictCompletionMs"":0},""elapsed"":{""cleanupElapsedFrames"":4,""cleanupElapsedMs"":165.2887,""presentationElapsedFrames"":4,""presentationElapsedMs"":165.2887,""strictElapsedFrames"":4,""strictElapsedMs"":165.2887}},{""passNumber"":2,""ordinal"":23,""source"":{""method"":""none"",""qualityMode"":0,""renderScaleMode"":false},""target"":{""dlssProfile"":""K"",""method"":""dlss"",""qualityMode"":0,""renderScaleMode"":false},""receipt"":""raw/lane-nvidia/pass-2/transitions/23/retained.json"",""timing"":{""beginTick"":504232363612,""cleanupDrainedTick"":504235599985,""clock"":""query_performance_counter"",""dispatchTick"":504232780449,""elapsedFrames"":3,""elapsedMs"":281.9536,""elapsedOrigin"":""qualification_dispatch"",""presentationStableTick"":504235599985,""stableTick"":504235599985,""strictSatisfiedTick"":504235599985,""tickFrequency"":10000000,""timeoutMs"":20000},""milestoneTimings"":{""cleanup"":{""elapsedFrames"":3,""elapsedMs"":281.9536,""frame"":123809,""observed"":true,""tick"":504235599985},""cleanupPrecededPresentation"":false,""cleanupTailFrames"":0,""cleanupTailMs"":0,""presentation"":{""elapsedFrames"":3,""elapsedMs"":281.9536,""frame"":123809,""observed"":true,""tick"":504235599985},""presentationToCleanupFrames"":0,""presentationToCleanupMs"":0,""sameObservation"":true,""strict"":{""elapsedFrames"":3,""elapsedMs"":281.9536,""frame"":123809,""observed"":true,""tick"":504235599985}},""phaseDurations"":{""blockedOrPreparationToFirstPhysicalMutationMs"":null,""dispatchToBlockedOrPreparationMs"":281.9536,""firstNewGenerationToCleanupDrainedMs"":null,""firstPhysicalMutationToFirstNewGenerationMs"":null,""presentationToStrictCompletionMs"":0},""elapsed"":{""cleanupElapsedFrames"":3,""cleanupElapsedMs"":281.9536,""presentationElapsedFrames"":3,""presentationElapsedMs"":281.9536,""strictElapsedFrames"":3,""strictElapsedMs"":281.9536}},{""passNumber"":2,""ordinal"":24,""source"":{""method"":""dlss"",""qualityMode"":0,""renderScaleMode"":false},""target"":{""fsrRuntime"":""fsr3"",""method"":""fsr"",""qualityMode"":0,""renderScaleMode"":false},""receipt"":""raw/lane-nvidia/pass-2/transitions/24/retained.json"",""timing"":{""beginTick"":504286659000,""cleanupDrainedTick"":504298101631,""clock"":""query_performance_counter"",""dispatchTick"":504287086696,""elapsedFrames"":21,""elapsedMs"":1101.4935,""elapsedOrigin"":""qualification_dispatch"",""presentationStableTick"":504296368984,""stableTick"":504298101631,""strictSatisfiedTick"":504298101631,""tickFrequency"":10000000,""timeoutMs"":20000},""milestoneTimings"":{""cleanup"":{""elapsedFrames"":21,""elapsedMs"":1101.4935,""frame"":123943,""observed"":true,""tick"":504298101631},""cleanupPrecededPresentation"":false,""cleanupTailFrames"":4,""cleanupTailMs"":173.2647,""presentation"":{""elapsedFrames"":17,""elapsedMs"":928.2288,""frame"":123939,""observed"":true,""tick"":504296368984},""presentationToCleanupFrames"":4,""presentationToCleanupMs"":173.2647,""sameObservation"":false,""strict"":{""elapsedFrames"":21,""elapsedMs"":1101.4935,""frame"":123943,""observed"":true,""tick"":504298101631}},""phaseDurations"":{""blockedOrPreparationToFirstPhysicalMutationMs"":270.6866,""dispatchToBlockedOrPreparationMs"":461.3755,""firstNewGenerationToCleanupDrainedMs"":215.1258,""firstPhysicalMutationToFirstNewGenerationMs"":154.3056,""presentationToStrictCompletionMs"":173.2647},""elapsed"":{""cleanupElapsedFrames"":21,""cleanupElapsedMs"":1101.4935,""presentationElapsedFrames"":17,""presentationElapsedMs"":928.2288,""strictElapsedFrames"":21,""strictElapsedMs"":1101.4935}},{""passNumber"":2,""ordinal"":25,""source"":{""method"":""fsr"",""qualityMode"":0,""renderScaleMode"":false},""target"":{""dlssProfile"":""K"",""method"":""dlss"",""qualityMode"":1,""renderScaleMode"":true},""receipt"":""raw/lane-nvidia/pass-2/transitions/25/retained.json"",""timing"":{""beginTick"":504348851660,""cleanupDrainedTick"":504370893535,""clock"":""query_performance_counter"",""dispatchTick"":504349462569,""elapsedFrames"":28,""elapsedMs"":2236.9897,""elapsedOrigin"":""qualification_dispatch"",""presentationStableTick"":504369200398,""stableTick"":504371832466,""strictSatisfiedTick"":504371832466,""tickFrequency"":10000000,""timeoutMs"":20000},""milestoneTimings"":{""cleanup"":{""elapsedFrames"":27,""elapsedMs"":2143.0966,""frame"":124073,""observed"":true,""tick"":504370893535},""cleanupPrecededPresentation"":false,""cleanupTailFrames"":2,""cleanupTailMs"":169.3137,""presentation"":{""elapsedFrames"":25,""elapsedMs"":1973.7829,""frame"":124071,""observed"":true,""tick"":504369200398},""presentationToCleanupFrames"":2,""presentationToCleanupMs"":169.3137,""sameObservation"":false,""strict"":{""elapsedFrames"":28,""elapsedMs"":2236.9897,""frame"":124074,""observed"":true,""tick"":504371832466}},""phaseDurations"":{""blockedOrPreparationToFirstPhysicalMutationMs"":50.6739,""dispatchToBlockedOrPreparationMs"":1138.6516,""firstNewGenerationToCleanupDrainedMs"":236.9446,""firstPhysicalMutationToFirstNewGenerationMs"":716.8265,""presentationToStrictCompletionMs"":263.2068},""elapsed"":{""cleanupElapsedFrames"":27,""cleanupElapsedMs"":2143.0966,""presentationElapsedFrames"":25,""presentationElapsedMs"":1973.7829,""strictElapsedFrames"":28,""strictElapsedMs"":2236.9897}},{""passNumber"":2,""ordinal"":26,""source"":{""method"":""dlss"",""qualityMode"":1,""renderScaleMode"":true},""target"":{""fsrRuntime"":""fsr3"",""method"":""fsr"",""qualityMode"":1,""renderScaleMode"":true},""receipt"":""raw/lane-nvidia/pass-2/transitions/26/retained.json"",""timing"":{""beginTick"":504422418406,""cleanupDrainedTick"":504431968120,""clock"":""query_performance_counter"",""dispatchTick"":504422895812,""elapsedFrames"":17,""elapsedMs"":956.4867,""elapsedOrigin"":""qualification_dispatch"",""presentationStableTick"":504432460679,""stableTick"":504432460679,""strictSatisfiedTick"":504432460679,""tickFrequency"":10000000,""timeoutMs"":20000},""milestoneTimings"":{""cleanup"":{""elapsedFrames"":16,""elapsedMs"":907.2308,""frame"":124196,""observed"":true,""tick"":504431968120},""cleanupPrecededPresentation"":true,""cleanupTailFrames"":0,""cleanupTailMs"":0,""presentation"":{""elapsedFrames"":17,""elapsedMs"":956.4867,""frame"":124197,""observed"":true,""tick"":504432460679},""presentationToCleanupFrames"":-1,""presentationToCleanupMs"":-49.2559,""sameObservation"":false,""strict"":{""elapsedFrames"":17,""elapsedMs"":956.4867,""frame"":124197,""observed"":true,""tick"":504432460679}},""phaseDurations"":{""blockedOrPreparationToFirstPhysicalMutationMs"":4.5819,""dispatchToBlockedOrPreparationMs"":388.9184,""firstNewGenerationToCleanupDrainedMs"":180.9049,""firstPhysicalMutationToFirstNewGenerationMs"":332.8256,""presentationToStrictCompletionMs"":0},""elapsed"":{""cleanupElapsedFrames"":16,""cleanupElapsedMs"":907.2308,""presentationElapsedFrames"":17,""presentationElapsedMs"":956.4867,""strictElapsedFrames"":17,""strictElapsedMs"":956.4867}},{""passNumber"":2,""ordinal"":27,""source"":{""method"":""fsr"",""qualityMode"":1,""renderScaleMode"":true},""target"":{""method"":""none"",""qualityMode"":0,""renderScaleMode"":false},""receipt"":""raw/lane-nvidia/pass-2/transitions/27/retained.json"",""timing"":{""beginTick"":504483276564,""cleanupDrainedTick"":504491749507,""clock"":""query_performance_counter"",""dispatchTick"":504483759896,""elapsedFrames"":16,""elapsedMs"":798.9611,""elapsedOrigin"":""qualification_dispatch"",""presentationStableTick"":504489228180,""stableTick"":504491749507,""strictSatisfiedTick"":504491749507,""tickFrequency"":10000000,""timeoutMs"":20000},""milestoneTimings"":{""cleanup"":{""elapsedFrames"":16,""elapsedMs"":798.9611,""frame"":124318,""observed"":true,""tick"":504491749507},""cleanupPrecededPresentation"":false,""cleanupTailFrames"":5,""cleanupTailMs"":252.1327,""presentation"":{""elapsedFrames"":11,""elapsedMs"":546.8284,""frame"":124313,""observed"":true,""tick"":504489228180},""presentationToCleanupFrames"":5,""presentationToCleanupMs"":252.1327,""sameObservation"":false,""strict"":{""elapsedFrames"":16,""elapsedMs"":798.9611,""frame"":124318,""observed"":true,""tick"":504491749507}},""phaseDurations"":{""blockedOrPreparationToFirstPhysicalMutationMs"":3.9284,""dispatchToBlockedOrPreparationMs"":385.4376,""firstNewGenerationToCleanupDrainedMs"":253.1966,""firstPhysicalMutationToFirstNewGenerationMs"":156.3985,""presentationToStrictCompletionMs"":252.1327},""elapsed"":{""cleanupElapsedFrames"":16,""cleanupElapsedMs"":798.9611,""presentationElapsedFrames"":11,""presentationElapsedMs"":546.8284,""strictElapsedFrames"":16,""strictElapsedMs"":798.9611}},{""passNumber"":2,""ordinal"":28,""source"":{""method"":""none"",""qualityMode"":0,""renderScaleMode"":false},""target"":{""fsrRuntime"":""fsr3"",""method"":""fsr"",""qualityMode"":6,""renderScaleMode"":true},""receipt"":""raw/lane-nvidia/pass-2/transitions/28/retained.json"",""timing"":{""beginTick"":504542254204,""cleanupDrainedTick"":504551813249,""clock"":""query_performance_counter"",""dispatchTick"":504542733000,""elapsedFrames"":16,""elapsedMs"":954.8728,""elapsedOrigin"":""qualification_dispatch"",""presentationStableTick"":504552281728,""stableTick"":504552281728,""strictSatisfiedTick"":504552281728,""tickFrequency"":10000000,""timeoutMs"":20000},""milestoneTimings"":{""cleanup"":{""elapsedFrames"":15,""elapsedMs"":908.0249,""frame"":124441,""observed"":true,""tick"":504551813249},""cleanupPrecededPresentation"":true,""cleanupTailFrames"":0,""cleanupTailMs"":0,""presentation"":{""elapsedFrames"":16,""elapsedMs"":954.8728,""frame"":124442,""observed"":true,""tick"":504552281728},""presentationToCleanupFrames"":-1,""presentationToCleanupMs"":-46.8479,""sameObservation"":false,""strict"":{""elapsedFrames"":16,""elapsedMs"":954.8728,""frame"":124442,""observed"":true,""tick"":504552281728}},""phaseDurations"":{""blockedOrPreparationToFirstPhysicalMutationMs"":4.329,""dispatchToBlockedOrPreparationMs"":426.022,""firstNewGenerationToCleanupDrainedMs"":175.1589,""firstPhysicalMutationToFirstNewGenerationMs"":302.515,""presentationToStrictCompletionMs"":0},""elapsed"":{""cleanupElapsedFrames"":15,""cleanupElapsedMs"":908.0249,""presentationElapsedFrames"":16,""presentationElapsedMs"":954.8728,""strictElapsedFrames"":16,""strictElapsedMs"":954.8728}},{""passNumber"":2,""ordinal"":29,""source"":{""method"":""fsr"",""qualityMode"":6,""renderScaleMode"":true},""target"":{""dlssProfile"":""K"",""method"":""dlss"",""qualityMode"":6,""renderScaleMode"":true},""receipt"":""raw/lane-nvidia/pass-2/transitions/29/retained.json"",""timing"":{""beginTick"":504603144364,""cleanupDrainedTick"":504623043817,""clock"":""query_performance_counter"",""dispatchTick"":504603634147,""elapsedFrames"":34,""elapsedMs"":2025.44,""elapsedOrigin"":""qualification_dispatch"",""presentationStableTick"":504621714572,""stableTick"":504623888547,""strictSatisfiedTick"":504623888547,""tickFrequency"":10000000,""timeoutMs"":20000},""milestoneTimings"":{""cleanup"":{""elapsedFrames"":33,""elapsedMs"":1940.967,""frame"":124580,""observed"":true,""tick"":504623043817},""cleanupPrecededPresentation"":false,""cleanupTailFrames"":3,""cleanupTailMs"":132.9245,""presentation"":{""elapsedFrames"":30,""elapsedMs"":1808.0425,""frame"":124577,""observed"":true,""tick"":504621714572},""presentationToCleanupFrames"":3,""presentationToCleanupMs"":132.9245,""sameObservation"":false,""strict"":{""elapsedFrames"":34,""elapsedMs"":2025.44,""frame"":124581,""observed"":true,""tick"":504623888547}},""phaseDurations"":{""blockedOrPreparationToFirstPhysicalMutationMs"":727.4764,""dispatchToBlockedOrPreparationMs"":530.9391,""firstNewGenerationToCleanupDrainedMs"":176.3939,""firstPhysicalMutationToFirstNewGenerationMs"":506.1576,""presentationToStrictCompletionMs"":217.3975},""elapsed"":{""cleanupElapsedFrames"":33,""cleanupElapsedMs"":1940.967,""presentationElapsedFrames"":30,""presentationElapsedMs"":1808.0425,""strictElapsedFrames"":34,""strictElapsedMs"":2025.44}},{""passNumber"":2,""ordinal"":30,""source"":{""method"":""dlss"",""qualityMode"":6,""renderScaleMode"":true},""target"":{""method"":""taa"",""qualityMode"":0,""renderScaleMode"":false},""receipt"":""raw/lane-nvidia/pass-2/transitions/30/retained.json"",""timing"":{""beginTick"":504674930287,""cleanupDrainedTick"":504683257892,""clock"":""query_performance_counter"",""dispatchTick"":504675385048,""elapsedFrames"":17,""elapsedMs"":787.2844,""elapsedOrigin"":""qualification_dispatch"",""presentationStableTick"":504680767333,""stableTick"":504683257892,""strictSatisfiedTick"":504683257892,""tickFrequency"":10000000,""timeoutMs"":20000},""milestoneTimings"":{""cleanup"":{""elapsedFrames"":17,""elapsedMs"":787.2844,""frame"":124707,""observed"":true,""tick"":504683257892},""cleanupPrecededPresentation"":false,""cleanupTailFrames"":6,""cleanupTailMs"":249.0559,""presentation"":{""elapsedFrames"":11,""elapsedMs"":538.2285,""frame"":124701,""observed"":true,""tick"":504680767333},""presentationToCleanupFrames"":6,""presentationToCleanupMs"":249.0559,""sameObservation"":false,""strict"":{""elapsedFrames"":17,""elapsedMs"":787.2844,""frame"":124707,""observed"":true,""tick"":504683257892}},""phaseDurations"":{""blockedOrPreparationToFirstPhysicalMutationMs"":4.1646,""dispatchToBlockedOrPreparationMs"":417.4557,""firstNewGenerationToCleanupDrainedMs"":249.4564,""firstPhysicalMutationToFirstNewGenerationMs"":116.2077,""presentationToStrictCompletionMs"":249.0559},""elapsed"":{""cleanupElapsedFrames"":17,""cleanupElapsedMs"":787.2844,""presentationElapsedFrames"":11,""presentationElapsedMs"":538.2285,""strictElapsedFrames"":17,""strictElapsedMs"":787.2844}},{""passNumber"":2,""ordinal"":31,""source"":{""method"":""taa"",""qualityMode"":0,""renderScaleMode"":false},""target"":{""fsrRuntime"":""fsr3"",""method"":""fsr"",""qualityMode"":0,""renderScaleMode"":false},""receipt"":""raw/lane-nvidia/pass-2/transitions/31/retained.json"",""timing"":{""beginTick"":504734142682,""cleanupDrainedTick"":504741213418,""clock"":""query_performance_counter"",""dispatchTick"":504734678762,""elapsedFrames"":11,""elapsedMs"":653.4656,""elapsedOrigin"":""qualification_dispatch"",""presentationStableTick"":504741213418,""stableTick"":504741213418,""strictSatisfiedTick"":504741213418,""tickFrequency"":10000000,""timeoutMs"":20000},""milestoneTimings"":{""cleanup"":{""elapsedFrames"":11,""elapsedMs"":653.4656,""frame"":124809,""observed"":true,""tick"":504741213418},""cleanupPrecededPresentation"":false,""cleanupTailFrames"":0,""cleanupTailMs"":0,""presentation"":{""elapsedFrames"":11,""elapsedMs"":653.4656,""frame"":124809,""observed"":true,""tick"":504741213418},""presentationToCleanupFrames"":0,""presentationToCleanupMs"":0,""sameObservation"":true,""strict"":{""elapsedFrames"":11,""elapsedMs"":653.4656,""frame"":124809,""observed"":true,""tick"":504741213418}},""phaseDurations"":{""blockedOrPreparationToFirstPhysicalMutationMs"":57.2968,""dispatchToBlockedOrPreparationMs"":453.4115,""firstNewGenerationToCleanupDrainedMs"":46.0105,""firstPhysicalMutationToFirstNewGenerationMs"":96.7468,""presentationToStrictCompletionMs"":0},""elapsed"":{""cleanupElapsedFrames"":11,""cleanupElapsedMs"":653.4656,""presentationElapsedFrames"":11,""presentationElapsedMs"":653.4656,""strictElapsedFrames"":11,""strictElapsedMs"":653.4656}},{""passNumber"":2,""ordinal"":32,""source"":{""method"":""fsr"",""qualityMode"":0,""renderScaleMode"":false},""target"":{""method"":""none"",""qualityMode"":0,""renderScaleMode"":false},""receipt"":""raw/lane-nvidia/pass-2/transitions/32/retained.json"",""timing"":{""beginTick"":504791940184,""cleanupDrainedTick"":504797675458,""clock"":""query_performance_counter"",""dispatchTick"":504792451221,""elapsedFrames"":11,""elapsedMs"":522.4237,""elapsedOrigin"":""qualification_dispatch"",""presentationStableTick"":504794731699,""stableTick"":504797675458,""strictSatisfiedTick"":504797675458,""tickFrequency"":10000000,""timeoutMs"":20000},""milestoneTimings"":{""cleanup"":{""elapsedFrames"":11,""elapsedMs"":522.4237,""frame"":124927,""observed"":true,""tick"":504797675458},""cleanupPrecededPresentation"":false,""cleanupTailFrames"":6,""cleanupTailMs"":294.3759,""presentation"":{""elapsedFrames"":5,""elapsedMs"":228.0478,""frame"":124921,""observed"":true,""tick"":504794731699},""presentationToCleanupFrames"":6,""presentationToCleanupMs"":294.3759,""sameObservation"":false,""strict"":{""elapsedFrames"":11,""elapsedMs"":522.4237,""frame"":124927,""observed"":true,""tick"":504797675458}},""phaseDurations"":{""blockedOrPreparationToFirstPhysicalMutationMs"":null,""dispatchToBlockedOrPreparationMs"":153.0821,""firstNewGenerationToCleanupDrainedMs"":null,""firstPhysicalMutationToFirstNewGenerationMs"":null,""presentationToStrictCompletionMs"":294.3759},""elapsed"":{""cleanupElapsedFrames"":11,""cleanupElapsedMs"":522.4237,""presentationElapsedFrames"":5,""presentationElapsedMs"":228.0478,""strictElapsedFrames"":11,""strictElapsedMs"":522.4237}},{""passNumber"":2,""ordinal"":33,""source"":{""method"":""none"",""qualityMode"":0,""renderScaleMode"":false},""target"":{""dlssProfile"":""K"",""method"":""dlss"",""qualityMode"":0,""renderScaleMode"":false},""receipt"":""raw/lane-nvidia/pass-2/transitions/33/retained.json"",""timing"":{""beginTick"":504848487778,""cleanupDrainedTick"":504851950583,""clock"":""query_performance_counter"",""dispatchTick"":504849039416,""elapsedFrames"":3,""elapsedMs"":291.1167,""elapsedOrigin"":""qualification_dispatch"",""presentationStableTick"":504851950583,""stableTick"":504851950583,""strictSatisfiedTick"":504851950583,""tickFrequency"":10000000,""timeoutMs"":20000},""milestoneTimings"":{""cleanup"":{""elapsedFrames"":3,""elapsedMs"":291.1167,""frame"":125037,""observed"":true,""tick"":504851950583},""cleanupPrecededPresentation"":false,""cleanupTailFrames"":0,""cleanupTailMs"":0,""presentation"":{""elapsedFrames"":3,""elapsedMs"":291.1167,""frame"":125037,""observed"":true,""tick"":504851950583},""presentationToCleanupFrames"":0,""presentationToCleanupMs"":0,""sameObservation"":true,""strict"":{""elapsedFrames"":3,""elapsedMs"":291.1167,""frame"":125037,""observed"":true,""tick"":504851950583}},""phaseDurations"":{""blockedOrPreparationToFirstPhysicalMutationMs"":null,""dispatchToBlockedOrPreparationMs"":291.1167,""firstNewGenerationToCleanupDrainedMs"":null,""firstPhysicalMutationToFirstNewGenerationMs"":null,""presentationToStrictCompletionMs"":0},""elapsed"":{""cleanupElapsedFrames"":3,""cleanupElapsedMs"":291.1167,""presentationElapsedFrames"":3,""presentationElapsedMs"":291.1167,""strictElapsedFrames"":3,""strictElapsedMs"":291.1167}}]}"
