run,save,context:categories:begin_technique,context:categories:d3d_map,context:categories:dirty_states,context:categories:dlss_evaluate,context:categories:lighting_geometry,context:categories:main_render_depth,context:categories:render_pass_immediate,context:categories:shadow_maps,context:categories:volumetric_shadow_shader_get,context:categories:wait_get_poses,context:kernelParentContext:cbp,context:kernelParentContext:hdtsmp64,context:kernelParentContext:other_or_unresolved,context:nativeByContext:begin_technique,context:nativeByContext:dirty_states,context:nativeByContext:dlss_evaluate,context:nativeByContext:lighting_geometry,context:nativeByContext:main_render_depth,context:nativeByContext:render_pass_immediate,context:nativeByContext:shadow_maps,context:nativeByContext:wait_get_poses,coverageErrorMs,coverageStatus,cpuSpikeEndpointDurationMs,cpuSpikeSampledSharePct,cpuSpikeSampledWeightMs,frames,missingRenderStackMs,process:accepted_draw_dispatch,process:accepted_draw_observer_candidate,process:colour_copy_sanitation,process:compound_frustum,process:d3d_lock_execution,process:guide_encoding,process:input_preparation,process:job_dispatch,process:job_wait_help_execution,process:leaf_csx,process:leaf_d3d11,process:leaf_kernel_sync,process:leaf_ngx_dlss,process:leaf_nvidia_um,process:leaf_openvr,process:leaf_other,process:leaf_skyrim,process:leaf_streamline,process:material_expanded_guard_and_pbr_union,process:material_expanded_guard_union,process:material_guard_union,process:material_legacy_guard_union,process:material_logger_descendant_in_guard,process:material_named_material_leaf,process:material_pbr_predicate,process:material_probe,process:material_rejection_logger,process:material_should_skip,process:native_resolved_render,process:native_stereo_boundary,process:native_unresolved,process:per_eye_submit,process:presentation_mutex_candidate,process:readback_wrapper,process:relatch_service,process:render_wrapper,process:retain_light,process:retain_scene,process:retention_allocator,process:retention_folded_reference_candidate,process:retention_hash,process:retention_reference,process:retention_spin,process:retention_vector,process:sphere_A,process:sphere_B,process:submit_upscaled_frame,process:temporal_union,process:truepbr_material_predicate,process:vendor_evaluate,processSampled,ready,recordedFps,render:accepted_draw_dispatch,render:accepted_draw_observer_candidate,render:colour_copy_sanitation,render:compound_frustum,render:d3d_lock_execution,render:guide_encoding,render:input_preparation,render:job_dispatch,render:job_wait_help_execution,render:leaf_csx,render:leaf_d3d11,render:leaf_kernel_sync,render:leaf_ngx_dlss,render:leaf_nvidia_um,render:leaf_openvr,render:leaf_other,render:leaf_skyrim,render:leaf_streamline,render:material_expanded_guard_and_pbr_union,render:material_expanded_guard_union,render:material_guard_union,render:material_legacy_guard_union,render:material_logger_descendant_in_guard,render:material_named_material_leaf,render:material_pbr_predicate,render:material_probe,render:material_rejection_logger,render:material_should_skip,render:native_resolved_render,render:native_stereo_boundary,render:native_unresolved,render:per_eye_submit,render:presentation_mutex_candidate,render:readback_wrapper,render:relatch_service,render:render_wrapper,render:retain_light,render:retain_scene,render:retention_allocator,render:retention_folded_reference_candidate,render:retention_hash,render:retention_reference,render:retention_spin,render:retention_vector,render:sphere_A,render:sphere_B,render:submit_upscaled_frame,render:temporal_union,render:truepbr_material_predicate,render:vendor_evaluate,renderRunning,renderSampled,unresolvedCsxMs,wait
Balanced 1,08,1.8794085000000003,0.692565666666666,0.5505635000000005,0.10671766666666666,0.638618666666667,0.8280926666666666,6.03686433333333,3.501048500000004,,0.17677733333333331,0.9041361666666667,0.6917183333333335,3.038056499999999,1.1186286666666667,0.2871191666666666,,0.31187416666666673,0.1786046666666667,2.488498500000003,1.0680938333333343,0.0016666666666666668,0.4673000010625401,PASS,0.0,0.0,0.0,600,26.426000000000002,,,0.0016666666666666668,0.015005833333333331,,,0.0033350000000000007,0.5336990000000001,0.0016681666666666665,1.6542281666666652,1.2603688333333325,6.738149833333335,0.051689,3.7634090000000007,0.13026649999999998,4.628408833333336,11.680852166666657,0.015004333333333331,0.12841849999999996,0.12841849999999996,0.12841849999999996,0.12841849999999996,0.0,0.12174949999999995,0.0,0.09671716666666667,0.0,0.12841849999999996,,0.1303965,11.680852166666657,0.12539266666666665,0.0016666666666666668,0.05007466666666666,,0.0016666666666666668,0.0116815,0.013353333333333333,0.006673333333333332,0.001674833333333333,,,,,0.06668549999999998,,,0.051741333333333334,,0.10671766666666666,29.922376666666622,0.054032666669219985,60.0,,,0.0016666666666666668,0.006672500000000001,,,0.0033350000000000007,,0.0016681666666666665,1.6275251666666655,1.2537021666666655,1.4263306666666675,0.051689,0.5527268333333333,0.12526649999999998,1.4603625000000002,6.101219499999992,0.015004333333333331,0.12841849999999996,0.12841849999999996,0.12841849999999996,0.12841849999999996,0.0,0.12174949999999995,0.0,0.09671716666666667,0.0,0.12841849999999996,,0.1303965,6.101219499999992,0.12539266666666665,0.0016666666666666668,0.05007466666666666,,0.0016666666666666668,0.0116815,0.013353333333333333,0.006673333333333332,0.001674833333333333,,,,,0.035018833333333325,,,0.051741333333333334,,0.10671766666666666,12.585555499999455,12.61382666666668,0.0,4.027857333333096
Balanced 1,11,0.6822908325537884,0.4638109448082317,0.32550982226379793,0.1179173994387278,0.5170848456501406,0.9910763330215149,2.8720371375116858,0.2616069223573434,0.3686316183348925,0.14321412535079517,5.876107577174937,7.41284331150607,3.6600814780168376,0.4585233863423759,0.09945416276894292,,0.24826959775491117,0.3283391019644527,1.0536747427502329,0.19931178671655753,0.002953227315247895,2.1079000014124176,PASS,1241.3692000000651,12.37635897248896,1157.6876999999993,1069,50.232699999999994,,,0.0047528531337698784,0.09357698783910197,,0.013101590271281573,,0.3544970065481759,0.14996108512628623,1.0295257249766134,0.7344815715622083,20.241276239476147,0.041172310570626744,2.8057245088868097,0.11183666978484566,7.823947895229185,13.529560898035534,0.019746585594013096,0.04979382600561272,0.04979382600561272,0.04979382600561272,0.04979382600561272,0.0,0.04979382600561272,0.0,0.04131066417212348,0.0,0.04979382600561272,,0.7680021515434985,13.529560898035534,0.7670665107577173,,0.033171842843779234,,0.0018752104770813844,0.022620954162768943,0.023560056127221705,0.003829373246024322,,0.003745463049579046,,0.0018734331150608045,,,0.3617869971936389,0.26763199251637065,0.03504705332086062,,0.1179173994387278,46.33727240411608,0.16296127221728496,106.9,,,0.0047528531337698784,0.003742376052385407,,0.013101590271281573,,0.02661927034611787,0.14996108512628623,1.0181579981290922,0.7278428437792337,1.678704583723106,0.041172310570626744,0.6433370439663237,0.1043531337698784,1.214631150608046,3.302311506080447,0.019746585594013096,0.04979382600561272,0.04979382600561272,0.04979382600561272,0.04979382600561272,0.0,0.04979382600561272,0.0,0.04131066417212348,0.0,0.04979382600561272,,0.7680021515434985,3.302311506080447,0.7670665107577173,,0.033171842843779234,,0.0018752104770813844,0.022620954162768943,0.023560056127221705,0.003829373246024322,,0.003745463049579046,,0.0018734331150608045,,,0.008595790458372311,0.26763199251637065,0.03504705332086062,,0.1179173994387278,8.65502217025383,8.75025715622075,0.0,0.5385253507949409
Balanced 1,09,0.8876803125000002,0.4613992708333333,0.37875270833333347,0.10841937500000003,0.22395302083333327,0.4313865625,3.764867812499998,2.9134798958333374,,0.14067645833333337,1.0831727083333331,0.6201625,2.719912708333333,0.41286583333333354,0.2066465625,,0.08646052083333328,0.07708604166666663,1.3341414583333326,0.8790176041666665,0.004167187500000001,1.2884999959951529,PASS,633.2077999999797,6.405910674713964,554.8354999999999,960,36.1386,,,0.002084270833333333,0.008333333333333333,,,0.005208541666666667,0.8452385416666669,,1.1304953124999995,0.9850950000000004,6.306586875000002,0.03966708333333333,3.8256307291666656,0.1011634375,4.5998907291666695,6.911606770833324,0.019793229166666662,0.11075635416666672,0.11075635416666672,0.11075635416666672,0.11075635416666672,0.0,0.10555531250000003,0.0,0.08566145833333333,0.0,0.11075635416666672,,1.3506063541666662,6.911606770833324,1.3485231249999998,,0.05042635416666666,,0.0020834375,0.007306666666666667,0.007306666666666667,0.003125520833333333,,0.0010419791666666665,,,0.0010416666666666667,,0.015625,,0.05250979166666665,,0.10841937500000003,23.91992916666669,0.058621145830913456,96.0,,,0.002084270833333333,,,,0.005208541666666667,,,1.1211034374999995,0.9767616666666671,1.4161233333333334,0.03966708333333333,1.3191271874999997,0.0949134375,1.1694581249999996,2.865245833333332,0.019793229166666662,0.11075635416666672,0.11075635416666672,0.11075635416666672,0.11075635416666672,0.0,0.10555531250000003,0.0,0.08566145833333333,0.0,0.11075635416666672,,1.3506063541666662,2.865245833333332,1.3485231249999998,,0.05042635416666666,,0.0020834375,0.007306666666666667,0.007306666666666667,0.003125520833333333,,0.0010419791666666665,,,0.0010416666666666667,,,,0.05250979166666665,,0.10841937500000003,9.014260416663527,9.022193333333357,0.0,1.3451272916680541
Balanced 1,12,0.7202830954994507,0.5109030735455542,0.3271228320526893,0.14391229418221743,0.6148335894621296,1.3475822173435787,3.305816904500544,0.5307192096597146,0.5275466520307353,0.19391009879253562,1.4406216245883654,0.7460045005488473,3.0822139407244817,0.4871691547749727,0.10794983534577392,0.0010981339187705818,0.2990593852908891,0.5733167947310646,1.137030186608124,0.40958671789242584,0.004481119648737651,7.925100028178349,PASS*,575.0504999996906,5.873100564943483,555.9398999999995,911,32.133199999999995,,,0.0010987925356750821,0.42252634467618005,,0.00658913282107574,,0.33479055982436884,0.34864270032930855,1.1070182217343578,0.8322587266739854,8.234438090010984,0.047265751920965965,3.1028938529088945,0.1458251372118551,8.216828320526908,18.054019758507106,0.024193194291986832,0.05937958287596047,0.05937958287596047,0.05937958287596047,0.05937958287596047,0.0,0.05828155872667398,0.0,0.04838979143798024,0.0,0.05937958287596047,,0.5147140504939626,18.054019758507106,0.5125182217343577,0.0010981339187705818,0.02856059275521405,,0.0033654226125137215,0.028647749725576283,0.029745444566410532,0.014312623490669595,0.0010976948408342481,0.005489132821075741,,,0.0010976948408342481,,1.7965630076838643,0.311980461031833,0.031926015367727774,,0.14391229418221743,39.764741053787084,0.05527936336190312,91.1,,,0.0010987925356750821,0.029770472008781558,,0.00658913282107574,,0.14860274423710207,0.34864270032930855,1.0958969264544458,0.8267702524698141,1.7885671789242614,0.047265751920965965,0.44028803512623477,0.13697047200878154,1.2947525795828767,4.738124588364434,0.021997804610318333,0.05937958287596047,0.05937958287596047,0.05937958287596047,0.05937958287596047,0.0,0.05828155872667398,0.0,0.04838979143798024,0.0,0.05937958287596047,,0.5147140504939626,4.738124588364434,0.5125182217343577,0.0010981339187705818,0.02856059275521405,,0.0033654226125137215,0.028647749725576283,0.029745444566410532,0.014312623490669595,0.0010976948408342481,0.005489132821075741,,,0.0010976948408342481,,0.1168032930845225,0.311980461031833,0.031926015367727774,,0.14391229418221743,10.38487793633454,10.390633589462125,0.0,0.5454904500600657
Balanced 1,10,1.2906616331096203,0.5961496644295298,0.5079039149888142,0.13316185682326623,0.34897595078299765,0.5055810961968682,4.840800559284116,3.6462885906040206,,0.1532468680089485,5.688610178970901,6.639369351230422,3.496100335570473,0.6688574944071592,0.27625514541387014,0.0011185682326621924,0.14875704697986578,0.09508937360178973,1.846630313199102,1.1430809843400436,0.0011190156599552572,0.22950003533696872,PASS,0.0,0.0,0.0,894,78.05850000000002,,,,,,,0.008948434004474272,0.7263004474272932,0.0011185682326621924,1.471831096196869,1.078655592841163,18.14137348993285,0.044763087248322155,3.453597203579416,0.10766565995525727,6.438672035794187,8.836172035794176,0.019022595078299776,0.16553903803131984,0.16553903803131984,0.16553903803131984,0.16553903803131984,0.0,0.15099541387024595,0.0,0.12191353467561516,0.0,0.16553903803131984,,0.1271903803131991,8.836172035794176,0.12495190156599549,,0.007824384787472036,,0.0011191275167785233,0.008946868008948545,0.008946868008948545,0.005591275167785234,,0.0022365771812080533,,,,,,,0.00894351230425056,,0.13316185682326623,39.59175279642061,0.05401073828839866,89.4,,,,,,,0.008948434004474272,,0.0011185682326621924,1.448345190156601,1.0696738255033553,1.5264525727069322,0.044763087248322155,0.45119306487695743,0.09759854586129753,1.5531758389261743,4.5616784116331,0.019022595078299776,0.16553903803131984,0.16553903803131984,0.16553903803131984,0.16553903803131984,0.0,0.15099541387024595,0.0,0.12191353467561516,0.0,0.16553903803131984,,0.1271903803131991,4.5616784116331,0.12495190156599549,,0.007824384787472036,,0.0011191275167785233,0.008946868008948545,0.008946868008948545,0.005591275167785234,,0.0022365771812080533,,,,,,,0.00894351230425056,,0.13316185682326623,10.754279418347453,10.771903131991088,0.0,0.3776488814349945
Balanced 1,13,1.7690458904109563,1.0054546232876715,0.5981176369863015,0.1370563356164384,1.3376255136986304,3.0422736301369864,7.3197489726027305,0.404831506849315,1.0904095890410959,0.16486130136986304,0.863752910958904,0.6618344178082193,3.1265083904109594,1.2928479452054775,0.2536496575342464,,0.6593618150684941,1.2259111301369872,2.9235522260274007,0.3362080479452055,,1.1393000141088123,PASS,2766.287499999862,28.436961493224697,2710.8010999999974,584,29.004400000000004,,,0.006852568493150685,0.7408133561643835,,0.0034260273972602736,,0.31773698630136993,0.36088972602739744,2.221664726027397,1.5189741438356152,7.62397277397259,0.04796883561643835,4.380024486301374,0.17683595890410958,5.241965239726031,21.8188498287671,0.018835616438356163,0.0995544520547945,0.0995544520547945,0.0995544520547945,0.0995544520547945,0.0,0.09955462328767122,0.0,0.0858583904109589,0.0,0.0995544520547945,,0.4237874999999999,21.8188498287671,0.4203614726027396,0.0017131849315068493,,,0.005136301369863014,0.015420205479452054,0.015420205479452054,0.01199708904109589,0.0017123287671232876,0.0034273972602739725,,,,,3.2435948630136995,0.28953184931506837,0.005136301369863014,,0.1370563356164384,43.04909160958904,0.04886592467381536,58.4,,,0.006852568493150685,0.11522722602739728,,0.0034260273972602736,,0.17168099315068486,0.36088972602739744,2.180115068493149,1.50869315068493,2.1533876712328763,0.04796883561643835,0.639685616438356,0.16137140410958906,1.7709366438356182,7.843779794520552,0.017123287671232876,0.0995544520547945,0.0995544520547945,0.0995544520547945,0.0995544520547945,0.0,0.09955462328767122,0.0,0.0858583904109589,0.0,0.0995544520547945,,0.4237874999999999,7.843779794520552,0.4203614726027396,0.0017131849315068493,,,0.005136301369863014,0.015420205479452054,0.015420205479452054,0.01199708904109589,0.0017123287671232876,0.0034273972602739725,,,,,0.4396467465753424,0.28953184931506837,0.005136301369863014,,0.1370563356164384,16.271898287670176,16.323061472602777,0.0,0.8044743150774271
Performance,08,1.814339065108516,0.8788844741235395,0.5561459098497493,0.11858981636060101,0.6881774624373959,0.8154382303839732,6.334667278797987,3.73310801335559,,0.16193005008347247,6.586861435726214,8.727455759599303,3.9583417362270463,1.1104622704507507,0.30728848080133564,0.0016702838063439064,0.30900701168614364,0.18704373956594322,2.5224580968280477,1.1101484140233724,0.00333889816360601,0.161300000605479,PASS,183.29949999998973,2.183241770989503,180.4399000000001,599,58.177099999999996,,,0.00167212020033389,0.021702838063439065,,,0.00167212020033389,0.5294904841402337,,1.685379966611017,1.4477442404006682,21.922454757929877,0.040089816360601,3.9792200333889807,0.11240734557595992,6.650395993322209,13.339807846410665,0.010021869782971619,0.11711836393989984,0.11711836393989984,0.11711836393989984,0.11711836393989984,0.0,0.11545008347245411,0.0,0.08704207011686145,0.0,0.11711836393989984,,0.1305924874791319,13.339807846410665,0.1272517529215359,0.0016702838063439064,0.05349015025041736,,0.003391819699499165,0.015101502504173622,0.015101502504173622,0.00507262103505843,,0.00333889816360601,,,,0.07348196994991651,,,0.056881969949916525,,0.11858981636060101,49.187521869783026,0.09875358931576242,59.9,,,0.00167212020033389,0.00667779632721202,,,0.00167212020033389,,,1.656655926544239,1.4410664440734562,1.7005208681135238,0.040089816360601,0.6718951585976627,0.10571051752921534,1.6041534223706162,6.567497829716182,0.010021869782971619,0.11711836393989984,0.11711836393989984,0.11711836393989984,0.11711836393989984,0.0,0.11545008347245411,0.0,0.08704207011686145,0.0,0.11711836393989984,,0.1305924874791319,6.567497829716182,0.1272517529215359,0.0016702838063439064,0.05349015025041736,,0.003391819699499165,0.015101502504173622,0.015101502504173622,0.00507262103505843,,0.00333889816360601,,,,0.030055759599332214,,,0.056881969949916525,,0.11858981636060101,13.823393155259964,13.797611853088465,0.0,2.7726133555922288
Performance,11,0.7281152679474212,0.44948068756319465,0.32260535894843256,0.13556491405460064,0.5719937310414565,1.0876364004044485,3.1099903943377156,0.25921142568250755,0.43175965621840234,0.15558008088978773,7.208328311425669,9.22339888776541,4.157492214357936,0.5231256825075831,0.11464024266936296,0.0010127401415571285,0.2775268958543984,0.3492396359959554,1.1494755308392308,0.21217785642062692,0.0031178968655207278,1.8630000085940992,PASS,1191.5439999999649,11.852612668397665,1080.568999999999,989,59.405899999999995,,,0.004043781597573307,0.08511476238624874,,0.006067340748230536,,0.2829158746208291,0.1420593528816987,1.1331679474216372,0.7778734074823046,24.319091102123405,0.048545601617795746,2.6718875631951478,0.10962952477249749,9.986919009100097,14.287779069767423,0.018209302325581395,0.05557512639029325,0.05557512639029325,0.05557512639029325,0.05557512639029325,0.0,0.05254641051567242,0.0,0.046479373104145606,0.0,0.05557512639029325,,0.5816978766430736,14.287779069767423,0.5816978766430736,,0.027603336703741155,,0.0010111223458038423,0.01733589484327604,0.019358139534883724,0.009166835187057635,0.0020222446916076846,0.003033367037411527,,,,,0.3010906976744186,0.28833933265925155,0.02861445904954499,,0.13556491405460064,53.353102527806286,0.31214954500081693,98.9,,,0.004043781597573307,0.0010900910010111225,,0.006067340748230536,,0.023456825075834173,0.1420593528816987,1.1158086956521729,0.771774014155712,1.7382408493427703,0.048545601617795746,0.4552220424671381,0.10245743174924166,1.457196157735087,3.5116719919110153,0.01719817997977755,0.05557512639029325,0.05557512639029325,0.05557512639029325,0.05557512639029325,0.0,0.05254641051567242,0.0,0.046479373104145606,0.0,0.05557512639029325,,0.5816978766430736,3.5116719919110153,0.5816978766430736,,0.027603336703741155,,0.0010111223458038423,0.01733589484327604,0.019358139534883724,0.009166835187057635,0.0020222446916076846,0.003033367037411527,,,,,0.013303842264914054,0.28833933265925155,0.02861445904954499,,0.13556491405460064,9.164119514664927,9.21811496461072,0.0,0.6368381193116001
Performance,09,0.8996164212910533,0.5153559456398638,0.3786724801812007,0.1359229898074745,0.25034314835787086,0.439649377123443,3.9621524348810913,3.1193450736126866,,0.1506267270668177,1.1227679501698753,0.5704432616081541,2.7561408833522076,0.4151823329558321,0.22005979614949037,0.0011328425821064553,0.11212219705549266,0.07262457531143826,1.4378235560588923,1.0030028312570785,0.0033969422423556057,0.2976999993989011,PASS,200.06749999998874,2.2093489641805104,185.697,883,44.202400000000004,,,,0.0056625141562853904,,,,0.8951687429218574,,1.1630630804077016,1.0445798414496028,6.5372262740656835,0.037386296715741785,3.9738304643261615,0.13070317100792753,5.211255492638736,7.708489807474524,0.028315062287655714,0.08522729331823328,0.08522729331823328,0.08522729331823328,0.08522729331823328,0.0,0.07955526613816534,0.0,0.06363533408833522,0.0,0.08522729331823328,,1.3178731596828985,7.708489807474524,1.315607814269535,0.004529784824462061,0.054693544733861836,,0.004530011325028313,0.006792298980747452,0.007989354473386185,0.0022650056625141564,,0.00459184597961495,,0.0022644394110985277,,,0.014722536806342015,,0.05922355605889015,,0.1359229898074745,25.834849490373642,0.06385141562606,88.3,,,,,,,,,,1.150602265005663,1.0411823329558316,1.3790138165345425,0.037386296715741785,1.3649575311438282,0.12496240090600227,1.2254898074745184,3.1668392978482474,0.028315062287655714,0.08522729331823328,0.08522729331823328,0.08522729331823328,0.08522729331823328,0.0,0.07955526613816534,0.0,0.06363533408833522,0.0,0.08522729331823328,,1.3178731596828985,3.1668392978482474,1.315607814269535,0.004529784824462061,0.054693544733861836,,0.004530011325028313,0.006792298980747452,0.007989354473386185,0.0022650056625141564,,0.00459184597961495,,0.0022644394110985277,,,,,0.05922355605889015,,0.1359229898074745,9.506927066817534,9.518748810872022,0.0,1.7545869762193704
Performance,12,0.6992906392694073,0.5025523972602739,0.3151337899543378,0.150883105022831,0.5540533105022832,1.3729939497716894,3.234131164383559,0.5320498858447491,0.5202779680365296,0.18590057077625566,1.3766550228310501,0.6880047945205481,3.18203207762557,0.452578767123288,0.11474372146118716,0.003425456621004566,0.2827675799086759,0.5565320776255706,1.1168657534246578,0.4014195205479452,0.003469748858447489,5.492400027156691,REVIEW_REQUIRED,616.6320000000383,6.3063809639559025,596.9260000000003,876,52.3018,,,0.007989155251141553,0.4129792237442922,,0.0159837899543379,,0.31839942922374426,0.3598063926940637,1.1334852739726027,0.8358059360730591,8.289094977168952,0.05482876712328766,3.18116803652968,0.14382705479452051,5.523756735159819,18.566189497716916,0.022843150684931507,0.04809977168949773,0.04809977168949773,0.04809977168949773,0.04809977168949773,0.0,0.049241324200913254,0.0,0.04581952054794521,0.0,0.04809977168949773,,0.8394106164383567,18.566189497716916,0.8359833333333337,0.0011484018264840182,0.03437294520547945,,0.001142351598173516,0.025130821917808216,0.027413926940639266,0.010278310502283105,0.00228310502283105,0.00800433789954338,,,,,1.776009703196347,0.32219383561643833,0.035515296803652965,,0.150883105022831,37.75099942922386,0.06333710047925803,87.6,,,0.007989155251141553,0.02421986301369863,,0.0159837899543379,,0.13878698630136985,0.3598063926940637,1.1197202054794522,0.828956621004566,1.8092781963470332,0.05482876712328766,0.6557942922374425,0.13469360730593605,1.337962100456621,4.841207077625575,0.022843150684931507,0.04809977168949773,0.04809977168949773,0.04809977168949773,0.04809977168949773,0.0,0.049241324200913254,0.0,0.04581952054794521,0.0,0.04809977168949773,,0.8394106164383567,4.841207077625575,0.8359833333333337,0.0011484018264840182,0.03437294520547945,,0.001142351598173516,0.025130821917808216,0.027413926940639266,0.010278310502283105,0.00228310502283105,0.00800433789954338,,,,,0.13327248858447488,0.32219383561643833,0.035515296803652965,,0.150883105022831,10.759658904112548,10.805284018264853,0.0,0.5987989726081437
Performance,10,1.403528539071347,0.5494939977349943,0.4711575311438279,0.11781121177802947,0.33294983012457513,0.4960441676104191,4.942671121177802,3.7254497168742877,,0.15514937712344284,6.390146772366933,8.113668629671587,3.730658890147231,0.6843448471121182,0.2797570781426953,0.003398754246885617,0.15855186862967166,0.11664903737259343,1.8839534541336307,1.1581021517553787,0.0022668176670441673,2.3826000254666724,PASS,33.3395999999766,0.3141270717238909,30.0921,883,59.312900000000006,,,0.0022644394110985277,,,,0.0011327293318233295,0.7170429218573047,,1.4348007927519815,1.0311770101925264,20.812991053227655,0.040785390713476775,3.5334511891279763,0.10913567383918456,6.531044507361276,8.95826828992072,0.022725934314835782,0.13027112117780296,0.13027112117780296,0.13027112117780296,0.13027112117780296,0.0,0.1234646659116648,0.0,0.11440430351075877,0.0,0.13027112117780296,,0.21464269535673838,8.95826828992072,0.21237655719139292,0.0011325028312570782,0.03733567383918458,,0.0022676104190260476,0.013666138165345412,0.014798980747451868,0.005661947904869761,,0.00566149490373726,,,0.0011322763306908267,,,,0.03960328425821064,,0.11781121177802947,42.47437984144953,0.1258419026319979,88.3,,,0.0022644394110985277,,,,0.0011327293318233295,,,1.4212107587768965,1.0198519818799558,1.523468969422424,0.040785390713476775,0.5337168742921857,0.10233986409966023,1.5684489241223125,4.617501812004545,0.021593431483578705,0.13027112117780296,0.13027112117780296,0.13027112117780296,0.13027112117780296,0.0,0.1234646659116648,0.0,0.11440430351075877,0.0,0.13027112117780296,,0.21464269535673838,4.617501812004545,0.21237655719139292,0.0011325028312570782,0.03733567383918458,,0.0022676104190260476,0.013666138165345412,0.014798980747451868,0.005661947904869761,,0.00566149490373726,,,0.0011322763306908267,,,,0.03960328425821064,,0.11781121177802947,10.819479161944631,10.848918006795024,0.0,0.3824055492687471
Performance,13,1.8292854316546798,1.0129667266187055,0.754464028776978,0.17635377697841728,1.419425899280578,3.1053517985611516,7.6775791366906665,0.4902629496402878,1.0617361510791372,0.17559982014388487,1.0995030575539564,0.7896451438848913,3.634031834532373,1.3398821942446062,0.3352359712230217,0.005399999999999999,0.6458106115107911,1.342127697841726,3.15292284172662,0.38747140287769777,0.003597841726618705,0.8260000136378949,PASS,3282.9187000002094,32.90672999001323,3206.632599999995,556,39.2332,,,0.001799460431654676,0.7587368705035971,,0.008997482014388488,,0.2921147482014389,0.30453723021582724,2.398328956834535,1.5914958633093519,8.904295863309363,0.07018129496402878,4.836064388489208,0.2060242805755396,5.991381654676259,24.845187949640245,0.019793525179856115,0.15304046762589932,0.15304046762589932,0.15304046762589932,0.15304046762589932,0.0,0.14944244604316553,0.0,0.13865179856115115,0.0,0.15304046762589932,,0.47962949640287766,24.845187949640245,0.477830035971223,0.001798021582733813,0.003600179856115108,,0.005398381294964029,0.021608812949640288,0.023408812949640288,0.012591007194244603,,0.0018080935251798562,,,,,3.2138120503597136,0.33830305755395684,0.008998561151079137,,0.17635377697841728,48.86275377697849,0.04771996404930005,55.6,,,0.001799460431654676,0.12111492805755396,,0.008997482014388488,,0.12062643884892088,0.30453723021582724,2.362724820143887,1.577047661870503,2.3952221223021604,0.07018129496402878,0.6951622302158273,0.16645593525179858,1.8634965827338141,8.376193345323756,0.019793525179856115,0.15304046762589932,0.15304046762589932,0.15304046762589932,0.15304046762589932,0.0,0.14944244604316553,0.0,0.13865179856115115,0.0,0.15304046762589932,,0.47962949640287766,8.376193345323756,0.477830035971223,0.001798021582733813,0.003600179856115108,,0.005398381294964029,0.021608812949640288,0.023408812949640288,0.012591007194244603,,0.0018080935251798562,,,,,0.5400561151079141,0.33830305755395684,0.008998561151079137,,0.17635377697841728,17.467821942445696,17.526277517985484,0.0,0.47155521583169385
Legacy,08,1.8565333889816356,0.7422191986644405,0.5579146911519203,0.13192654424040065,0.704674123539232,0.8645532554257095,6.351092821368937,3.64121986644408,,0.18030150250417362,7.090710517529204,8.874895993322195,4.130822370617697,1.0774899833055083,0.3440270450751251,,0.35218514190317174,0.18715025041736227,2.5827779632721253,1.0834358931552592,0.00333889816360601,0.09090000024843903,PASS,266.6119000000293,3.031062530594626,255.24599999999995,599,65.1046,,,0.00333889816360601,0.018398330550918197,,,0.006678297161936561,0.5812340567612688,,1.7439497495826386,1.3898400667779631,22.833586310517497,0.0567787979966611,3.9017220367278784,0.09700584307178631,7.690964106844761,13.245384808013362,0.02838881469115192,0.11517879799666111,0.11517879799666111,0.11517879799666111,0.11517879799666111,0.0,0.10682871452420702,0.0,0.08678697829716195,0.0,0.11517879799666111,,0.13909666110183638,13.245384808013362,0.13909666110183638,,0.0418330550918197,,,0.026793823038397332,0.028463272120200337,0.006693155258764607,0.001669449081803005,0.00333889816360601,,,,0.06847996661101836,,,0.0418330550918197,,0.13192654424040065,50.98762053422366,0.12973188647820352,59.9,,,0.00333889816360601,0.006672787979966611,,,0.006678297161936561,,,1.7103891485809697,1.3764632721202004,1.6492168614357245,0.0567787979966611,0.6188752921535894,0.0953363939899833,1.8017282136894834,6.722935726210365,0.026719365609348913,0.11517879799666111,0.11517879799666111,0.11517879799666111,0.11517879799666111,0.0,0.10682871452420702,0.0,0.08678697829716195,0.0,0.11517879799666111,,0.13909666110183638,6.722935726210365,0.13909666110183638,,0.0418330550918197,,,0.026793823038397332,0.028463272120200337,0.006693155258764607,0.001669449081803005,0.00333889816360601,,,,0.028363439065108513,,,0.0418330550918197,,0.13192654424040065,14.157947078464305,14.058443071786268,0.0,2.406963606009494
Legacy,11,0.7259824016563147,0.502491718426501,0.38660258799171854,0.1657923395445134,0.5784418219461699,1.1154991718426501,3.136049378881983,0.2814714285714285,0.4092871635610769,0.20283271221532093,6.932545238095225,7.9902434782608776,4.113905900621122,0.48110362318840566,0.13473105590062107,0.0010351966873706005,0.2654733954451346,0.35897070393374747,1.1337402691511391,0.22921739130434776,0.005318426501035196,1.827000002760542,PASS,1016.5412000000913,10.153541013776419,947.7032000000005,966,56.252900000000004,,,0.00517888198757764,0.10053768115942029,,0.012427639751552796,,0.30508167701863353,0.1526204968944099,1.2238024844720494,0.8431780538302283,22.699726501035244,0.06947691511387162,3.0478661490683234,0.1590584886128365,8.388777018633558,15.036813871635559,0.022777846790890267,0.05189741200828159,0.05189741200828159,0.05189741200828159,0.05189741200828159,0.0,0.047751138716356126,0.0,0.03843064182194618,0.0,0.05189741200828159,,0.8370547619047624,15.036813871635559,0.8360196687370605,0.0010350931677018634,0.036513975155279495,,0.0032105590062111804,0.02286873706004141,0.02390393374741201,0.004134368530020704,0.0041473084886128365,0.008383954451345757,0.0010351966873706005,,0.001032815734989648,,0.35993923395445143,0.3481104554865426,0.03972453416149068,,0.1657923395445134,51.49147732919247,0.17276097309032584,96.6,,,0.00517888198757764,0.0010351966873706005,,0.012427639751552796,,0.016863768115942028,0.1526204968944099,1.2103429606625256,0.830755693581781,1.741480020703933,0.06947691511387162,0.6599788819875774,0.14974171842650108,1.4242308488612834,3.5544874741200814,0.021742650103519667,0.05189741200828159,0.05189741200828159,0.05189741200828159,0.05189741200828159,0.0,0.047751138716356126,0.0,0.03843064182194618,0.0,0.05189741200828159,,0.8370547619047624,3.5544874741200814,0.8360196687370605,0.0010350931677018634,0.036513975155279495,,0.0032105590062111804,0.02286873706004141,0.02390393374741201,0.004134368530020704,0.0041473084886128365,0.008383954451345757,0.0010351966873706005,,0.001032815734989648,,0.006211180124223602,0.3481104554865426,0.03972453416149068,,0.1657923395445134,9.566913354036725,9.662237163561045,0.0,0.6141838509296361
Legacy,09,0.9137373576309803,0.4827735763097946,0.34896025056947616,0.13788826879271074,0.2653905466970387,0.4441978359908884,3.936932687927113,3.094274031890661,,0.16398929384965824,1.175698633257403,0.5545097949886103,2.7730854214122993,0.41519202733485183,0.18694305239179954,0.0011391799544419135,0.10593747152619586,0.07630694760820045,1.3987712984054657,0.9534006833712982,0.0011387243735763099,2.231399999167479,PASS,175.0646999998935,1.860002534407995,153.54660000000004,878,47.364599999999996,,,0.0012345102505694763,0.0056947608200455585,,,0.006833599088838269,0.9219499999999999,,1.1834595671981767,0.9810596810933947,6.491215375854215,0.05923644646924829,4.083328815489749,0.13220968109339404,4.9624448747152625,7.503529726651472,0.018297608200455583,0.09344999999999999,0.09344999999999999,0.09344999999999999,0.09344999999999999,0.0,0.08889555808656036,0.0,0.07631526195899772,0.0,0.09344999999999999,,1.3589045558086557,7.503529726651472,1.3554883826879265,0.002278018223234624,0.050475626423690204,,0.0022773348519362184,0.007968109339407746,0.007968109339407746,0.004551708428246014,0.0022774487471526198,,,0.001151025056947608,,,0.006835763097949886,,0.05275296127562642,,0.13788826879271074,25.414781776765352,0.0622706150329396,87.8,,,0.0012345102505694763,,,,0.006833599088838269,,,1.1685380410022779,0.9753649202733492,1.3549395216400912,0.05923644646924829,1.414898519362186,0.12309806378132115,1.2337579726651484,3.0541266514806393,0.018297608200455583,0.09344999999999999,0.09344999999999999,0.09344999999999999,0.09344999999999999,0.0,0.08889555808656036,0.0,0.07631526195899772,0.0,0.09344999999999999,,1.3589045558086557,3.0541266514806393,1.3554883826879265,0.002278018223234624,0.050475626423690204,,0.0022773348519362184,0.007968109339407746,0.007968109339407746,0.004551708428246014,0.0022774487471526198,,,0.001151025056947608,,,,,0.05275296127562642,,0.13788826879271074,9.453734851935767,9.402257744874705,0.0,1.8760576309802315
Legacy,12,0.6684839080459771,0.4933856321839083,0.3576027586206897,0.14607229885057463,0.59847459770115,1.4296050574712644,3.358148045977005,0.5664903448275861,0.49835091954023003,0.18078494252873567,1.2859932183908045,0.6980920689655176,3.248202988505748,0.4296977011494251,0.1361714942528736,,0.29817977011494257,0.6545090804597695,1.1572677011494252,0.43958448275862055,,5.526300027466277,REVIEW_REQUIRED,416.69320000028165,4.279433920971433,409.7943000000003,870,47.0693,,,0.002298045977011494,0.3928151724137932,,0.009199540229885056,,0.3206225287356323,0.38621068965517247,1.2032866666666662,0.8776579310344826,8.442951724137936,0.04140839080459768,3.464502528735634,0.14577482758620694,6.005546781609187,19.121456666666656,0.021847471264367816,0.06802149425287356,0.06802149425287356,0.06802149425287356,0.06802149425287356,0.0,0.06457459770114943,0.0,0.061081034482758624,0.0,0.06802149425287356,,0.8504463218390812,19.121456666666656,0.8458472413793109,0.0011496551724137932,0.036836551724137925,,0.006965287356321838,0.018568045977011498,0.02086873563218391,0.00936137931034483,0.0011494252873563218,0.004601609195402299,,,0.0011483908045977012,,1.9019034482758623,0.3162704597701153,0.043801839080459766,,0.14607229885057463,39.324432988505706,0.0640434483048351,87.0,,,0.002298045977011494,0.024175977011494255,,0.009199540229885056,,0.14084999999999998,0.38621068965517247,1.1904990804597695,0.8695164367816093,1.797076436781611,0.04140839080459768,0.6735587356321846,0.13657942528735637,1.3253713793103454,4.950923908045982,0.021847471264367816,0.06802149425287356,0.06802149425287356,0.06802149425287356,0.06802149425287356,0.0,0.06457459770114943,0.0,0.061081034482758624,0.0,0.06802149425287356,,0.8504463218390812,4.950923908045982,0.8458472413793109,0.0011496551724137932,0.036836551724137925,,0.006965287356321838,0.018568045977011498,0.02086873563218391,0.00936137931034483,0.0011494252873563218,0.004601609195402299,,,0.0011483908045977012,,0.16093816091954022,0.3162704597701153,0.043801839080459766,,0.14607229885057463,11.025635977010639,11.006781264367778,0.0,0.41092551724483234
Legacy,10,1.2340761538461538,0.5835738461538451,0.480245934065934,0.13631571428571435,0.3231059340659343,0.4395747252747255,4.690445934065937,3.656406813186818,,0.13847120879120878,6.491942527472539,7.330897802197817,3.5106119780219776,0.6098509890109897,0.24288835164835143,,0.14834758241758236,0.10000626373626371,1.7420307692307726,1.1233961538461543,0.0010986813186813188,0.22530003199608473,PASS,83.32519999987653,0.8063476171631846,77.1114,910,62.200900000000004,,,0.002281868131868132,,,,0.005496923076923076,0.6697262637362636,,1.416452417582419,1.1058715384615374,19.83059340659339,0.041774065934065935,3.568968791208791,0.12129428571428574,6.362864285714273,8.680086813186822,0.019787472527472528,0.13954692307692299,0.13954692307692299,0.13954692307692299,0.13954692307692299,0.0,0.1307515384615384,0.0,0.11206989010989007,0.0,0.13954692307692299,,0.16673703296703302,8.680086813186822,0.1623391208791209,0.001099120879120879,0.023052747252747245,,0.0010998901098901099,0.01648824175824176,0.01648824175824176,0.005495824175824176,0.0032997802197802196,0.004398571428571429,,,0.0021962637362637366,,,,0.024152637362637355,,0.13631571428571435,41.14769307692297,0.11218087915199998,91.0,,,0.002281868131868132,,,,0.005496923076923076,,,1.4054634065934077,1.0992781318681308,1.4120217582417574,0.041774065934065935,0.4947554945054943,0.11030527472527475,1.504018351648352,4.421438681318683,0.019787472527472528,0.13954692307692299,0.13954692307692299,0.13954692307692299,0.13954692307692299,0.0,0.1307515384615384,0.0,0.11206989010989007,0.0,0.13954692307692299,,0.16673703296703302,4.421438681318683,0.1623391208791209,0.001099120879120879,0.023052747252747245,,0.0010998901098901099,0.01648824175824176,0.01648824175824176,0.005495824175824176,0.0032997802197802196,0.004398571428571429,,,0.0021962637362637366,,,,0.024152637362637355,,0.13631571428571435,10.492894615385577,10.508842637362614,0.0,0.3841830769261548
Legacy,13,1.7932457482993212,0.9762125850340139,0.6075503401360548,0.11908503401360547,1.3216239795918354,3.2301610544217687,7.4034615646258315,0.38012363945578226,1.0447119047619045,0.1403015306122449,0.49190935374149664,0.6630001700680269,2.4445501700680268,1.2841539115646277,0.2534369047619047,,0.6139545918367344,1.471704931972789,2.871767857142854,0.2914472789115646,0.0017006802721088435,10.292100022537852,REVIEW_REQUIRED,3282.9064000000585,34.65289017768299,3209.0818000000104,588,27.2521,,,,0.8217647959183675,,0.011911054421768708,,0.2955931972789116,0.597687074829932,2.2234778911564614,1.475598809523807,6.00261666666667,0.03572363945578231,4.4550027210884355,0.14923707482993195,3.750215476190478,19.163087244897905,0.01871547619047619,0.10897006802721088,0.10897006802721088,0.10897006802721088,0.10897006802721088,0.0,0.10386122448979591,0.0,0.09356530612244897,0.0,0.10897006802721088,,0.3864661564625851,19.163087244897905,0.3864661564625851,,0.0017059523809523811,,,0.023886734693877552,0.023886734693877552,0.010211054421768707,,0.003399489795918367,,,0.005100680272108844,,3.3039918367346934,0.2535146258503401,0.0017059523809523811,,0.11908503401360547,37.27367499999999,0.048228061247193005,58.8,,,,0.07553129251700681,,0.011911054421768708,,0.2085034013605441,0.597687074829932,2.1907530612244894,1.4738981292516982,2.1040469387755087,0.03572363945578231,0.673383843537415,0.13719183673469387,1.5536258503401357,7.562060714285721,0.01871547619047619,0.10897006802721088,0.10897006802721088,0.10897006802721088,0.10897006802721088,0.0,0.10386122448979591,0.0,0.09356530612244897,0.0,0.10897006802721088,,0.3864661564625851,7.562060714285721,0.3864661564625851,,0.0017059523809523811,,,0.023886734693877552,0.023886734693877552,0.010211054421768707,,0.003399489795918367,,,0.005100680272108844,,0.2407416666666667,0.2535146258503401,0.0017059523809523811,,0.11908503401360547,15.724675170075185,15.749399489795948,0.0,1.251403061232958
Balanced 2 uncertain,08,1.8358048333333306,0.8291433333333328,0.5345001666666668,0.10503783333333336,0.6667336666666667,0.8204823333333332,6.328027999999989,3.54302916666667,,0.12000133333333333,7.066680333333334,9.601633833333329,4.182902500000002,1.126758166666667,0.3155153333333333,,0.33664033333333343,0.2084781666666667,2.6164878333333292,1.110075,,0.21970000083820196,PASS,16.669600000000173,0.2240617507440964,18.0204,600,71.3554,,,,0.02,,,0.006667333333333333,0.5297526666666666,,1.6212838333333355,1.3210901666666663,23.60201550000001,0.04167583333333332,3.9837666666666665,0.09539216666666665,6.667276500000006,12.238318333333343,0.020001833333333333,0.111675,0.111675,0.111675,0.111675,0.0,0.106674,0.0,0.09333833333333331,0.0,0.111675,,0.12546433333333334,12.238318333333343,0.12379600000000002,,0.06508649999999998,,0.0016666666666666668,0.013343333333333334,0.0150185,0.005014666666666666,0.0016666666666666668,0.005014666666666666,,,0.0016666666666666668,0.07168616666666666,,,0.06675316666666666,,0.10503783333333336,49.59082083333342,0.13820283333515704,60.0,,,,,,,0.006667333333333333,,,1.6029096666666687,1.3092639999999995,1.6131809999999993,0.04167583333333332,0.6308741666666664,0.09039216666666666,1.6226665000000016,6.473375333333328,0.020001833333333333,0.111675,0.111675,0.111675,0.111675,0.0,0.106674,0.0,0.09333833333333331,0.0,0.111675,,0.12546433333333334,6.473375333333328,0.12379600000000002,,0.06508649999999998,,0.0016666666666666668,0.013343333333333334,0.0150185,0.005014666666666666,0.0016666666666666668,0.005014666666666666,,,0.0016666666666666668,0.044987833333333324,,,0.06675316666666666,,0.10503783333333336,13.437784333333198,13.404340500000016,0.0,3.091045666666376
Balanced 2 uncertain,11,0.6682056420233465,0.4213491245136185,0.29314357976653677,0.1177554474708171,0.5384855058365761,0.9760518482490271,2.8807856031128387,0.21466488326848246,0.44085651750972743,0.10674562256809339,6.722838715953304,8.481388521400756,4.0416325875486425,0.4564062256809335,0.09203326848249027,,0.27276235408560306,0.34799873540856024,1.060744455252919,0.18199610894941634,,3.034700007736319,PASS,1066.5647000001854,10.736962473795849,999.7806999999999,1028,66.1475,,,0.005838132295719844,0.09478813229571983,,0.014595622568093382,,0.37697217898832686,0.1222240272373541,1.058208365758756,0.7149126459143967,22.911071789883227,0.04380457198443579,2.8842345330739287,0.10149562256809339,7.637794163424125,14.237844357976632,0.02437120622568093,0.05267577821011673,0.05267577821011673,0.05267577821011673,0.05267577821011673,0.0,0.05169737354085604,0.0,0.04097344357976655,0.0,0.05267577821011673,,0.8482095330739305,14.237844357976632,0.8443178015564209,,0.032606128404669255,,0.0009727626459143969,0.021644455252918287,0.022617509727626457,0.010909630350194552,0.0019481517509727627,0.0029204280155642024,,,,,0.38820437743190667,0.28220087548638145,0.033578891050583655,,0.1177554474708171,49.61373725680952,0.1712922179061293,102.8,,,0.005838132295719844,0.00990466926070039,,0.014595622568093382,,0.019667217898832686,0.1222240272373541,1.0463400778210128,0.712967120622568,1.75234134241245,0.04380457198443579,0.697395428015565,0.09663180933852142,1.236074319066148,3.4480299610894964,0.02437120622568093,0.05267577821011673,0.05267577821011673,0.05267577821011673,0.05267577821011673,0.0,0.05169737354085604,0.0,0.04097344357976655,0.0,0.05267577821011673,,0.8482095330739305,3.4480299610894964,0.8443178015564209,,0.032606128404669255,,0.0009727626459143969,0.021644455252918287,0.022617509727626457,0.010909630350194552,0.0019481517509727627,0.0029204280155642024,,,,,0.04419990272373541,0.28220087548638145,0.033578891050583655,,0.1177554474708171,9.032729280154461,9.05795583657583,0.0,0.5265570038924602
Balanced 2 uncertain,09,0.8999633136094667,0.4578254437869819,0.33972080867850113,0.12628313609467454,0.21625207100591715,0.38575650887573965,3.529354832347136,2.8445969428007905,,0.16577633136094685,0.93235966469428,0.5589706114398421,2.6451305719921097,0.41796232741617345,0.19957248520710064,0.0019725838264299804,0.10461400394477312,0.07499960552268244,1.282583629191322,0.8714541420118341,0.0019722879684418147,1.4495999977862084,PASS,999.7888999996576,10.039801094303352,885.4962000000006,1014,73.4698,,,0.0010423076923076922,0.004930966469428008,,,0.003944575936883629,0.8149865877712033,,1.1063701183431938,0.9401808678500998,5.967546351084816,0.04339092702169625,3.676454043392504,0.1263033530571992,4.3644876725838255,6.810991124260353,0.018801084812623273,0.08500394477317554,0.08500394477317554,0.08500394477317554,0.08500394477317554,0.0,0.08006913214990137,0.0,0.0682360946745562,0.0,0.08500394477317554,,1.3208320512820515,6.810991124260353,1.3178728796844181,0.001972781065088757,0.04772307692307694,,0.004930670611439842,0.01084792899408284,0.01187120315581854,0.008912820512820512,,0.0010232741617357004,,,0.0009866863905325443,,0.006903353057199211,,0.052653747534516765,,0.12628313609467454,23.05452554240633,0.06404832346890034,101.4,,,0.0010423076923076922,,,,0.003944575936883629,,,1.088610355029585,0.9332775147929007,1.3678502958579883,0.04339092702169625,1.281024753451677,0.12137238658777119,1.0862233727810653,2.7575341222879683,0.018801084812623273,0.08500394477317554,0.08500394477317554,0.08500394477317554,0.08500394477317554,0.0,0.08006913214990137,0.0,0.0682360946745562,0.0,0.08500394477317554,,1.3208320512820515,2.7575341222879683,1.3178728796844181,0.001972781065088757,0.04772307692307694,,0.004930670611439842,0.01084792899408284,0.01187120315581854,0.008912820512820512,,0.0010232741617357004,,,0.0009866863905325443,,,,0.052653747534516765,,0.12628313609467454,8.648584319526298,8.698084812623264,0.0,1.1507298816574512
Balanced 2 uncertain,12,0.6204804928131411,0.5004139630390144,0.3068695071868585,0.1469045174537988,0.5263001026694041,1.2705184804928156,2.9804424024640706,0.395512320328542,0.5014105749486657,0.18546899383983562,1.092993223819302,0.618255954825462,2.908021868583161,0.40210554414784366,0.11343572895277208,,0.2858130390143735,0.5370612936344971,1.0406616016427104,0.2965058521560573,0.002057905544147844,5.505700024841644,REVIEW_REQUIRED,791.6655999999875,7.863816679476631,758.4826,974,42.154399999999995,,,0.006162731006160164,0.3550430184804928,,0.008216529774127311,,0.2648452772073922,0.28557474332648874,1.117762628336757,0.8000104722792616,7.430244147843945,0.05548162217659138,3.0530965092402433,0.12714989733059548,4.948293737166329,16.474276796714623,0.02054979466119096,0.07091868583162217,0.07091868583162217,0.07091868583162217,0.07091868583162217,0.0,0.06680944558521561,0.0,0.054480184804928125,0.0,0.07091868583162217,,0.6581006160164268,16.474276796714623,0.6550060574948663,0.002070123203285421,0.037058829568788504,,0.0010291581108829567,0.022644250513347026,0.02367094455852156,0.008215195071868584,0.001026694045174538,0.004114476386036962,,,0.002053388090349076,,1.5585648870636541,0.32153203285420956,0.03808798767967146,,0.1469045174537988,34.02686560574943,0.056889322401405214,97.4,,,0.006162731006160164,0.048480390143737166,,0.008216529774127311,,0.09095071868583163,0.28557474332648874,1.1042940451745393,0.7887078028747442,1.5997972279260746,0.05548162217659138,0.5332185831622179,0.11790965092402468,1.234285934291581,4.448447638603691,0.02054979466119096,0.07091868583162217,0.07091868583162217,0.07091868583162217,0.07091868583162217,0.0,0.06680944558521561,0.0,0.054480184804928125,0.0,0.07091868583162217,,0.6581006160164268,4.448447638603691,0.6550060574948663,0.002070123203285421,0.037058829568788504,,0.0010291581108829567,0.022644250513347026,0.02367094455852156,0.008215195071868584,0.001026694045174538,0.004114476386036962,,,0.002053388090349076,,0.2056324435318275,0.32153203285420956,0.03808798767967146,,0.1469045174537988,9.83908110882977,9.902692299794667,0.0,0.37662268994422604
Balanced 2 uncertain,10,1.1890449108079755,0.5310174186778595,0.4271818467995802,0.11231017838405037,0.2675575026232947,0.4543567681007346,4.523298111227699,3.564409863588663,,0.16054060860440714,6.7482821615949735,8.399051836306406,3.441496747114375,0.5835046169989504,0.21731972717733478,0.0010492130115424974,0.12696421825813228,0.08394081846799582,1.6498433368310574,1.0664641133263364,0.001049632738719832,0.20720002969574125,PASS,216.57709999993813,2.121377992281145,202.33089999999999,953,66.0042,,,0.003148583420776495,,,,0.008395068205666318,0.670994648478489,,1.2988541448058764,1.0958473242392452,21.02243641133263,0.033581951731374605,3.3214454354669463,0.11996337880377753,6.246854144805874,8.214836306400851,0.015742917103882478,0.12077785939139551,0.12077785939139551,0.12077785939139551,0.12077785939139551,0.0,0.11447922350472187,0.0,0.09978730325288558,0.0,0.12077785939139551,,0.13375918153200417,8.214836306400851,0.13060933892969567,,0.02936327387198321,,0.0010498426023084993,0.015737775445960125,0.01783305351521511,0.0115401888772298,0.0010490031479538301,0.00629202518363064,,,,,,,0.030413116474291714,,0.11231017838405037,41.36956201469051,0.12226998953620861,95.3,,,0.003148583420776495,,,,0.008395068205666318,,,1.2862623294858344,1.0874527806925502,1.3305130115424972,0.033581951731374605,0.4258291710388245,0.10842088142707237,1.4874454354669482,4.2328427072402866,0.015742917103882478,0.12077785939139551,0.12077785939139551,0.12077785939139551,0.12077785939139551,0.0,0.11447922350472187,0.0,0.09978730325288558,0.0,0.12077785939139551,,0.13375918153200417,4.2328427072402866,0.13060933892969567,,0.02936327387198321,,0.0010498426023084993,0.015737775445960125,0.01783305351521511,0.0115401888772298,0.0010490031479538301,0.00629202518363064,,,,,,,0.030413116474291714,,0.11231017838405037,9.992150052465636,10.00809118572928,0.0,0.3789768100754862
Balanced 2 uncertain,13,1.823245388788428,1.176156962025315,0.6297260397830017,0.15561446654611205,1.4875231464737795,3.2686775768535274,7.932443218806513,0.41161464737793857,1.144139421338156,0.18147558770343583,1.1933236889692584,0.6897891500904157,3.6162846292947566,1.3237849909584083,0.2734839059674503,0.0018106690777576855,0.7307761301989155,1.340169981916817,3.1593849909584057,0.32648137432188074,0.0036464737793851713,0.7487000142973557,PASS,3232.863499999894,32.341013307683454,3157.0857999999957,553,25.007499999999993,,,0.0019236889692585896,0.8039820976491866,,0.0054282097649186265,,0.2701168173598554,0.2647900542495479,2.3757974683544285,1.6780477396021696,9.043430741410486,0.043440325497287526,4.8230508137432215,0.19448227848101268,5.735794032549733,24.97771410488243,0.03075660036166365,0.17918010849909585,0.17918010849909585,0.17918010849909585,0.17918010849909585,0.0,0.17013670886075946,0.0,0.13936962025316452,0.0,0.17918010849909585,,0.4634596745027126,24.97771410488243,0.4634596745027126,,0.003616636528028933,,0.0018090415913200723,0.010962748643761303,0.010962748643761303,0.0018083182640144665,,,,,0.001807594936708861,,3.718607775768535,0.3365392405063292,0.005425678119349005,,0.15561446654611205,48.902514104882385,0.04879873419830823,55.3,,,0.0019236889692585896,0.12323200723327303,,0.0054282097649186265,,0.12142368896925859,0.2647900542495479,2.333901084990956,1.670814466546112,2.325173598553345,0.043440325497287526,0.7970112115732368,0.1509462929475588,1.783645207956601,8.518676853526225,0.028948282097649183,0.17918010849909585,0.17918010849909585,0.17918010849909585,0.17918010849909585,0.0,0.17013670886075946,0.0,0.13936962025316452,0.0,0.17918010849909585,,0.4634596745027126,8.518676853526225,0.4634596745027126,,0.003616636528028933,,0.0018090415913200723,0.010962748643761303,0.010962748643761303,0.0018083182640144665,,,,,0.001807594936708861,,0.6537654611211571,0.3365392405063292,0.005425678119349005,,0.15561446654611205,17.64280741410483,17.652557323689017,0.0,0.39293037975164863
Balanced 3,08,2.117223333333335,0.7689361666666671,0.6024319999999997,0.1300875,0.7528568333333333,0.9471181666666666,6.697351499999982,3.540651333333344,,0.17833,7.21921283333335,9.866317000000013,4.221769000000002,1.3651066666666671,0.3354218333333332,0.0016681666666666665,0.34637799999999996,0.2018735,2.794205999999996,1.1116398333333344,0.005000333333333333,0.293700001495381,PASS,99.9815000000126,1.1729198171137707,99.08680000000004,600,38.0028,,,,0.018370166666666663,,,0.005001333333333333,0.4922615,,1.8028771666666663,1.5181279999999986,24.105886833333262,0.04337183333333334,3.982259,0.12202466666666666,6.666636833333327,12.641409499999998,0.011674166666666668,0.11503650000000006,0.11503650000000006,0.11503650000000006,0.11503650000000006,0.0,0.1083736666666667,0.0,0.0733605,0.0,0.11503650000000006,,0.1422928333333333,12.641409499999998,0.1371768333333333,0.0017796666666666668,0.04671433333333334,,0.0033333333333333335,0.023338833333333333,0.0250055,0.011659166666666667,0.005004666666666666,0.0016666666666666668,,0.0016765,,0.055032833333333336,,,0.05004766666666667,,0.1300875,50.89426800000003,0.12375166666667307,60.0,,,,0.008327833333333333,,,0.005001333333333333,,,1.7676851666666664,1.4997946666666653,1.5900526666666668,0.04337183333333334,0.5545138333333335,0.11369133333333332,1.7349488333333336,6.76572583333332,0.0100075,0.11503650000000006,0.11503650000000006,0.11503650000000006,0.11503650000000006,0.0,0.1083736666666667,0.0,0.0733605,0.0,0.11503650000000006,,0.1422928333333333,6.76572583333332,0.1371768333333333,0.0017796666666666668,0.04671433333333334,,0.0033333333333333335,0.023338833333333333,0.0250055,0.011659166666666667,0.005004666666666666,0.0016666666666666668,,0.0016765,,0.018325833333333333,,,0.05004766666666667,,0.1300875,14.085215833334892,14.07979166666668,0.0,2.458188666667593
Balanced 3,11,0.7048649056603769,0.39418113207547156,0.31295518867924543,0.14346150943396227,0.5439683018867922,1.0202925471698103,2.8938895283018824,0.2072508490566038,0.35681094339622627,0.17763254716981133,7.305180283018861,9.765985000000017,4.1030655660377455,0.48902933962264133,0.13532386792452836,,0.25695613207547163,0.364256037735849,1.085199999999998,0.17297028301886797,0.0029377358490566036,2.1652000029571354,PASS,1158.2518000001016,11.690162108962511,1070.9594,1060,48.0904,,,0.008490283018867926,0.1183717924528302,,0.011318584905660378,,0.3094483962264152,0.17277188679245287,1.0257156603773592,0.7256428301886797,24.46430537735862,0.060395943396226386,2.316334905660378,0.13193245283018867,9.569321132075476,14.02925377358491,0.022651792452830184,0.044488584905660385,0.044488584905660385,0.044488584905660385,0.044488584905660385,0.0,0.043482452830188686,0.0,0.03594254716981133,0.0,0.044488584905660385,,0.4175069811320758,14.02925377358491,0.4175069811320758,,0.008773490566037736,,0.0019133018867924531,0.021843962264150946,0.024702830188679248,0.011382735849056604,0.0009433962264150943,0.0019154716981132078,0.0009720754716981132,,0.0009401886792452831,,0.3639578301886792,0.29729018867924517,0.010686792452830189,,0.14346150943396227,52.345553867924494,0.32852254717428603,106.0,,,0.008490283018867926,0.007583207547169811,,0.011318584905660378,,0.019180188679245286,0.17277188679245287,1.0172250943396233,0.7133786792452835,1.6624100000000008,0.060395943396226386,0.28981462264150937,0.12344169811320754,1.2848644339622628,3.4703482075471714,0.020764999999999995,0.044488584905660385,0.044488584905660385,0.044488584905660385,0.044488584905660385,0.0,0.043482452830188686,0.0,0.03594254716981133,0.0,0.044488584905660385,,0.4175069811320758,3.4703482075471714,0.4175069811320758,,0.008773490566037736,,0.0019133018867924531,0.021843962264150946,0.024702830188679248,0.011382735849056604,0.0009433962264150943,0.0019154716981132078,0.0009720754716981132,,0.0009401886792452831,,0.017335283018867928,0.29729018867924517,0.010686792452830189,,0.14346150943396227,8.588157641507589,8.642643679245266,0.0,0.5193247169812926
Balanced 3,09,0.7844008579599631,0.4043588179218307,0.3246551000953287,0.12115443279313634,0.21361477597712109,0.3824738798856054,3.4275139180171617,2.7719445185891294,,0.15935576739752136,0.8641934223069591,0.5551473784556721,2.427154528122021,0.37846978074356524,0.19181706387035272,0.0028605338417540516,0.1010593898951383,0.06862983794089611,1.2360599618684462,0.8616102001906585,0.0028609151572926597,0.9423999987557181,PASS,1249.7301000001073,12.530934447449711,1099.3828000000005,1049,46.24479999999999,,,0.002860724499523356,0.0038131553860819827,,,0.0076246901811248815,0.8115689227836036,,1.0008930409914223,0.8722885605338422,5.6920115347950375,0.043859103908484263,3.5330453765490923,0.12783565300285987,4.891340419447093,6.573404861773127,0.0210256434699714,0.08105824594852246,0.08105824594852246,0.08105824594852246,0.08105824594852246,0.0,0.07724194470924693,0.0,0.0705668255481411,0.0,0.08105824594852246,,1.2837025738798853,6.573404861773127,1.281794947569113,0.0009531935176358437,0.04042735938989513,,0.0009531935176358437,0.007658150619637751,0.008611439466158246,0.006704099142040038,,0.0009532888465204957,,,,,0.005719733079122974,,0.041380552907530975,,0.12115443279313634,22.7557041944709,0.06567292659338515,104.9,,,0.002860724499523356,,,,0.0076246901811248815,,,0.9942200190657786,0.8665688274547192,1.249255100095329,0.043859103908484263,1.2825510962821733,0.12211591992373692,1.1376007626310776,2.6482472831267883,0.019119065776930406,0.08105824594852246,0.08105824594852246,0.08105824594852246,0.08105824594852246,0.0,0.07724194470924693,0.0,0.0705668255481411,0.0,0.08105824594852246,,1.2837025738798853,2.6482472831267883,1.281794947569113,0.0009531935176358437,0.04042735938989513,,0.0009531935176358437,0.007658150619637751,0.008611439466158246,0.006704099142040038,,0.0009532888465204957,,,,,,,0.041380552907530975,,0.12115443279313634,8.337800190658418,8.363537178265007,0.0,1.1303137273609283
Balanced 3,12,0.6890096573208728,0.5142169262720664,0.37728785046728963,0.16209148494288686,0.6008646936656282,1.3319347871235727,3.3063986500519205,0.35834485981308395,0.5549732087227416,0.16446157840083073,1.0616658359293871,0.6526635514018688,2.986982658359296,0.43984392523364463,0.13664963655244025,0.002077673935617861,0.30868971962616837,0.5343312564901351,1.1341571131879569,0.26035368639667694,0.0031228452751817237,1.7956000262820453,PASS,1083.2615000001056,11.161650724545181,1059.4619000000005,963,49.303,,,0.005190238836967809,0.2966247144340602,,0.016618899273104882,,0.2541060228452751,0.29860944963655256,1.1918240913811,0.8867553478712356,7.48329293873313,0.04882710280373833,3.00535950155763,0.1325583592938733,7.371071028037392,15.763137175493245,0.020779543094496363,0.06464039460020767,0.06464039460020767,0.06464039460020767,0.06464039460020767,0.0,0.06151277258566976,0.0,0.044886500519210795,0.0,0.06464039460020767,,0.5412745586708201,15.763137175493245,0.5381501557632397,,0.02494330218068536,,,0.020934579439252338,0.021973624091381098,0.01048276220145379,0.003115264797507788,0.004200103842159917,,,,,1.2757251298027,0.3324692627206644,0.02494330218068536,,0.16209148494288686,35.90360508826587,0.05709034270144583,96.3,,,0.005190238836967809,0.04608369678089305,,0.016618899273104882,,0.09082679127725858,0.29860944963655256,1.167918068535825,0.88052481827622,1.6637527518172353,0.04882710280373833,0.4355833852544135,0.12321256490134994,1.244482242990655,4.271598857736239,0.020779543094496363,0.06464039460020767,0.06464039460020767,0.06464039460020767,0.06464039460020767,0.0,0.06151277258566976,0.0,0.044886500519210795,0.0,0.06464039460020767,,0.5412745586708201,4.271598857736239,0.5381501557632397,,0.02494330218068536,,,0.020934579439252338,0.021973624091381098,0.01048276220145379,0.003115264797507788,0.004200103842159917,,,,,0.1138429906542056,0.3324692627206644,0.02494330218068536,,0.16209148494288686,9.81044413291798,9.856679335410185,0.0,0.5185461059239632
Balanced 3,10,1.0357193877551016,0.4582075510204081,0.4153612244897953,0.1122735714285715,0.23886040816326534,0.4020465306122449,4.286943163265306,3.625852040816327,,0.1642832653061225,6.933637551020415,9.385501734693888,3.6697698979591835,0.49793836734693875,0.2357728571428571,,0.11129928571428577,0.060208673469387734,1.5809405102040819,1.1614550000000012,0.0010204081632653062,6.128500031809381,REVIEW_REQUIRED,566.2854999998785,5.627876528310314,533.0068999999995,980,66.2251,,,0.003060714285714286,,,,0.004079795918367346,0.7057519387755102,,1.2516588775510196,0.9404180612244902,22.405822040816258,0.04797479591836733,3.0916522448979604,0.10740020408163263,6.448264387755105,8.068951020408168,0.018371632653061222,0.11945459183673471,0.11945459183673471,0.11945459183673471,0.11945459183673471,0.0,0.10720459183673471,0.0,0.09292704081632655,0.0,0.11945459183673471,,0.17999887755102031,8.068951020408168,0.1779567346938775,,0.034658571428571434,,0.004083673469387755,0.01326612244897959,0.015307346938775508,0.00714561224489796,0.0010204081632653062,0.007141530612244898,,,0.0010210204081632652,,,,0.03874224489795919,,0.1122735714285715,42.38051326530606,0.1412906122748943,98.0,,,0.003060714285714286,,,,0.004079795918367346,,,1.2414547959183664,0.9342956122448984,1.3605567346938776,0.04797479591836733,0.45460173469387744,0.10127775510204079,1.392397959183672,4.114206734693879,0.017351224489795914,0.11945459183673471,0.11945459183673471,0.11945459183673471,0.11945459183673471,0.0,0.10720459183673471,0.0,0.09292704081632655,0.0,0.11945459183673471,,0.17999887755102031,4.114206734693879,0.1779567346938775,,0.034658571428571434,,0.004083673469387755,0.01326612244897959,0.015307346938775508,0.00714561224489796,0.0010204081632653062,0.007141530612244898,,,0.0010210204081632652,,,,0.03874224489795919,,0.1122735714285715,9.679942244896624,9.6641173469388,0.0,0.38910234694257345
Balanced 3,13,2.067159704251385,1.1687639556377076,0.7339334565619222,0.15905859519408494,1.5089308687615508,3.2880260628465883,8.140504805914993,0.41309556377079487,1.1488011090573007,0.15576192236598888,2.623975970425139,3.101661737523103,3.909362661737525,1.4699216266173758,0.31985951940850277,,0.7045251386321626,1.377636414048058,3.344827726432532,0.3168042513863216,,3.432700013861904,PASS,2566.2814999998886,25.503959562659336,2478.572699999997,541,22.0803,,,0.007394824399260629,0.8191482439926063,,0.014791127541589648,,0.2556445471349353,0.2628643253234751,2.4958447319778165,1.646141035120149,13.284599815157115,0.055481146025877996,4.883643622920515,0.17827597042513865,6.738018114602588,24.96849094269876,0.022341219963031424,0.11474454713493532,0.11474454713493532,0.11474454713493532,0.11474454713493532,0.0,0.10922587800369687,0.0,0.08887486136783736,0.0,0.11474454713493532,,0.47302162661737523,24.96849094269876,0.47302162661737523,,0.007399445471349353,,0.0018463955637707948,0.01666025878003697,0.01666025878003697,0.0073968576709796665,0.001858410351201479,0.0018526802218114603,,,,,3.4489805914972282,0.33104029574861366,0.00924584103512015,,0.15905859519408494,54.27283659889117,0.11845249540014158,54.1,,,0.007394824399260629,0.12982218114602587,,0.014791127541589648,,0.1018022181146026,0.2628643253234751,2.456711829944545,1.6350504621072097,2.3571541589648795,0.055481146025877996,0.7885537892791125,0.10235083179297595,1.932777264325325,8.61332033271719,0.022341219963031424,0.11474454713493532,0.11474454713493532,0.11474454713493532,0.11474454713493532,0.0,0.10922587800369687,0.0,0.08887486136783736,0.0,0.11474454713493532,,0.47302162661737523,8.61332033271719,0.47302162661737523,,0.007399445471349353,,0.0018463955637707948,0.01666025878003697,0.01666025878003697,0.0073968576709796665,0.001858410351201479,0.0018526802218114603,,,,,0.6122787430683914,0.33104029574861366,0.00924584103512015,,0.15905859519408494,17.982645841033243,17.963741035120158,0.0,0.38953512015416164
Balanced 4,08,2.127544500000002,0.7841463333333327,0.6175555,0.12838,0.7679020000000002,0.9468788333333333,6.7407061666666745,3.5837353333333355,,0.15500166666666668,7.224211000000014,9.881714500000017,4.042095999999997,1.360044000000001,0.35217950000000003,,0.3481374999999998,0.21901466666666664,2.8500594999999977,1.1150313333333337,,0.19240000107129163,PASS,216.63129999998887,2.4469491582193035,207.1885,600,40.0392,,,,0.004999666666666667,,,0.011666833333333333,0.5135985,,1.7799940000000027,1.4025616666666683,23.957793999999918,0.05502566666666665,4.101923500000001,0.12173383333333333,6.904210166666665,12.830769333333338,0.02000483333333333,0.11835666666666661,0.11835666666666661,0.11835666666666661,0.11835666666666661,0.0,0.11670449999999997,0.0,0.1066945,0.0,0.11835666666666661,,0.11710116666666665,12.830769333333338,0.11543299999999998,,0.053380833333333336,,0.0035004999999999997,0.020012333333333333,0.021679,0.013342500000000002,0.0016666666666666668,0.0033333333333333335,,0.0016666666666666668,,0.07667600000000001,,,0.05688133333333333,,0.12838,51.174016999999985,0.13497200000121742,60.0,,,,0.0016663333333333335,,,0.011666833333333333,,,1.7515875000000025,1.3925616666666683,1.6226079999999987,0.05502566666666665,0.6061399999999998,0.11506716666666666,1.7425248333333327,6.806508999999999,0.02000483333333333,0.11835666666666661,0.11835666666666661,0.11835666666666661,0.11835666666666661,0.0,0.11670449999999997,0.0,0.1066945,0.0,0.11835666666666661,,0.11710116666666665,6.806508999999999,0.11543299999999998,,0.053380833333333336,,0.0035004999999999997,0.020012333333333333,0.021679,0.013342500000000002,0.0016666666666666668,0.0033333333333333335,,0.0016666666666666668,,0.031675999999999996,,,0.05688133333333333,,0.12838,14.094547000000269,14.112028666666662,0.0,2.4374683333336327
Balanced 4,11,0.590147316636852,0.3965947227191412,0.2973144007155636,0.15212683363148477,0.4827856887298746,0.9373164579606448,2.588219499105547,0.17891726296958854,0.38611824686940965,0.15529856887298743,6.497545438282652,8.559974060822885,3.9466818425760337,0.4009624329159214,0.11379669051878355,,0.22819025044722724,0.33161457960643986,0.9583881037567094,0.14545196779964217,0.002714847942754919,2.2802000138635776,PASS,1766.436199999987,17.678847231362898,1648.2753000000014,1118,49.1584,,,0.0035789803220035773,0.10071717352415027,,0.011624418604651163,,0.32369033989266544,0.13834516994633272,1.0044435599284443,0.6637121645796062,22.32728890876561,0.06085071556350624,2.467866279069767,0.12198926654740605,7.130345974955273,13.43581636851519,0.03131466905187835,0.03941556350626117,0.03941556350626117,0.03941556350626117,0.03941556350626117,0.0,0.03763059033989266,0.0,0.030474955277280856,0.0,0.03941556350626117,,0.5690110017889093,13.43581636851519,0.565346958855099,0.0009486583184257603,0.0317654740608229,,0.004572182468694097,0.01707969588550984,0.017973792486583182,0.00807969588550984,0.0017889087656529517,0.0017897137745974956,0.0008940966010733453,,0.0017870304114490161,,0.36211305903398927,0.29168005366726274,0.03633765652951698,,0.15212683363148477,47.243627906976656,0.17162316637848027,111.8,,,0.0035789803220035773,0.011918067978533096,,0.011624418604651163,,0.015464579606440073,0.13834516994633272,0.9864800536672634,0.6582700357781752,1.5782537567084085,0.06085071556350624,0.4623507155635064,0.11572808586762073,1.2388131484794276,3.2082178890876523,0.030420214669051877,0.03941556350626117,0.03941556350626117,0.03941556350626117,0.03941556350626117,0.0,0.03763059033989266,0.0,0.030474955277280856,0.0,0.03941556350626117,,0.5690110017889093,3.2082178890876523,0.565346958855099,0.0009486583184257603,0.0317654740608229,,0.004572182468694097,0.01707969588550984,0.017973792486583182,0.00807969588550984,0.0017889087656529517,0.0017897137745974956,0.0008940966010733453,,0.0017870304114490161,,0.035316368515205726,0.29168005366726274,0.03633765652951698,,0.15212683363148477,8.283829606441063,8.33938461538461,0.0,0.4911305903413359
Balanced 4,09,0.7962783495145636,0.3874033980582525,0.3333350485436896,0.12718980582524272,0.20389621359223306,0.383596213592233,3.360140097087376,2.737538252427189,,0.14568495145631072,0.9566035922330096,0.5537798058252426,2.548659320388349,0.3555090291262137,0.17591388349514556,0.0009709708737864077,0.08835689320388351,0.07186291262135923,1.1978768932038837,0.8329418446601947,,0.6592000024174922,PASS,1099.7638000000336,11.160764346086866,958.3696000000002,1030,32.053599999999996,,,0.0019409708737864078,0.002912621359223301,,,0.004853980582524272,0.8012132038834953,,1.033127087378641,0.8976753398058254,5.851770388349518,0.046605339805825235,3.5952126213592215,0.11007271844660191,4.40990155339806,6.572836407766986,0.0174752427184466,0.07801378640776702,0.07801378640776702,0.07801378640776702,0.07801378640776702,0.0,0.07801233009708738,0.0,0.07115466019417475,0.0,0.07801378640776702,,1.3511587378640777,6.572836407766986,1.3492174757281554,,0.042314368932038826,,0.001941359223300971,0.007897281553398057,0.007897281553398057,0.00203252427184466,0.0009857281553398059,0.0019604854368932036,,,0.0009721359223300971,,0.007823592233009708,,0.0442557281553398,,0.12718980582524272,22.534676699029077,0.056490485435427756,103.0,,,0.0019409708737864078,,,,0.004853980582524272,,,1.026328155339806,0.8879666019417477,1.273131553398058,0.04563446601941747,1.3105801941747584,0.10036398058252426,1.0523051456310681,2.6240332038834944,0.016504368932038833,0.07801378640776702,0.07801378640776702,0.07801378640776702,0.07801378640776702,0.0,0.07801233009708738,0.0,0.07115466019417475,0.0,0.07801378640776702,,1.3511587378640777,2.6240332038834944,1.3492174757281554,,0.042314368932038826,,0.001941359223300971,0.007897281553398057,0.007897281553398057,0.00203252427184466,0.0009857281553398059,0.0019604854368932036,,,0.0009721359223300971,,,,0.0442557281553398,,0.12718980582524272,8.311016213595238,8.336847669902907,0.0,1.3418711650493513
Balanced 4,12,0.6820096875000001,0.47428187500000024,0.2894045833333333,0.12193895833333332,0.6122221875000003,1.383071666666668,3.3577002083333323,0.3855511458333335,0.5354788541666667,0.15165697916666668,1.1797639583333333,0.7065597916666666,3.0184386458333363,0.45991937499999985,0.10863041666666666,,0.32335739583333317,0.574698958333333,1.183023229166666,0.2779445833333334,0.003133125,1.9337000334799086,PASS,841.596400000185,8.258323605037276,793.6128000000006,960,42.0804,,,0.007291354166666666,0.2869773958333333,,0.010418958333333334,,0.28346437499999994,0.30447624999999995,1.1692540625000005,0.8259244791666671,7.82152416666668,0.0562771875,3.179381458333334,0.1334502083333333,7.317469791666676,16.120729687499995,0.01667479166666667,0.06273552083333335,0.06273552083333335,0.06273552083333335,0.06273552083333335,0.0,0.05952864583333335,0.0,0.05327677083333334,0.0,0.06273552083333335,,0.7131928125000003,16.120729687499995,0.711108854166667,,0.0407490625,,0.002154375,0.01876375,0.019805729166666668,0.008336666666666666,0.0010414583333333333,0.0020836458333333336,,,0.0010416666666666667,,1.2064905208333334,0.27304927083333314,0.042903437499999995,,0.12193895833333332,36.640685833333315,0.05973010419229041,96.0,,,0.007291354166666666,0.021011041666666667,,0.010418958333333334,,0.0995001041666667,0.30447624999999995,1.1451717708333347,0.8154389583333337,1.7326992708333337,0.0562771875,0.5993630208333337,0.12303354166666665,1.244762395833333,4.27788479166667,0.015633125000000005,0.06273552083333335,0.06273552083333335,0.06273552083333335,0.06273552083333335,0.0,0.05952864583333335,0.0,0.05327677083333334,0.0,0.06273552083333335,,0.7131928125000003,4.27788479166667,0.711108854166667,,0.0407490625,,0.002154375,0.01876375,0.019805729166666668,0.008336666666666666,0.0010414583333333333,0.0020836458333333336,,,0.0010416666666666667,,0.12395989583333336,0.27304927083333314,0.042903437499999995,,0.12193895833333332,9.96501093750316,10.010264062499996,0.0,0.39393989583942357
Balanced 4,10,1.180307282051284,0.49064041025641053,0.426949230769231,0.10154964102564104,0.2502891282051281,0.39693035897435885,4.412991076923089,3.614148307692308,,0.13948184615384607,,0.541189333333334,1.152996717948718,0.49054348717948665,0.23500851282051272,0.0010258461538461539,0.12204338461538464,0.07795487179487177,1.5294497435897447,1.020701846153846,0.0010265641025641024,0.19510002081733546,PASS,441.796399999987,4.476593760637074,435.55190000000016,975,39.433,,,0.00410276923076923,,,,0.005126153846153846,0.003076923076923077,,1.2982656410256443,1.133959076923076,2.508220820512821,0.0256425641025641,4.027791897435899,0.11235076923076921,1.3641391794871789,4.459354051282056,0.02051589743589744,0.10774102564102563,0.10774102564102563,0.10774102564102563,0.10774102564102563,0.0,0.10159261538461538,0.0,0.09236030769230769,0.0,0.10774102564102563,,1.1696724102564098,4.459354051282056,1.1676220512820508,,0.043110666666666665,,0.0051303589743589735,0.0041054358974358975,0.0041054358974358975,0.0020537435897435893,0.0010261538461538461,0.0010256410256410256,,0.0010256410256410256,,,,,0.048241025641025635,,0.10154964102564104,14.950239897435898,0.037627897454571305,97.5,,,0.00410276923076923,,,,0.005126153846153846,,,1.2818553846153875,1.121651384615384,1.3146033846153866,0.0256425641025641,1.3108816410256394,0.11132512820512819,1.0528334358974358,3.739704717948729,0.02051589743589744,0.10774102564102563,0.10774102564102563,0.10774102564102563,0.10774102564102563,0.0,0.10159261538461538,0.0,0.09236030769230769,0.0,0.10774102564102563,,1.1696724102564098,3.739704717948729,1.1676220512820508,,0.043110666666666665,,0.0051303589743589735,0.0041054358974358975,0.0041054358974358975,0.0020537435897435893,0.0010261538461538461,0.0010256410256410256,,0.0010256410256410256,,,,,0.048241025641025635,,0.10154964102564104,9.930178666668589,9.979013538461528,0.0,0.28880379487255153
Balanced 4,13,1.9057559714794992,1.039658110516934,0.6817477718360065,0.15517611408199647,1.4850866310160424,3.2095893048128357,8.098100356506265,0.4663682709447416,1.2849199643493756,0.15414991087344027,0.943326203208556,0.6999242424242421,3.511827450980394,1.368953832442067,0.2892579322638146,0.0017836007130124776,0.7167614973262038,1.2911099821746876,3.1646686274509754,0.35903511586452774,,0.7813000156456837,PASS,2816.1642999999685,28.273529376900548,2778.742400000001,561,30.002200000000002,,,0.008918716577540106,0.724702495543672,,0.005348306595365419,,0.2590948306595366,0.34659821746880587,2.434698752228164,1.630772192513369,8.66533244206774,0.07134848484848484,4.772970231729056,0.173655614973262,5.682424420677363,23.979787344028594,0.03566720142602496,0.15004795008912658,0.15004795008912658,0.15004795008912658,0.15004795008912658,0.0,0.14470196078431377,0.0,0.13579180035650626,0.0,0.15004795008912658,,0.4674429590017825,23.979787344028594,0.46565900178253117,0.0017825311942959,0.005355971479500891,,0.00534777183600713,0.023202673796791445,0.024985026737967913,0.005352584670231728,0.0035657754010695185,0.0035648841354723707,,,0.0017819964349376114,,3.3476869875222843,0.32818413547237074,0.010703743315508022,,0.15517611408199647,47.44665668449199,0.04802139039139805,56.1,,,0.008918716577540106,0.10176916221033867,,0.005348306595365419,,0.08929108734402852,0.34659821746880587,2.4113479500891266,1.6254245989304814,2.360835472370766,0.07134848484848484,0.7412153297682711,0.13787611408199638,1.8336903743315502,8.301436720142602,0.03566720142602496,0.15004795008912658,0.15004795008912658,0.15004795008912658,0.15004795008912658,0.0,0.14470196078431377,0.0,0.13579180035650626,0.0,0.15004795008912658,,0.4674429590017825,8.301436720142602,0.46565900178253117,0.0017825311942959,0.005355971479500891,,0.00534777183600713,0.023202673796791445,0.024985026737967913,0.005352584670231728,0.0035657754010695185,0.0035648841354723707,,,0.0017819964349376114,,0.5741638146167557,0.32818413547237074,0.010703743315508022,,0.15517611408199647,17.41269090909877,17.518842245989333,0.0,0.3659923351188264
Legacy 2,08,2.134437166666666,0.8403724999999999,0.6186961666666665,0.13506233333333337,0.7594768333333326,0.9473628333333335,6.807666499999999,3.6201046666666716,,0.15666033333333332,6.613691333333317,8.708195499999976,3.9212511666666683,1.3233476666666677,0.3469091666666666,,0.32650516666666685,0.21854800000000002,2.7345846666666596,1.0483348333333329,0.0016666666666666668,0.4275999985256931,PASS,83.31649999999513,0.9281388410931078,78.99369999999999,600,42.98919999999999,,,0.005001833333333334,0.008408833333333334,,,0.0083395,0.5006309999999998,,1.8496408333333345,1.4363211666666666,22.08334950000006,0.05335483333333334,4.170936666666664,0.09389483333333334,6.785623166666665,12.496268333333326,0.018344833333333335,0.14000383333333333,0.14000383333333333,0.14000383333333333,0.14000383333333333,0.0,0.12164916666666666,0.0,0.09998599999999998,0.0,0.14000383333333333,,0.1408841666666667,12.496268333333326,0.1358578333333334,0.0016893333333333335,0.03504716666666667,,0.0033333333333333335,0.018598666666666666,0.018598666666666666,0.008348833333333333,,0.005109666666666667,,,,0.06339933333333334,,,0.038380500000000005,,0.13506233333333337,48.987734166666584,0.11863699999904516,60.0,,,0.005001833333333334,0.006662833333333333,,,0.0083395,,,1.8227441666666675,1.4263211666666664,1.6812633333333353,0.05335483333333334,0.6993683333333329,0.09056150000000002,1.6982278333333343,6.694778666666674,0.018344833333333335,0.14000383333333333,0.14000383333333333,0.14000383333333333,0.14000383333333333,0.0,0.12164916666666666,0.0,0.09998599999999998,0.0,0.14000383333333333,,0.1408841666666667,6.694778666666674,0.1358578333333334,0.0016893333333333335,0.03504716666666667,,0.0033333333333333335,0.018598666666666666,0.018598666666666666,0.008348833333333333,,0.005109666666666667,,,,0.02832883333333333,,,0.038380500000000005,,0.13506233333333337,14.129692333332017,14.184964666666646,0.0,2.4190499999998143
Legacy 2,11,0.6328243293246991,0.39568149861239604,0.31277789084181334,0.14631036077705828,0.5057212765957448,0.9842462534690095,2.6719651248843674,0.1757970397779833,0.37517853839037907,0.16067160037002773,4.336726364477324,5.164720814061054,3.091311100832561,0.4584316373728026,0.08730231267345051,,0.23526919518963924,0.3670522664199816,0.9869405180388522,0.13803626271970396,,2.7359000100605044,PASS,1566.4837000000205,15.98097802063586,1461.1478999999993,1081,53.4139,,,0.0027752081406105457,0.11967983348751156,,0.009254024051803885,,0.2928667900092507,0.13881202590194264,0.9164497687326543,0.6797511563367241,15.262229879740984,0.04720018501387604,2.6785851988899174,0.1392390379278446,5.490150046253471,11.492190194264586,0.020445143385753928,0.048254486586494005,0.048254486586494005,0.048254486586494005,0.048254486586494005,0.0,0.04545439407955598,0.0,0.03898519888991674,0.0,0.048254486586494005,,0.7399272895467163,11.492190194264586,0.7390024976873267,0.0009250693802035153,0.025316373728029598,,0.0009579093432007401,0.026630527289546714,0.02848066604995374,0.015164107308048106,0.0009559666975023128,0.008641073080481038,,,0.001871230342275671,,0.5145368177613321,0.2555047178538391,0.026274283071230344,,0.14631036077705828,36.72624061054586,0.12661618872396516,108.1,,,0.0027752081406105457,0.018732007400555042,,0.009254024051803885,,0.026996577243293247,0.13881202590194264,0.9025737280296015,0.6788260869565206,1.6067541165587411,0.04720018501387604,0.6506469010175769,0.13738889916743757,1.1791544865864934,3.2358858464384848,0.019520074005550413,0.048254486586494005,0.048254486586494005,0.048254486586494005,0.048254486586494005,0.0,0.04545439407955598,0.0,0.03898519888991674,0.0,0.048254486586494005,,0.7399272895467163,3.2358858464384848,0.7390024976873267,0.0009250693802035153,0.025316373728029598,,0.0009579093432007401,0.026630527289546714,0.02848066604995374,0.015164107308048106,0.0009559666975023128,0.008641073080481038,,,0.001871230342275671,,0.056220906567992605,0.2555047178538391,0.026274283071230344,,0.14631036077705828,8.387382331174306,8.457950323774279,0.0,0.739226179463487
Legacy 2,09,0.8021473829201099,0.4107166207529843,0.2936067033976125,0.12397961432506882,0.16169302112029385,0.31872405876951326,3.2904025711662097,2.7387601469237857,,0.13506657483930215,0.9866720844811753,0.5234446280991734,2.3943761248852167,0.3501972451790634,0.1720419651056015,0.0018374655647382919,0.05784784205693297,0.04682874196510559,1.1299045913682286,0.8278151515151514,0.000917722681359045,0.9955999997346225,PASS,1533.220699999987,15.797136917148457,1364.1930999999995,1089,47.4077,,,,0.0027548209366391185,,,0.002754637281910009,0.7707651974288336,,0.9605747474747477,0.8032655647382919,5.6330287419650995,0.04132516069788797,3.3753337924701543,0.11583434343434344,4.137714049586781,6.237906887052341,0.02302442607897153,0.06343654729109276,0.06343654729109276,0.06343654729109276,0.06343654729109276,0.0,0.06068071625344354,0.0,0.05423719008264464,0.0,0.06343654729109276,,1.2327405876951332,6.237906887052341,1.2309030303030302,,0.04644113865932048,,0.0018362718089990817,0.0027751147842056934,0.003693388429752066,0.001857483930211203,,0.001835904499540863,,,,,0.006427915518824609,,0.04827741046831956,,0.12397961432506882,21.328007713498643,0.05285849402993652,108.9,,,,,,,0.002754637281910009,,,0.9523102846648304,0.7977559228650137,1.2105892561983476,0.04132516069788797,1.2309774104683195,0.10665160697887971,1.0550241505968776,2.5141125803489457,0.021187878787878787,0.06343654729109276,0.06343654729109276,0.06343654729109276,0.06343654729109276,0.0,0.06068071625344354,0.0,0.05423719008264464,0.0,0.06343654729109276,,1.2327405876951332,2.5141125803489457,1.2309030303030302,,0.04644113865932048,,0.0018362718089990817,0.0027751147842056934,0.003693388429752066,0.001857483930211203,,0.001835904499540863,,,,,,,0.04827741046831956,,0.12397961432506882,7.855803305783965,7.9299342516069835,0.0,1.274988888891088
Legacy 2,12,0.7976871851040527,0.6086604600219061,0.3547023001095288,0.1501322015334064,0.67584008762322,1.3924566265060245,3.844136582694411,0.37693636363636357,0.6216224534501644,0.17575049288061337,1.2102193866374589,0.7317566265060241,3.2542010952902536,0.5351419496166488,0.13969386637458933,0.003288061336254107,0.3301324205914571,0.4716518072289154,1.3701688937568437,0.28342749178532317,0.002222672508214677,4.262900030011224,PASS,824.9273999999787,8.246452744009748,790.9978999999996,913,47.333,,,0.01423592552026287,0.14387590361445782,,0.0054782037239868575,,0.2919093099671413,0.3057462212486309,1.3292332968236578,0.9481046002190582,8.309934939759044,0.05151084337349397,3.7055779846659362,0.13707962760131434,5.745652245345024,15.180834282584884,0.02647426067907996,0.062492223439211396,0.062492223439211396,0.062492223439211396,0.062492223439211396,0.0,0.05811215772179628,0.0,0.05262661555312159,0.0,0.062492223439211396,,0.9931044906900327,15.180834282584884,0.9909141292442496,0.001095290251916758,0.050516757940854314,,0.0043907995618839,0.02103263964950712,0.02103263964950712,0.008900109529025192,0.0010958378970427163,0.004449835706462212,,,0.002189375684556407,,0.6791037239868567,0.34408630887185143,0.05490755750273821,,0.1501322015334064,35.43440208105153,0.06362606793303958,91.3,,,0.01423592552026287,0.007820810514786418,,0.0054782037239868575,,0.07807207009857613,0.3057462212486309,1.300661007667031,0.9382469879518075,1.857280503833522,0.05151084337349397,0.8370109529025193,0.1294030668127054,1.3964693318729478,3.9700378970427224,0.0253789704271632,0.062492223439211396,0.062492223439211396,0.062492223439211396,0.062492223439211396,0.0,0.05811215772179628,0.0,0.05262661555312159,0.0,0.062492223439211396,,0.9931044906900327,3.9700378970427224,0.9909141292442496,0.001095290251916758,0.050516757940854314,,0.0043907995618839,0.02103263964950712,0.02103263964950712,0.008900109529025192,0.0010958378970427163,0.004449835706462212,,,0.002189375684556407,,0.02101511500547645,0.34408630887185143,0.05490755750273821,,0.1501322015334064,10.475246549838191,10.50599956188389,0.0,0.41869901424411504
Legacy 2,10,1.0604064485081814,0.45171039461020257,0.40158825794032676,0.10199720885466794,0.18670702598652555,0.23195466794995176,4.059310105871032,3.511874013474504,,0.0375303176130895,,0.4923557266602504,1.015761405197305,0.4284771896053898,0.2185985563041385,,0.10009018286814238,0.06641973051010588,1.4399665062560154,1.0521333012512042,0.0009623676612127045,0.3999000257226726,PASS,775.0676000003409,7.967172550637146,763.2789999999999,1039,35.286300000000004,,,0.0009624639076034649,,,,0.004811934552454283,0.0019249278152069298,,1.2322418671799804,0.9728465832531283,2.2755417709335926,0.04330548604427334,3.9567052935514915,0.11446660250240613,1.2024331087584215,3.944146102021179,0.019246198267564966,0.09243378248315687,0.09243378248315687,0.09243378248315687,0.09243378248315687,0.0,0.08954639076034648,0.0,0.07895187680461983,0.0,0.09243378248315687,,1.266506544754571,3.944146102021179,1.266506544754571,,0.0500711260827719,,0.0009620789220404235,0.01251963426371511,0.01251963426371511,0.003854090471607315,0.0009619826756496632,0.0077035611164581325,,,,,,,0.05103320500481232,,0.10199720885466794,13.76093301251199,0.03741183832855525,103.9,,,0.0009624639076034649,,,,0.004811934552454283,,,1.2158799807507212,0.9669870067372476,1.2254735322425407,0.04330548604427334,1.3474179980750718,0.11254167468719921,0.9330054860442731,3.356835226179026,0.019246198267564966,0.09243378248315687,0.09243378248315687,0.09243378248315687,0.09243378248315687,0.0,0.08954639076034648,0.0,0.07895187680461983,0.0,0.09243378248315687,,1.266506544754571,3.356835226179026,1.266506544754571,,0.0500711260827719,,0.0009620789220404235,0.01251963426371511,0.01251963426371511,0.003854090471607315,0.0009619826756496632,0.0077035611164581325,,,,,,,0.05103320500481232,,0.10199720885466794,9.182435996151435,9.220692589027907,0.0,0.4051761308960675
Legacy 2,13,1.802821328671331,1.0770358391608397,0.6276379370629369,0.16268898601398607,1.4056970279720276,3.037042307692306,7.552290559440555,0.3939473776223776,1.0968944055944054,0.07188566433566433,8.633550874125865,9.906181293706302,4.793775349650353,1.3041889860139875,0.29010839160839164,,0.6555652097902097,1.3287152097902077,3.038630769230768,0.3290003496503497,0.003497727272727273,0.9500000160369382,PASS,3382.8577999996696,33.75648127927905,3293.432800000003,572,24.998399999999997,,,0.0034958041958041957,0.8070779720279719,,0.015739685314685316,,0.250331993006993,0.27467482517482517,2.2183636363636365,1.487999475524476,27.045973601398575,0.03675856643356643,4.491151573426575,0.12474388111888109,8.650373426573427,24.930442307692303,0.036729020979020977,0.11365751748251748,0.11365751748251748,0.11365751748251748,0.11365751748251748,0.0,0.11190751748251748,0.0,0.09791993006993008,0.0,0.11365751748251748,,0.47635909090909107,24.930442307692303,0.46936748251748267,,,,0.001749125874125874,0.01225437062937063,0.014002622377622375,,0.00525437062937063,,,,,,3.7216860139860133,0.3358695804195805,0.001749125874125874,,0.16268898601398607,69.02253548951049,0.09516800701273982,57.2,,,0.0034958041958041957,0.13841993006993009,,0.015739685314685316,,0.09093356643356643,0.27467482517482517,2.1864181818181825,1.4772389860139867,2.326350349650349,0.03675856643356643,0.7506632867132867,0.1212473776223776,1.6870211538461537,8.436044755244744,0.034980769230769225,0.11365751748251748,0.11365751748251748,0.11365751748251748,0.11365751748251748,0.0,0.11190751748251748,0.0,0.09791993006993008,0.0,0.11365751748251748,,0.47635909090909107,8.436044755244744,0.46936748251748267,,,,0.001749125874125874,0.01225437062937063,0.014002622377622375,,0.00525437062937063,,,,,,0.6332038461538462,0.3358695804195805,0.001749125874125874,,0.16268898601398607,17.039039335672317,17.056723426573406,0.0,0.3499709790213024
Depth off,08,3.0819075043630053,1.1711844677137868,0.8760404886561949,0.12744712041884823,1.331581849912738,1.3649174520069798,9.35022652705065,3.6574567190226928,,0.031411343804537514,3.316498603839439,4.3932937172774915,3.702830191972077,1.9790211169284473,0.4467425828970331,,0.6247858638743451,0.33333228621291455,3.994550785340318,1.0364825479930189,0.0017453752181500872,0.6659000018826191,PASS,3449.5684000000465,34.46402566592174,3363.9010999999987,573,34.0364,,,0.0017452006980802793,0.010462652705061082,,,0.0034897033158813266,0.48541396160558464,,2.466503141361258,1.9988029668411893,13.859021815008711,0.040150785340314125,5.271946771378709,0.08945200698080279,5.635397033158808,13.732167713787112,0.020950785340314134,0.11534956369982549,0.11534956369982549,0.11534956369982549,0.11534956369982549,0.0,0.11360680628272253,0.0,0.10138534031413615,0.0,0.11534956369982549,,0.1523146596858639,13.732167713787112,0.1523146596858639,0.0017453752181500872,,,,0.02618237347294939,0.0279282722513089,0.012218848167539268,0.003490575916230366,0.006982897033158813,,,,0.08723595113438046,,,,,0.12744712041884823,43.11439301919731,0.0633570680658221,57.3,,,0.0017452006980802793,0.008717452006980802,,,0.0034897033158813266,,,2.42432844677138,1.9883312390924983,1.6908179755671884,0.040150785340314125,0.8276080279232118,0.08770680628272251,1.8982734729493882,8.056065794066326,0.020950785340314134,0.11534956369982549,0.11534956369982549,0.11534956369982549,0.11534956369982549,0.0,0.11360680628272253,0.0,0.10138534031413615,0.0,0.11534956369982549,,0.1523146596858639,8.056065794066326,0.1523146596858639,0.0017453752181500872,,,,0.02618237347294939,0.0279282722513089,0.012218848167539268,0.003490575916230366,0.006982897033158813,,,,0.04535113438045375,,,,,0.12744712041884823,17.008110296684862,17.034233333333393,0.0,0.38170174520024674
Depth off,11,1.361564379562044,0.7363324087591243,0.4806267153284668,0.14616306569343065,1.1051665693430666,1.7373221897810212,5.464922627737216,0.23468145985401456,0.7995065693430661,0.04863562043795621,6.7440400000000125,8.512090948905108,4.234063941605839,0.9636440875912404,0.2263270072992701,0.0014594160583941607,0.6160147445255475,0.6097818978102192,2.1935823357664277,0.1770677372262774,,1.2713000020667096,PASS,1624.6511999999314,18.682614923856473,1526.7062999999996,685,29.1148,,,0.0043744525547445255,0.081865401459854,,0.011684963503649634,,0.2728992700729927,0.25842978102189784,1.7370299270072984,1.0550129927007303,23.1991118248175,0.04967007299270072,3.5806429197080267,0.12212729927007296,8.984906131386875,16.026477226277425,0.019065109489051095,0.10823970802919708,0.10823970802919708,0.10823970802919708,0.10823970802919708,0.0,0.10531883211678832,0.0,0.08915357664233575,0.0,0.10823970802919708,,0.410154890510949,16.026477226277425,0.40723226277372276,,,,,0.02783883211678832,0.02783883211678832,0.011662481751824817,0.0015167883211678831,0.0044529927007299274,,0.00145985401459854,,,0.37259503649635034,0.27761459854014603,,,0.14616306569343065,54.77404350364951,0.2542113868634157,68.5,,,0.0043744525547445255,0.005952992700729927,,0.011684963503649634,,0.03269620437956205,0.25842978102189784,1.7163420437956198,1.0417686131386865,2.0470202919708003,0.04967007299270072,0.5475145985401456,0.12066744525547443,1.592040583941607,4.795549197080281,0.019065109489051095,0.10823970802919708,0.10823970802919708,0.10823970802919708,0.10823970802919708,0.0,0.10531883211678832,0.0,0.08915357664233575,0.0,0.10823970802919708,,0.410154890510949,4.795549197080281,0.40723226277372276,,,,,0.02783883211678832,0.02783883211678832,0.011662481751824817,0.0015167883211678831,0.0044529927007299274,,0.00145985401459854,,,0.011837372262773722,0.27761459854014603,,,0.14616306569343065,11.936626861314478,11.929637956204362,0.0,2.409557810219285
Depth off,09,1.0116826530612246,0.44035428571428575,0.4187357142857145,0.1030788775510204,0.34387469387755115,0.4021778571428571,4.129708469387757,2.8698312244897943,,0.061221836734693884,0.9633383673469387,0.5269501020408162,2.6084665306122443,0.5021851020408165,0.20022653061224488,0.0010216326530612246,0.1428826530612245,0.09897500000000004,1.502368367346939,0.877944183673469,0.004080918367346939,0.26749999913954525,PASS,766.4129000000344,7.640427026881706,699.5334999999998,980,42.06600000000001,,,0.0010212244897959183,0.006123979591836735,,,0.004080816326530613,0.7803306122448981,,1.2199761224489798,1.0630513265306116,5.960284285714289,0.03673908163265306,3.981243367346939,0.14053285714285715,4.620530102040818,7.029153571428569,0.018367653061224492,0.08485061224489798,0.08485061224489798,0.08485061224489798,0.08485061224489798,0.0,0.07974591836734696,0.0,0.0633130612244898,0.0,0.08485061224489798,,1.3140716326530602,7.029153571428569,1.3130498979591827,0.0010208163265306121,,,,0.014364897959183673,0.014364897959183673,0.007219897959183674,,0.002042551020408163,,,,,0.004081632653061225,,,,0.1030788775510204,24.069878367346885,0.04954867346683915,98.0,,,0.0010212244897959183,,,,0.004080816326530613,,,1.1995679591836736,1.0538676530612239,1.3161767346938777,0.03673908163265306,1.3773442857142868,0.13849204081632654,1.131457244897959,3.0705239795918353,0.018367653061224492,0.08485061224489798,0.08485061224489798,0.08485061224489798,0.08485061224489798,0.0,0.07974591836734696,0.0,0.0633130612244898,0.0,0.08485061224489798,,1.3140716326530602,3.0705239795918353,1.3130498979591827,0.0010208163265306121,,,,0.014364897959183673,0.014364897959183673,0.007219897959183674,,0.002042551020408163,,,,,,,,,0.1030788775510204,9.328540714286445,9.342536632653092,0.0,0.8262652040825719
Depth off,12,1.7015731218697852,0.937122537562604,0.62479081803005,0.13197445742904845,1.2957951585976615,2.4029532554257074,6.825652921535891,0.4286504173622705,1.0211287145242076,0.06181485809682804,0.8369497495826379,0.683249248747913,3.197740901502504,1.197016861435726,0.2689255425709517,,0.6430093489148573,0.9998257095158606,2.65699833055092,0.23941402337228718,,1.1118000136066257,PASS,449.9457000000575,5.130117103454416,437.9383,599,37.047,,,0.0033397328881469113,0.30250267111853085,,0.003339565943238731,,0.26777712854757935,0.5207188647746243,2.002188146911522,1.4199724540901486,8.090386644407346,0.045108514190317195,4.462988981636058,0.12431302170283806,5.8938599332220365,19.176423873121834,0.020048414023372284,0.11365893155258759,0.11365893155258759,0.11365893155258759,0.11365893155258759,0.0,0.11032053422370615,0.0,0.09186544240400668,0.0,0.11365893155258759,,0.41838714524207005,19.176423873121834,0.4167173622704507,0.00333889816360601,,,,0.020039065108514192,0.020039065108514192,0.003340567612687813,,0.0016747913188647748,,,,,1.5423651085141903,0.2889656093489149,,,0.13197445742904845,41.235289983305556,0.054258597681374934,59.9,,,0.0033397328881469113,0.026758597662771288,,0.003339565943238731,,0.09386794657762937,0.5207188647746243,1.9734527545909875,1.4099557595993306,2.145003839732893,0.045108514190317195,0.6652809682804681,0.11930467445742907,1.6890417362270438,6.184245909849765,0.020048414023372284,0.11365893155258759,0.11365893155258759,0.11365893155258759,0.11365893155258759,0.0,0.11032053422370615,0.0,0.09186544240400668,0.0,0.11365893155258759,,0.41838714524207005,6.184245909849765,0.4167173622704507,0.00333889816360601,,,,0.020039065108514192,0.020039065108514192,0.003340567612687813,,0.0016747913188647748,,,,,0.10552237061769613,0.2889656093489149,,,0.13197445742904845,14.243664106845355,14.251442570951545,0.0,2.398424207015186
Depth off,10,1.9120160000000026,0.7967861666666666,0.6705543333333341,0.11672383333333336,0.8386540000000002,0.8067601666666667,6.665179500000005,3.562494166666675,,0.055016833333333334,0.8023281666666666,0.5776196666666669,2.8411661666666674,1.1185858333333334,0.3270116666666664,0.0016675,0.4170753333333332,0.2,2.736403833333338,1.067047500000001,,0.5620000185863319,PASS,0.0,0.0,0.0,600,24.0093,,,0.008335166666666666,,,,0.008336833333333333,0.6932821666666668,,1.8013634999999983,1.5572493333333333,6.443952166666667,0.043355000000000005,4.3768366666666685,0.11568666666666667,5.2294316666666685,9.692876666666676,0.020024499999999997,0.13330966666666666,0.13330966666666666,0.13330966666666666,0.13330966666666666,0.0,0.13164299999999998,0.0,0.12331,0.0,0.13330966666666666,,0.11600783333333335,9.692876666666676,0.11267316666666663,,,,,0.016660666666666667,0.016660666666666667,0.006666666666666667,0.0016646666666666667,0.0033328333333333335,,,,,,,,,0.11672383333333336,29.280776166666705,0.04845516669111779,60.0,,,0.008335166666666666,,,,0.008336833333333333,,,1.7713494999999981,1.553916,1.414902333333333,0.043355000000000005,0.6729025000000001,0.11235333333333335,1.473829166666667,5.306688666666676,0.020024499999999997,0.13330966666666666,0.13330966666666666,0.13330966666666666,0.13330966666666666,0.0,0.13164299999999998,0.0,0.12331,0.0,0.13330966666666666,,0.11600783333333335,5.306688666666676,0.11267316666666663,,,,,0.016660666666666667,0.016660666666666667,0.006666666666666667,0.0016646666666666667,0.0033328333333333335,,,,,,,,,0.11672383333333336,12.342854000005346,12.369321000000008,0.0,4.2762941666678485
Depth off,13,2.784791086956525,1.5327493478260894,1.080946086956522,0.1544704347826087,2.0872367391304345,3.9944643478260917,10.868005869565199,0.46647869565217365,1.6788030434782606,0.03493978260869565,0.7849860869565216,0.7894117391304344,3.96418152173913,1.9433254347826134,0.5416893478260869,0.0021743478260869563,0.9305667391304348,1.5877089130434783,4.283344347826085,0.26162804347826085,,0.6012000095815893,PASS,1066.5668000000323,10.741727556032396,1056.9291999999996,460,24.9892,,,0.004347608695652174,0.7558891304347825,,0.015213043478260867,,0.23288065217391304,0.21106413043478262,3.2849676086956507,2.207626956521739,9.560763478260865,0.03915478260869565,6.355635434782605,0.10962608695652175,6.275639565217384,25.63539152173912,0.03263195652173913,0.16953956521739136,0.16953956521739136,0.16953956521739136,0.16953956521739136,0.0,0.1586826086956522,0.0,0.14345869565217392,0.0,0.16953956521739136,,0.45582521739130444,25.63539152173912,0.45582521739130444,,,,,0.01958304347826087,0.021756086956521738,0.00871021739130435,,0.004348695652173913,,,,,3.350273478260869,0.3154104347826087,,,0.1544704347826087,53.50143739130451,0.046988478284936755,46.0,,,0.004347608695652174,0.12002304347826091,,0.015213043478260867,,0.06748934782608695,0.21106413043478262,3.2171493478260857,2.192409565217391,2.912216304347826,0.03915478260869565,1.0614041304347837,0.10962608695652175,2.080918260869567,9.744644565217374,0.03263195652173913,0.16953956521739136,0.16953956521739136,0.16953956521739136,0.16953956521739136,0.0,0.1586826086956522,0.0,0.14345869565217392,0.0,0.16953956521739136,,0.45582521739130444,9.744644565217374,0.45582521739130444,,,,,0.01958304347826087,0.021756086956521738,0.00871021739130435,,0.004348695652173913,,,,,0.6000132608695652,0.3154104347826087,,,0.1544704347826087,21.256320434777113,21.39015500000001,0.0,0.43712847826312734
RC166 repeat 1,08,1.7888570336391436,0.7755324159021408,1.1898261467889906,0.16830550458715599,0.6911934250764528,0.7664261467889906,0.0045862385321100915,3.0664837920489334,,0.15596743119266054,6.873734403669729,8.825351376146784,4.232242201834855,1.1268480122324158,0.3854298165137613,0.0015314984709480122,0.30759862385321124,0.18816330275229357,,1.0705322629969418,0.004587003058103975,0.6185000004134054,PASS,2016.3250999999746,21.68257167320886,1926.4172000000021,654,84.1044,,,0.0015290519877675841,0.012290672782874618,,,0.016823853211009175,0.5193943425076453,,1.816119571865443,0.9777373088685019,22.81740214067283,0.0504808868501529,4.076244342507645,0.14852782874617737,7.1500981651376065,13.430090061162076,0.0351737003058104,0.0,0.0,,0.0,0.0,0.0,0.0,0.0,0.0,0.0,,0.1033412844036697,13.430090061162076,0.10181070336391437,,,,,,,,,,,,,0.056552599388379206,,,,,0.16830550458715599,50.50187400611626,0.1440928134575095,65.4,,,0.0015290519877675841,,,,0.016823853211009175,,,1.7884168195718653,0.9685629969418964,1.6409455657492362,0.0504808868501529,0.5421625382262998,0.14088256880733946,1.5861788990825703,6.832263761467887,0.0351737003058104,0.0,0.0,,0.0,0.0,0.0,0.0,0.0,0.0,0.0,,0.1033412844036697,6.832263761467887,0.10181070336391437,,,,,,,,,,,,,0.03361681957186544,,,,,0.16830550458715599,13.59213623853132,13.585067737003085,0.0,1.5552365443420781
RC166 repeat 1,11,0.925626514285714,0.5655344000000001,0.8472666285714279,0.23009897142857144,0.7318601142857131,0.637231428571428,0.006855771428571428,1.709249257142857,0.0115328,0.18012914285714285,7.232075200000026,8.71276651428571,4.506041942857143,0.5534189714285715,0.19437542857142853,,0.36479188571428567,0.12027759999999996,,0.6885940571428567,0.0022821714285714287,1.1186999982000998,PASS,274.9813999999162,2.6583117012739312,250.67840000000015,875,66.0857,,,0.0034300571428571426,0.09740274285714286,,0.0365856,,0.27542765714285716,0.010277828571428569,1.3724481142857128,0.9457197714285713,23.801935085714366,0.07887062857142854,3.3382091428571434,0.17905154285714295,8.426161257142857,16.868390171428587,0.033149371428571425,0.0,0.0,,0.0,0.0,0.0,0.0,0.0,0.0,0.0,,0.5650648000000003,16.868390171428587,0.5627782857142859,,,,,,,,,,,,,,0.40233325714285717,0.45188982857142873,,,0.23009897142857144,55.04393508571465,0.17799931428654808,87.5,,,0.0034300571428571426,,,0.0365856,,0.006853485714285713,0.010277828571428569,1.3507205714285704,0.9342356571428573,1.695976228571429,0.07887062857142854,0.48974731428571433,0.1641944,1.7396212571428527,4.29061051428571,0.033149371428571425,0.0,0.0,,0.0,0.0,0.0,0.0,0.0,0.0,0.0,,0.5650648000000003,4.29061051428571,0.5627782857142859,,,,,,,,,,,,,,,0.45188982857142873,,,0.23009897142857144,10.62700777142642,10.777125942857152,0.0,0.6248428571421171
RC166 repeat 1,09,0.8375104204753201,0.42276060329067616,0.6975924131627058,0.1517846435100549,0.2606932358318098,0.36606590493601443,0.0009135283363802559,2.4922946983546588,,0.12905127970749547,1.6089424131627055,0.5620834552102378,2.7630083180987204,0.410706307129799,0.22255685557586838,0.0027462522851919567,0.12162559414990864,0.07695137111517364,,0.8965618829981725,0.00456819012797075,0.4652999959889712,PASS,1541.3515000000189,15.67160394196271,1450.1196999999995,1094,69.25200000000002,,,0.0018281535648994515,0.00734890310786106,,,0.011926325411334553,0.7410521023765998,,1.0995196526508217,0.6959645338208409,6.799884917733094,0.048464259597806224,3.342094515539305,0.13759396709323587,4.500566819012796,7.174214076782452,0.020115173674588666,0.0,0.0,,0.0,0.0,0.0,0.0,0.0,0.0,0.0,,0.9536542047531992,7.174214076782452,0.9499964351005484,,,,,,,,,,,,,,0.006398537477148081,,,,0.1517846435100549,23.818417915904963,0.05854908591783121,109.4,,,0.0018281535648994515,,,,0.011926325411334553,,,1.0912929616087743,0.6913965265082267,1.428028427787934,0.047550182815356494,0.9843763254113344,0.1284531992687386,1.083796526508225,2.983095886654475,0.020115173674588666,0.0,0.0,,0.0,0.0,0.0,0.0,0.0,0.0,0.0,,0.9536542047531992,2.983095886654475,0.9499964351005484,,,,,,,,,,,,,,,,,,0.1517846435100549,8.424944515539995,8.458105210237678,0.0,0.6576995429626403
RC166 repeat 1,12,0.766742514285714,0.5486202285714284,0.7932609142857149,0.17514651428571434,0.6589042285714282,0.6498082285714284,0.0022769142857142857,2.008992,0.008004571428571429,0.19481748571428575,1.7877088,0.6163078857142856,3.3340117714285693,0.44914857142857123,0.18591337142857137,0.0011453714285714286,0.3337278857142857,0.13955040000000005,,0.956097828571429,0.003425714285714286,6.015600015936798,REVIEW_REQUIRED,433.2737000000293,4.295094838866456,413.8367000000003,875,72.4005,,,0.009139428571428571,0.4227998857142857,,0.024111771428571432,,0.2704561142857142,0.1134398857142857,1.2500112000000005,0.8392908571428576,8.498247542857143,0.06071497142857143,3.6843331428571395,0.15825074285714283,9.035948685714278,19.936424457142795,0.018292000000000003,0.0,0.0,,0.0,0.0,0.0,0.0,0.0,0.0,0.0,,0.5776938285714285,19.936424457142795,0.5776938285714285,,,,,,,,,,,,,,1.873532228571429,0.41207119999999986,,,0.17514651428571434,43.481513600000255,0.05191440001674762,87.5,,,0.009139428571428571,,,0.024111771428571432,,0.10212365714285714,0.1134398857142857,1.2291932571428574,0.8347194285714291,1.5561156571428567,0.06071497142857143,0.5166531428571426,0.1536793142857143,1.712165828571428,4.93115257142858,0.01714914285714286,0.0,0.0,,0.0,0.0,0.0,0.0,0.0,0.0,0.0,,0.5776938285714285,4.93115257142858,0.5776938285714285,,,,,,,,,,,,,,,0.41207119999999986,,,0.17514651428571434,10.950023885712337,11.011543314285689,0.0,0.43350811428912756
RC166 repeat 1,10,1.2720014739228995,0.5940926303854878,0.9569138321995472,0.15311462585034016,0.38316984126984144,0.4829878684807257,0.007933106575963718,3.251140136054422,,0.14400136054421764,7.1470463718820865,8.713875283446717,3.969238435374155,0.7210461451247164,0.3072837868480726,,0.1836430839002269,0.09749977324263037,,1.2288363945578211,0.0011357142857142857,0.2329000311819982,PASS,83.31470000007357,0.8046815035793538,76.99359999999997,882,69.20139999999999,,,0.0022683673469387758,,,,0.007935260770975058,0.6830326530612244,,1.448393764172336,0.8006079365079368,22.397376303854923,0.04650748299319728,3.6516579365079345,0.13297097505668934,6.454985147392293,9.510101927437644,0.026116439909297053,0.0,0.0,,0.0,0.0,0.0,0.0,0.0,0.0,0.0,,0.11248208616780046,9.510101927437644,0.10907142857142858,,,,,,,,,,,,,,,,,,0.15311462585034016,44.4687179138321,0.08917494334473654,88.2,,,0.0022683673469387758,,,,0.007935260770975058,,,1.4302531746031744,0.7881362811791386,1.5879360544217693,0.04650748299319728,0.4785568027210886,0.12276689342403627,1.4572259637188216,4.911943083900223,0.024982653061224488,0.0,0.0,,0.0,0.0,0.0,0.0,0.0,0.0,0.0,,0.11248208616780046,4.911943083900223,0.10907142857142858,,,,,,,,,,,,,,,,,,0.15311462585034016,10.866571541949,10.84830839002267,0.0,0.3823860544241572
RC166 repeat 1,13,1.9138406690140874,1.2813336267605635,1.476249295774648,0.15508362676056336,1.6311834507042244,1.9869885563380303,0.0017683098591549295,1.7906894366197188,0.01234700704225352,0.13489630281690143,1.2168228873239433,0.7241915492957748,3.903792781690144,1.3721313380281697,0.3812369718309859,,0.7575359154929583,0.9152075704225346,,0.934709683098592,,1.1007000099052675,PASS,2707.9721000000063,27.15245750753321,2641.627700000005,568,75.23150000000001,,,0.010647535211267605,0.8382806338028169,,0.024650880281690137,,0.30723433098591546,0.4798369718309859,2.2995580985915507,1.6076216549295772,8.65674559859154,0.051121654929577466,5.498492781690146,0.20039507042253527,6.240173415492966,27.61674313380285,0.03006901408450705,0.0,0.0,,0.0,0.0,0.0,0.0,0.0,0.0,0.0,,0.4977794014084509,27.61674313380285,0.4924961267605636,,,,,,,,,,,,,,3.5548149647887315,0.4017626760563382,,,0.15508362676056336,52.2009204225351,0.05526989437939078,56.8,,,0.010647535211267605,,,0.024650880281690137,,0.1499427816901408,0.4798369718309859,2.2780286971830996,1.604100528169014,1.9137589788732408,0.051121654929577466,0.8312871478873238,0.17040845070422533,1.9604005281690124,8.28911989436622,0.03006901408450705,0.0,0.0,,0.0,0.0,0.0,0.0,0.0,0.0,0.0,,0.4977794014084509,8.28911989436622,0.4924961267605636,,,,,,,,,,,,,,,0.4017626760563382,,,0.15508362676056336,17.09066250000204,17.12829489436617,0.0,0.46163926056558513
RC166 repeat 2,08,1.8246095166163148,0.7553090634441078,1.1210764350453166,0.12391027190332325,0.7179264350453168,0.735941993957704,0.006028549848942598,2.9368587613293125,,0.16012839879154075,6.534821450151063,8.346450453172233,3.91299682779456,1.2068629909365551,0.315775075528701,,0.3383339879154079,0.18281117824773413,,1.0559951661631408,0.004533836858006042,0.23710000060964376,PASS,1899.619099999967,20.96251587502267,1821.8711,662,54.20700000000002,,,,0.013590785498489426,,,0.007560271903323263,0.5001820241691841,0.0015116314199395769,1.705466163141994,0.9447847432024169,21.521106193353443,0.046840936555891236,4.1595138972809655,0.1317202416918429,6.8237332326283955,12.77988262839882,0.013598036253776436,0.0,0.0,,0.0,0.0,0.0,0.0,0.0,0.0,0.0,,0.08805619335347432,12.77988262839882,0.08503247734138973,,,,,,,,,,,,,0.0649308157099698,,,,,0.12391027190332325,48.12664607250768,0.1289447129909527,66.2,,,,0.004527341389728096,,,0.007560271903323263,,0.0015116314199395769,1.6719184290030211,0.928168429003021,1.463733383685799,0.046840936555891236,0.6184527190332322,0.12416737160120847,1.492353323262839,6.7693019637462335,0.013598036253776436,0.0,0.0,,0.0,0.0,0.0,0.0,0.0,0.0,0.0,,0.08805619335347432,6.7693019637462335,0.08503247734138973,,,,,,,,,,,,,0.030187613293051363,,,,,0.12391027190332325,13.166367522658629,13.128534592145074,0.0,1.8107861027199197
RC166 repeat 2,11,0.8327078662733528,0.4676510324483776,0.7683868239921338,0.16546715830875128,0.5649102261553585,0.5642465093411998,0.0019674532940019665,1.3902241887905606,0.01184149459193707,0.16856273352999016,6.008967453294024,7.323751229105219,3.969759292035391,0.5132606686332352,0.19684208456243857,,0.27949213372664683,0.12979557522123888,,0.5810862340216321,0.0029430678466076696,1.4569000071569462,PASS,849.8955999999396,8.647288996061947,805.5618999999999,1017,94.17810000000001,,,0.0019824975417895773,0.10826991150442478,,0.031511209439528017,,0.33207817109144544,0.008839233038348082,1.1617127826941986,0.6663626352015728,20.598266764995103,0.07189793510324483,3.157901278269419,0.15572930186823994,7.671472074729624,14.5024890855457,0.029514060963618485,0.0,0.0,,0.0,0.0,0.0,0.0,0.0,0.0,0.0,,0.5556511307767947,14.5024890855457,0.5507175024582107,,,,,,,,,,,,,,0.3751700098328417,0.3760089478859394,,,0.16546715830875128,48.01534591937064,0.15568495575519953,101.7,,,0.0019824975417895773,,,0.031511209439528017,,0.002947590953785644,0.008839233038348082,1.1487785644051134,0.659403933136676,1.595507472959684,0.07189793510324483,0.4805326450344149,0.14982959685349068,1.4198655850540787,3.604723303834814,0.029514060963618485,0.0,0.0,,0.0,0.0,0.0,0.0,0.0,0.0,0.0,,0.5556511307767947,3.604723303834814,0.5507175024582107,,,,,,,,,,,,,,,0.3760089478859394,,,0.16546715830875128,9.137672074731306,9.160053097345132,0.0,0.540917207475301
RC166 repeat 2,09,0.8190312271062269,0.37073305860805833,0.6212169413919417,0.11737005494505492,0.23546062271062276,0.3619590659340657,0.0027467032967032966,2.2909513736263736,,0.1456513736263737,1.2636569597069598,0.5568780219780222,2.5664568681318687,0.442622619047619,0.20020137362637372,0.0018332417582417582,0.10804890109890107,0.06781996336996336,,0.8229533882783886,0.0018305860805860807,0.5887999956921703,PASS,1683.0320999999913,17.22185812119103,1503.4988000000005,1092,82.4066,,,,0.0027472527472527475,,,0.007324908424908425,0.7975156593406596,0.0009159340659340659,0.9677077838827844,0.6183595238095237,6.173785256410254,0.035775274725274725,3.50325183150183,0.15051611721611718,4.20812628205128,6.75493443223443,0.017409615384615384,0.0,0.0,,0.0,0.0,0.0,0.0,0.0,0.0,0.0,,1.1250386446886451,6.75493443223443,1.1222926739926746,,,,,,,,,,,,,,0.01282051282051282,,,,0.11737005494505492,22.42986611721613,0.05932728937146405,109.2,,,,,,,0.007324908424908425,,0.0009159340659340659,0.9512098901098901,0.60462326007326,1.374532875457876,0.035775274725274725,1.1424981684981685,0.14410586080586077,0.9783027472527474,2.7471261904761892,0.01649386446886447,0.0,0.0,,0.0,0.0,0.0,0.0,0.0,0.0,0.0,,1.1250386446886451,2.7471261904761892,1.1222926739926746,,,,,,,,,,,,,,,,,,0.11737005494505492,8.001001007327275,7.994668131868134,0.0,1.0977200549456683
RC166 repeat 2,12,0.9474343703703705,0.7468672592592592,0.9146296296296301,0.1468530370370371,0.6274056296296302,0.5437878518518523,0.004441185185185185,2.085519259259257,0.010373333333333333,0.04913585185185184,,0.7517484444444451,1.640982518518518,0.5914794074074078,0.23194948148148148,0.0014814814814814814,0.31042059259259247,0.15038577777777776,,0.940270814814815,,0.9811000206736935,PASS,249.89850000008573,2.744517114355829,240.34560000000002,675,77.45449999999998,,,0.0030103703703703703,0.547212,,0.01037037037037037,,0.08031096296296297,0.09966711111111111,1.3634346666666677,1.0201066666666667,3.603603999999999,0.050509185185185185,5.050867259259259,0.17071422222222224,2.2679398518518514,12.36166637037037,0.037209925925925924,0.0,0.0,,0.0,0.0,0.0,0.0,0.0,0.0,0.0,,1.7347425185185181,12.36166637037037,1.733260592592592,,,,,,,,,,,,,,2.4633925925925926,0.23001200000000002,,,0.1468530370370371,25.926052148148134,0.07171140743232038,67.5,,,0.0030103703703703703,,,0.01037037037037037,,0.07586651851851853,0.09966711111111111,1.355986962962964,1.0141807407407408,1.8292272592592589,0.050509185185185185,1.6618157037037022,0.16923274074074077,1.4637601481481484,5.391855259259259,0.037209925925925924,0.0,0.0,,0.0,0.0,0.0,0.0,0.0,0.0,0.0,,1.7347425185185181,5.391855259259259,1.733260592592592,,,,,,,,,,,,,,,0.23001200000000002,,,0.1468530370370371,12.929886074074743,12.973777925925921,0.0,1.8146708148198607
RC166 repeat 2,10,1.2799560846560833,0.5397661375661377,0.9336478306878316,0.1420153439153439,0.357958941798942,0.34824391534391524,0.002117989417989418,3.0464697354497448,,0.032803492063492055,1.1288879365079363,0.6712023280423278,2.853626772486772,0.7134798941798935,0.29228137566137574,,0.181181798941799,0.10687566137566136,,1.0980160846560838,0.0021161904761904764,1.100800021644318,PASS,316.52980000012576,3.113465887241179,297.96740000000005,945,76.27199999999998,,,0.0010580952380952382,,,,0.009522222222222222,0.6923647619047618,,1.3481096296296289,0.6919172486772475,6.820842857142863,0.04341777777777778,3.63632867724868,0.1427401058201058,4.957592169312172,8.871846243386242,0.015874497354497356,0.0,0.0,,0.0,0.0,0.0,0.0,0.0,0.0,0.0,,0.21678380952380946,8.871846243386242,0.21252465608465607,,,,,,,,,,,,,,,,,,0.1420153439153439,26.52866920634921,0.06698232806420781,94.5,,,0.0010580952380952382,,,,0.009522222222222222,,,1.328003809523809,0.6855680423280411,1.6150508994708983,0.04341777777777778,0.5662520634920637,0.1406237037037037,1.2270493121693122,4.506498412698411,0.014816296296296296,0.0,0.0,,0.0,0.0,0.0,0.0,0.0,0.0,0.0,,0.21678380952380946,4.506498412698411,0.21252465608465607,,,,,,,,,,,,,,,,,,0.1420153439153439,10.120953968252191,10.127280317460347,0.0,0.39523915344195526
RC166 repeat 2,13,1.812990986394558,1.2363363945578232,1.3755365646258504,0.17356173469387756,1.5550377551020396,1.9503224489795938,0.006826020408163266,1.55939455782313,0.017123809523809524,0.07192108843537415,0.8990811224489794,0.719422619047619,3.639516836734693,1.2693091836734691,0.35092295918367344,,0.741672278911565,0.9856675170068019,,0.8084054421768709,0.0035335034013605445,1.1356000159030373,PASS,2491.344900000115,25.711978447689535,2416.0322,588,42.14110000000001,,,0.005095918367346939,0.8290183673469389,,0.020416156462585027,,0.35775510204081645,0.5870360544217686,2.147341836734693,1.3867909863945582,8.052880102040817,0.07486547619047619,5.2485375850340095,0.15724081632653064,5.846341836734695,25.76336462585032,0.03402840136054422,0.0,0.0,,0.0,0.0,0.0,0.0,0.0,0.0,0.0,,0.4553488095238096,25.76336462585032,0.4553488095238096,,,,,,,,,,,,,,3.666784693877552,0.35919285714285726,,,0.17356173469387756,48.71139166666644,0.05861717689537254,58.8,,,0.005095918367346939,,,0.020416156462585027,,0.16022244897959179,0.5870360544217686,2.1201085034013594,1.378287585034014,1.7556312925170061,0.07486547619047619,0.8096195578231292,0.15383945578231295,1.882262414965987,7.773540816326547,0.032327721088435374,0.0,0.0,,0.0,0.0,0.0,0.0,0.0,0.0,0.0,,0.4553488095238096,7.773540816326547,0.4553488095238096,,,,,,,,,,,,,,,0.35919285714285726,,,0.17356173469387756,15.930711564624234,15.980482823129277,0.0,1.0194052721128837
RC166 repeat 3,08,1.783241930618401,0.8026324283559572,1.1375666666666666,0.15394374057315244,0.7059641025641027,0.7817841628959278,,2.973238914027145,,0.1568473604826546,7.329594117647067,8.839548265460019,4.084309200603324,1.1151923076923074,0.3317787330316743,0.001510708898944193,0.3499046757164405,0.19164132730015085,,1.1072354449472088,,0.4455000006437331,PASS,2016.3171000000305,22.184788572115927,1941.2282999999986,663,53.21500000000001,,,,0.02111553544494721,,,0.010559276018099549,0.5119072398190045,,1.7526007541478137,0.920383408748115,23.018850226244343,0.05736078431372548,3.9316541478129716,0.16957164404223227,7.085125942684761,12.713836199095022,0.02414509803921569,0.0,0.0,,0.0,0.0,0.0,0.0,0.0,0.0,0.0,,0.09404283559577678,12.713836199095022,0.09102518853695324,,,,,,,,,,,,,0.0663628959276018,,,,,0.15394374057315244,49.67352820512837,0.11784781297212818,66.3,,,,0.007540874811463046,,,0.010559276018099549,,,1.7145310708898953,0.9083170437405736,1.629501357466065,0.05736078431372548,0.5722612368024131,0.1574214177978884,1.4461203619909497,6.688331523378576,0.02414509803921569,0.0,0.0,,0.0,0.0,0.0,0.0,0.0,0.0,0.0,,0.09404283559577678,6.688331523378576,0.09102518853695324,,,,,,,,,,,,,0.03016380090497737,,,,,0.15394374057315244,13.162508446455,13.197989894419319,0.0,1.8032719457020483
RC166 repeat 3,11,0.826806075216972,0.5084956605593054,0.7368450337512051,0.15636219864995174,0.5626945998071363,0.5317456123432978,0.004837801350048216,1.4059332690453226,0.009801735776277723,0.1585459016393443,6.3296283510125235,5.999173770491802,3.901080424300869,0.5024606557377045,0.18433037608486025,,0.28184493731918997,0.11802671166827387,,0.5961162005785923,0.0019240115718418516,3.6798000043108914,PASS,1199.8962000001256,11.916684457423717,1120.7838,1037,77.23100000000002,,,0.0028946962391513983,0.09949537126325941,,0.0241205400192864,,0.3034099324975892,0.0038497589199614273,1.1576189971070387,0.6982384763741564,19.523403471552612,0.053122661523625846,3.1146029893924796,0.1434650916104146,7.069989488910335,14.393694599807128,0.03377502410800386,0.0,0.0,,0.0,0.0,0.0,0.0,0.0,0.0,0.0,,0.5441244937319195,14.393694599807128,0.5421972034715529,,,,,,,,,,,,,,0.3681386692381871,0.3398367405978784,,,0.15636219864995174,46.18791080038533,0.10701513983112265,103.7,,,0.0028946962391513983,,,0.0241205400192864,,0.0019260366441658631,0.0038497589199614273,1.1431527483124388,0.6953455159112827,1.5837496624879477,0.053122661523625846,0.5241475409836064,0.14153780135004815,1.3302014464802319,3.565521793635491,0.032810703953712626,0.0,0.0,,0.0,0.0,0.0,0.0,0.0,0.0,0.0,,0.5441244937319195,3.565521793635491,0.5421972034715529,,,,,,,,,,,,,,,0.3398367405978784,,,0.15636219864995174,9.01550424300931,9.069589874638364,0.0,0.524230665379731
RC166 repeat 3,09,0.7653506329113933,0.40682287522603966,0.599441681735986,0.13390406871609417,0.2433595840867992,0.36642884267631126,0.0036177215189873418,2.2789761301989118,,0.1483952079566004,1.4099036166365275,0.5438798372513558,2.6665160036166333,0.39724837251356215,0.18388698010849913,0.0009039783001808318,0.11577359855334539,0.0606122965641953,,0.8183177215189884,0.0009041591320072332,2.6542999931607483,PASS,1583.065199999993,15.818818693460104,1411.6934000000012,1106,85.60850000000002,,,0.0009041591320072332,0.0054249547920434,,,0.011755515370705242,0.7196794755877034,0.0009038878842676312,1.0158933092224225,0.5909488245931286,6.523168354430379,0.046122513562386974,3.508224773960216,0.13897522603978307,4.195374593128388,6.68314439421338,0.021703526220614826,0.0,0.0,,0.0,0.0,0.0,0.0,0.0,0.0,0.0,,1.1063575045207958,6.68314439421338,1.1045479204339965,,,,,,,,,,,,,,0.0054249547920434,,,,0.13390406871609417,22.723555515370748,0.05723698010437127,110.6,,,0.0009041591320072332,,,,0.011755515370705242,,0.0009038878842676312,1.0023309222423142,0.5828113924050634,1.3814523508137437,0.046122513562386974,1.167127757685352,0.13355027124773966,1.007214195298373,2.727433182640145,0.020799367088607593,0.0,0.0,,0.0,0.0,0.0,0.0,0.0,0.0,0.0,,1.1063575045207958,2.727433182640145,1.1045479204339965,,,,,,,,,,,,,,,,,,0.13390406871609417,8.035370433994602,8.068841952983727,0.0,0.9513838155512611
RC166 repeat 3,12,0.7860180327868858,0.5843426229508198,0.7979716627634658,0.145468149882904,0.6399044496487117,0.6582408665105384,0.003673653395784543,1.7929708430913345,0.012873067915690865,0.2075652224824356,1.7368303278688513,0.6969137002341926,3.482340983606555,0.44846885245901674,0.18141451990632307,,0.3262819672131147,0.14489355971896956,,0.836902224824356,0.0023423887587822015,1.3329000123831065,PASS,524.829600000146,5.156792335877035,492.79949999999957,854,89.3645,,,0.0070275175644028106,0.43911288056206077,,0.031676463700234185,,0.28810843091334903,0.08923981264637003,1.1887168618266974,0.7917018735363005,8.809753629976582,0.05281159250585481,3.8735918032786856,0.1762430913348946,7.282058899297431,19.739863231850155,0.030534543325526926,0.0,0.0,,0.0,0.0,0.0,0.0,0.0,0.0,0.0,,0.897691100702576,19.739863231850155,0.897691100702576,0.00117096018735363,,,,,,,,,,,,,1.906506791569086,0.3648795081967211,,,0.145468149882904,41.94527552693202,0.06289894615000652,85.4,,,0.0070275175644028106,,,0.031676463700234185,,0.08599871194379391,0.08923981264637003,1.1781605386416858,0.7845427400468391,1.7337885245901647,0.05281159250585481,0.8240285714285716,0.16566124121779857,1.5728581967213129,4.848853512880564,0.029363583138173298,0.0,0.0,,0.0,0.0,0.0,0.0,0.0,0.0,0.0,,0.897691100702576,4.848853512880564,0.897691100702576,0.00117096018735363,,,,,,,,,,,,,,0.3648795081967211,,,0.145468149882904,11.158632786883448,11.190068501170968,0.0,0.4896309133510682
RC166 repeat 3,10,1.2474823216187425,0.5835455804046864,0.8926391906283287,0.11508157614483495,0.3705730564430246,0.4484261980830671,0.0010636847710330138,3.0086176783812504,,0.1448356762513312,6.2311925452609165,7.050899254526096,3.5653623003194888,0.6966943556975499,0.29075133120340785,0.0010657082002129925,0.16079893503727377,0.09804696485623003,,1.1203642172523975,0.004260915867944622,0.534600026332555,PASS,458.2075999999802,4.447782351999236,427.1689000000001,939,48.131099999999996,,,0.0010649627263045794,,,,0.004261767838125665,0.6607705005324813,,1.3713922257720972,0.6954170394036213,19.481638445154484,0.04048679446219382,3.719199148029821,0.13361980830670928,5.829728966986158,8.709974014909475,0.01917539936102236,0.0,0.0,,0.0,0.0,0.0,0.0,0.0,0.0,0.0,,0.3149042598509052,8.709974014909475,0.3117083067092652,,,,,,,,,,,,,,,,,,0.11508157614483495,40.00063184238554,0.0828632588115767,93.9,,,0.0010649627263045794,,,,0.004261767838125665,,,1.35115793397231,0.6890272630457939,1.5765374866879664,0.04048679446219382,0.6380288604898834,0.12829499467518637,1.2882368477103299,4.4981143769968,0.018110436634717782,0.0,0.0,,0.0,0.0,0.0,0.0,0.0,0.0,0.0,,0.3149042598509052,4.4981143769968,0.3117083067092652,,,,,,,,,,,,,,,,,,0.11508157614483495,10.197792119276267,10.227994994675191,0.0,0.36954121405947443
RC166 repeat 3,13,1.9087776649746206,1.1821184433164125,1.3097626057529592,0.14396582064297794,1.5081069373942464,1.932648900169204,0.001691201353637902,1.550323688663283,0.018671912013536376,0.15507461928934005,1.5932763113367179,1.3607622673434838,3.8399225042301164,1.264114043993233,0.2846502538071066,,0.749873773265651,0.8352519458544839,,0.7873231810490688,,2.0551000189298065,PASS,2349.677999999926,24.62336052448234,2279.401400000005,591,64.08420000000001,,,0.008466835871404399,0.8542094754653127,,0.020306598984771575,,0.29191353637901857,0.49733993231810475,2.11789306260575,1.333470389170897,9.6067578680203,0.05592098138747884,5.2331736040609105,0.17018460236886626,5.773751776649748,25.36179898477156,0.025392216582064298,0.0,0.0,,0.0,0.0,0.0,0.0,0.0,0.0,0.0,,0.4338725888324874,25.36179898477156,0.4321783417935703,,,,,,,,,,,,,,3.4647504230118447,0.3471221658206432,,,0.14396582064297794,49.678343485617695,0.07124974621666035,59.1,,,0.008466835871404399,,,0.020306598984771575,,0.16295736040609138,0.49733993231810475,2.0715115059221634,1.3199340101522843,1.763830795262267,0.05592098138747884,0.8201121827411173,0.15157208121827404,1.7707243654822324,7.684400676818953,0.025392216582064298,0.0,0.0,,0.0,0.0,0.0,0.0,0.0,0.0,0.0,,0.4338725888324874,7.684400676818953,0.4321783417935703,,,,,,,,,,,,,,,0.3471221658206432,,,0.14396582064297794,15.707289170901154,15.663398815566799,0.0,1.1454121827450117
Current R1,08,1.923782453416148,0.7578771739130448,0.5777650621118013,0.12891956521739134,0.7236610248447208,0.7424236024844726,6.546563819875754,3.8078920807453462,,0.04658571428571428,7.410222360248442,9.269463354037262,4.015694099378882,1.1412388198757764,0.3415866459627331,,0.32927515527950335,0.2189459627329192,2.6832288819875725,1.1990127329192548,0.0015512422360248446,0.11360000128115644,PASS,2058.0182000000204,21.602241083940637,1983.2292999999981,644,60.03589999999999,,,,0.013976086956521739,,,0.013980124223602484,0.5113291925465839,,1.7743746894409922,1.3411395962732917,23.538602173913045,0.05125512422360248,4.043616149068323,0.12180155279503102,7.019618944099372,12.800055745341643,0.02174083850931677,0.11816614906832298,0.11816614906832298,0.11816614906832298,0.11816614906832298,0.0,0.11039813664596272,0.0,0.09476987577639752,0.0,0.11816614906832298,,0.14019704968944097,12.800055745341643,0.13553571428571426,0.0015527950310559005,0.023301552795031055,,0.0062104037267080745,0.020196739130434783,0.021749534161490683,0.006213043478260869,0.0031066770186335404,0.003105590062111801,,,,0.03572360248447205,,,0.029511956521739127,,0.12891956521739134,50.71220481366468,0.09435031056022983,64.4,,,,0.004659316770186335,,,0.013980124223602484,,,1.746344875776396,1.3395868012422358,1.663423757763976,0.05125512422360248,0.5645773291925469,0.11869596273291921,1.9064147515527947,6.846756521739134,0.01863524844720497,0.11816614906832298,0.11816614906832298,0.11816614906832298,0.11816614906832298,0.0,0.11039813664596272,0.0,0.09476987577639752,0.0,0.11816614906832298,,0.14019704968944097,6.846756521739134,0.13553571428571426,0.0015527950310559005,0.023301552795031055,,0.0062104037267080745,0.020196739130434783,0.021749534161490683,0.006213043478260869,0.0031066770186335404,0.003105590062111801,,,,0.021748447204968942,,,0.029511956521739127,,0.12891956521739134,14.27860900621149,14.255690372670836,0.0,1.1551673913048026
Current R1,11,0.6957510638297871,0.3935035152636447,0.3079876040703055,0.13258279370952822,0.5004993524514342,0.9235999999999999,2.9419705827936995,0.21856382978723404,0.4130422756706753,0.037718501387604075,7.282826086956517,8.846282793709566,3.8825151711378316,0.4776560592044401,0.11702210915818688,,0.2516967622571694,0.3421822386679001,1.0967680851063828,0.1696753931544866,,2.099700007485808,PASS,1624.8546000000204,16.104445903531936,1488.6919999999993,1081,53.330099999999995,,,0.006579370952821462,0.10943802035152636,,0.012030989824236817,,0.38962876965772436,0.14280906567992604,1.1000683626271979,0.6851135985198886,23.435553006475573,0.04173200740055504,2.373994634597595,0.11002173913043478,9.262430064754843,13.521693802035198,0.021370212765957443,0.05495208140610547,0.05495208140610547,0.05495208140610547,0.05495208140610547,0.0,0.050259574468085114,0.0,0.043789824236817765,0.0,0.05495208140610547,,0.4424926919518965,13.521693802035198,0.43879056429232205,0.0009253469010175763,0.014158094357076781,,0.0019322849213691026,0.026122386679000922,0.027046438482886216,0.012982886216466236,0.0019089731729879742,0.0037296022201665125,,0.0009434782608695653,0.0009254394079555966,,0.37442710453283995,0.29915726179463453,0.016090379278445883,,0.13258279370952822,50.55197742830727,0.26436854764505835,108.1,,,0.006579370952821462,0.006628307123034227,,0.012030989824236817,,0.01889241443108233,0.14280906567992604,1.0879387604070314,0.6814133209990745,1.589813968547639,0.04173200740055504,0.3423529139685478,0.10815041628122109,1.291475023126735,3.3880026827011984,0.020445143385753928,0.05495208140610547,0.05495208140610547,0.05495208140610547,0.05495208140610547,0.0,0.050259574468085114,0.0,0.043789824236817765,0.0,0.05495208140610547,,0.4424926919518965,3.3880026827011984,0.43879056429232205,0.0009253469010175763,0.014158094357076781,,0.0019322849213691026,0.026122386679000922,0.027046438482886216,0.012982886216466236,0.0019089731729879742,0.0037296022201665125,,0.0009434782608695653,0.0009254394079555966,,0.02059990749306198,0.29915726179463453,0.016090379278445883,,0.13258279370952822,8.469197594819695,8.551324236817758,0.0,0.5190700277549383
Current R1,09,0.8192367054610563,0.45131700984780665,0.3193774395702778,0.10296947179946282,0.19425407341092227,0.2623934646374217,3.3950927484333,2.700955863921217,,0.03133115487914056,0.8382951656222025,0.5109966875559535,2.350259176365263,0.394173321396598,0.1677901521933751,,0.08861835273052819,0.07163124440465533,1.2275894359892567,0.8320403760071616,0.0017908683974932856,1.4663999987460556,PASS,1558.0932000000018,15.81961850774985,1462.1538999999998,1117,49.117999999999995,,,0.0017903312444046554,0.005371530886302597,,,0.0035797672336615933,0.6951102059086839,,0.9800338406445828,0.8692441360787829,5.542824798567594,0.04029579230080572,3.5477579230080556,0.11068809310653535,4.571838854073414,6.376990420769923,0.018829185317815578,0.07628173679498655,0.07628173679498655,0.07628173679498655,0.07628173679498655,0.0,0.07002918531781557,0.0,0.06190107430617725,0.0,0.07628173679498655,,1.2614310653536256,6.376990420769923,1.2605355416293644,,0.05348621307072516,,0.005371888988361683,0.008962041181736794,0.008962041181736794,0.0035863921217547004,0.0008952551477170994,0.0017957923008057295,,,,,0.012533572068039392,,0.058858102059086856,,0.10296947179946282,22.058503043867518,0.05513348253990792,111.7,,,0.0017903312444046554,,,,0.0035797672336615933,,,0.9701711727842425,0.8611868397493291,1.2451300805729635,0.04029579230080572,1.2910192479856757,0.10710707251566695,1.0927422560429725,2.648059265890782,0.018829185317815578,0.07628173679498655,0.07628173679498655,0.07628173679498655,0.07628173679498655,0.0,0.07002918531781557,0.0,0.06190107430617725,0.0,0.07628173679498655,,1.2614310653536256,2.648059265890782,1.2605355416293644,,0.05348621307072516,,0.005371888988361683,0.008962041181736794,0.008962041181736794,0.0035863921217547004,0.0008952551477170994,0.0017957923008057295,,,,,,,0.058858102059086856,,0.10296947179946282,8.214220411817335,8.274540913160253,0.0,0.6845103849612407
Current R1,12,0.6538095755182626,0.4090465942744323,0.30218351431391915,0.12346337611056273,0.5077126357354392,1.0923679170779865,2.913676505429417,0.4052739387956565,0.4709641658440273,0.04772951628825273,1.1145244817374136,0.5996585389930895,2.830353701875617,0.4079399802566632,0.12000661401776899,0.0009873642645607107,0.26123070088845024,0.5055448173741364,1.0254214215202369,0.32201332675222116,,5.914100025911466,REVIEW_REQUIRED,1024.940199999719,10.361771430998038,987.9743999999998,1013,41.2578,,,0.0009867719644619942,0.4015162882527146,,0.0059240868706811455,,0.30118696939782824,0.2504015794669298,1.0460549851924994,0.7177794669299113,7.281892398815412,0.04839891411648569,2.761541954590324,0.11638637709772952,6.951945607107609,16.284806120434382,0.013825271470878576,0.05454067127344521,0.05454067127344521,0.05454067127344521,0.05454067127344521,0.0,0.04661154985192498,0.0,0.041650444225074044,0.0,0.05454067127344521,,0.5910691016781836,16.284806120434382,0.5910691016781836,,0.02283613030602172,,,0.017921915103652514,0.017921915103652514,0.00394827245804541,,0.0009871668311944718,,,0.000988746298124383,,1.7237855873642642,0.2747254689042446,0.02283613030602172,,0.12346337611056273,35.22263109575511,0.05520523200422277,101.3,,,0.0009867719644619942,0.04655478775913129,,0.0059240868706811455,,0.10922586377097732,0.2504015794669298,1.0312475814412656,0.7138307996051335,1.5606831194471884,0.04839891411648569,0.4335566633761106,0.11539921026653506,1.1357559723593307,4.359742843040476,0.013825271470878576,0.05454067127344521,0.05454067127344521,0.05454067127344521,0.05454067127344521,0.0,0.04661154985192498,0.0,0.041650444225074044,0.0,0.05454067127344521,,0.5910691016781836,4.359742843040476,0.5910691016781836,,0.02283613030602172,,,0.017921915103652514,0.017921915103652514,0.00394827245804541,,0.0009871668311944718,,,0.000988746298124383,,0.21986564659427432,0.2747254689042446,0.02283613030602172,,0.12346337611056273,9.44109210266414,9.412440375123387,0.0,0.38120918065830306
Current R1,10,1.2990400662251678,0.5916104856512143,0.4580072847682119,0.11926169977924947,0.3675353200883003,0.38310353200882985,4.849589845474613,3.647520860927151,,0.05187538631346579,6.124969757174396,7.193177262693174,3.4553296909492284,0.6225285871964681,0.26707185430463576,,0.1677637969094923,0.09602759381898456,1.7604166666666676,1.0760865342163355,,0.0982000259355118,PASS,33.330400000011196,0.3249131659505529,31.1234,906,65.10910000000001,,,0.0011038631346578366,,,,0.011041611479028698,0.6211447019867548,,1.3912169977924937,1.1458296909492263,19.292158830022043,0.04086015452538632,3.3691160044150132,0.09422991169977925,6.280234437086093,8.487676379690967,0.015459161147902868,0.09385176600441499,0.09385176600441499,0.09385176600441499,0.09385176600441499,0.0,0.0894370860927152,0.0,0.07729426048565119,0.0,0.09385176600441499,,0.12096125827814563,8.487676379690967,0.11985695364238405,,0.0044181015452538636,,0.0011041942604856512,0.009933885209713026,0.012142935982339956,0.004417439293598234,0.0033107064017660046,0.004416335540838853,,0.0011,0.0022073951434878588,,,,0.005522295805739514,,0.11926169977924947,40.116781567329014,0.09888653424541712,90.6,,,0.0011038631346578366,,,,0.011041611479028698,,,1.375764459161147,1.138103421633553,1.386992935982339,0.04086015452538632,0.44188896247240605,0.09202240618101545,1.6253423841059607,4.456402869757179,0.015459161147902868,0.09385176600441499,0.09385176600441499,0.09385176600441499,0.09385176600441499,0.0,0.0894370860927152,0.0,0.07729426048565119,0.0,0.09385176600441499,,0.12096125827814563,4.456402869757179,0.11985695364238405,,0.0044181015452538636,,0.0011041942604856512,0.009933885209713026,0.012142935982339956,0.004417439293598234,0.0033107064017660046,0.004416335540838853,,0.0011,0.0022073951434878588,,,,0.005522295805739514,,0.11926169977924947,10.55938885209404,10.572836754966877,0.0,0.37936059602912453
Current R1,13,1.777628675136115,1.1073555353901987,0.7116606170598916,0.16526787658802172,1.5091471869328492,3.049415063520867,7.736819419237765,0.48829673321234107,1.088951361161523,0.06558911070780399,1.189103448275863,0.8004127041742287,3.6805366606170598,1.2798882032667869,0.3214546279491834,,0.7246361161524502,1.3476965517241395,3.1181364791288537,0.37334464609800366,,0.8356000091644091,PASS,2682.9962000001046,26.93592749489774,2632.758900000004,551,21.0046,,,,0.8317760435571687,,0.005444101633393829,,0.283696551724138,0.2774744101633394,2.3770248638838503,1.7176317604355709,8.966039019963693,0.06174174228675136,4.589239201451907,0.1741150635208712,5.867625952813067,25.56438203266785,0.023613067150635207,0.1489871143375681,0.1489871143375681,0.1489871143375681,0.1489871143375681,0.0,0.14172758620689654,0.0,0.12720308529945556,0.0,0.1489871143375681,,0.5004894736842107,25.56438203266785,0.4950406533575321,,0.0018174228675136117,,,0.03296715063520871,0.03296715063520871,0.012709255898366606,0.0018148820326678765,0.005596733212341197,,,,,3.595494192377495,0.33958221415608,0.0018174228675136117,,0.16526787658802172,49.34141270417421,0.049185662449012346,55.1,,,,0.14380980036297644,,0.005444101633393829,,0.1201043557168784,0.2774744101633394,2.340712522686028,1.703112704174228,2.3805179673321217,0.06174174228675136,0.7194562613430129,0.16867041742286756,1.8145669691470074,8.526543920145192,0.023613067150635207,0.1489871143375681,0.1489871143375681,0.1489871143375681,0.1489871143375681,0.0,0.14172758620689654,0.0,0.12720308529945556,0.0,0.1489871143375681,,0.5004894736842107,8.526543920145192,0.4950406533575321,,0.0018174228675136117,,,0.03296715063520871,0.03296715063520871,0.012709255898366606,0.0018148820326678765,0.005596733212341197,,,,,0.6530125226860256,0.33958221415608,0.0018174228675136117,,0.16526787658802172,17.680113430123193,17.738935571687797,0.0,0.4210377495496893
Current R2,08,1.8489120056497188,0.6455360169491531,0.5512724576271192,0.14553474576271183,0.6552840395480227,0.8250156779661024,6.207765112994358,3.6131625706214714,,0.16525423728813554,0.9947139830508474,0.6933224576271186,2.8504514124293774,1.0861680790960448,0.32375790960451956,,0.29090621468926536,0.17243036723163846,2.492196186440683,1.0994495762711853,0.002824717514124294,3.4562000029527553,PASS,566.6016000000553,6.036048958499742,547.6821999999999,708,36.00339999999999,,,0.0028240112994350284,0.005651271186440678,,,0.0028245762711864406,0.5384072033898305,,1.7383247175141237,1.3651943502824866,6.635886016949149,0.0664122881355932,3.731576129943505,0.09348983050847456,4.481721045197741,11.66200451977402,0.019777966101694914,0.09330903954802257,0.09330903954802257,0.09330903954802257,0.09330903954802257,0.0,0.08624138418079093,0.0,0.06787316384180789,0.0,0.09330903954802257,,0.11343742937853105,11.66200451977402,0.11061101694915253,0.001414265536723164,0.005656214689265537,,0.0028258474576271187,0.022685310734463275,0.022685310734463275,0.005645762711864406,0.00431864406779661,0.008477824858757062,,,0.0014161016949152542,0.0677987288135593,,,0.008482062146892656,,0.14553474576271183,29.79438686440667,0.049172881359066105,70.8,,,0.0028240112994350284,0.004238841807909605,,,0.0028245762711864406,,,1.7114882768361575,1.3609570621468932,1.458638135593219,0.0664122881355932,0.5157412429378533,0.08925254237288135,1.3984779661016955,6.1963752824858895,0.01836553672316384,0.09330903954802257,0.09330903954802257,0.09330903954802257,0.09330903954802257,0.0,0.08624138418079093,0.0,0.06787316384180789,0.0,0.09330903954802257,,0.11343742937853105,6.1963752824858895,0.11061101694915253,0.001414265536723164,0.005656214689265537,,0.0028258474576271187,0.022685310734463275,0.022685310734463275,0.005645762711864406,0.00431864406779661,0.008477824858757062,,,0.0014161016949152542,0.029663135593220345,,,0.008482062146892656,,0.14553474576271183,12.851191242938748,12.815708333333326,0.0,1.2288112994351688
Current R2,11,0.6921397509578545,0.42043553639846776,0.3457305555555555,0.148589655172414,0.5549492337164749,1.0546330459770108,2.9603469348659015,0.23879760536398473,0.3647596743295019,0.17032998084291187,6.814367816091949,8.246877681992352,3.9891428160919613,0.4886185823754788,0.09500105363984679,0.0019165708812260533,0.2617937739463601,0.33377423371647486,1.095825095785442,0.1872301724137931,,1.9080000051908428,PASS,1433.2328000000985,14.246042481069344,1313.9476999999988,1044,57.25489999999999,,,0.0028729885057471264,0.10564367816091953,,0.006707567049808428,,0.31119022988505746,0.1702296934865901,1.0699712643678159,0.7653147509578543,22.386656800766193,0.045032183908045975,2.415362356321839,0.13131360153256702,8.539546551724145,14.630735536398452,0.026822509578544054,0.05492998084291187,0.05492998084291187,0.05492998084291187,0.05492998084291187,0.0,0.05301436781609195,0.0,0.04726379310344827,0.0,0.05492998084291187,,0.46333419540229903,14.630735536398452,0.460461206896552,,0.008822701149425289,,0.003967145593869732,0.026182375478927197,0.028097605363984677,0.014530651340996167,0.002958333333333333,0.00387816091954023,,0.0009578544061302681,0.0019176245210727968,,0.3701917624521073,0.3105654214559386,0.01278984674329502,,0.148589655172414,50.01075555555547,0.243764176250208,104.4,,,0.0028729885057471264,0.004808716475095785,,0.006707567049808428,,0.021333141762452105,0.1702296934865901,1.0536242337164752,0.7576519157088122,1.6768837164750947,0.045032183908045975,0.34058227969348664,0.12549664750957853,1.335226532567049,3.4732078544061267,0.026822509578544054,0.05492998084291187,0.05492998084291187,0.05492998084291187,0.05492998084291187,0.0,0.05301436781609195,0.0,0.04726379310344827,0.0,0.05492998084291187,,0.46333419540229903,3.4732078544061267,0.460461206896552,,0.008822701149425289,,0.003967145593869732,0.026182375478927197,0.028097605363984677,0.014530651340996167,0.002958333333333333,0.00387816091954023,,0.0009578544061302681,0.0019176245210727968,,0.01771829501915709,0.3105654214559386,0.01278984674329502,,0.148589655172414,8.778550095786677,8.834527873563234,0.0,0.5580573754776645
Current R2,09,0.8374819081908195,0.40026354635463596,0.3212415841584155,0.1152260126012602,0.2061466246624662,0.38359738973897384,3.4027116111611178,2.706352745274533,,0.13961710171017094,0.9283555355535553,0.5397817281728174,2.374855175517552,0.38475310531053125,0.1913254725472548,,0.09994536453645368,0.07470765076507653,1.2620006300630087,0.8561079207920782,0.0018023402340234022,1.6829999994606624,PASS,1566.3726999998175,15.838574595295512,1447.4956,1111,50.10399999999999,,,0.0045007200720072,0.0054005400540054005,,,0.005399459945994599,0.7934356435643566,,1.0478608460846073,0.8513693069306935,5.595287038703867,0.038708100810081005,3.5600193519351926,0.10372322232223219,4.646728532853284,6.4669160216021675,0.015365616561656166,0.09911143114311431,0.09911143114311431,0.09911143114311431,0.09911143114311431,0.0,0.09551476147614761,0.0,0.07660837083708373,0.0,0.09911143114311431,,1.2584809180918095,6.4669160216021675,1.252180468046805,0.0009,0.04378244824482448,,0.003601440144014401,0.004501080108010801,0.005401170117011701,,0.0018001800180018,0.0018006300630063004,,,,,0.007230873087308731,,0.047383888388838884,,0.1152260126012602,22.32597803780373,0.05607056705543843,111.1,,,0.0045007200720072,,,,0.005399459945994599,,,1.0360691269126903,0.8423684068406844,1.2400923492349218,0.038708100810081005,1.2895043204320435,0.0983226822682268,1.0199416741674174,2.645597299729973,0.015365616561656166,0.09911143114311431,0.09911143114311431,0.09911143114311431,0.09911143114311431,0.0,0.09551476147614761,0.0,0.07660837083708373,0.0,0.09911143114311431,,1.2584809180918095,2.645597299729973,1.252180468046805,0.0009,0.04378244824482448,,0.003601440144014401,0.004501080108010801,0.005401170117011701,,0.0018001800180018,0.0018006300630063004,,,,,,,0.047383888388838884,,0.1152260126012602,8.227327992798932,8.22596957695772,0.0,0.719016381639294
Current R2,12,0.622111480362537,0.44100372608257854,0.2968081570996977,0.12392195367573008,0.5135545820745214,1.2661392749244706,2.9436404833836924,0.4223670694864048,0.47225307150050333,0.1777022155085599,1.329111782477342,0.6025250755287012,2.8668039274924486,0.3714622356495468,0.11021299093655594,,0.28567230614300093,0.5644558912386709,1.017373716012084,0.31423454179254773,0.0010070493454179255,1.876100030982343,PASS,924.9073000000863,9.289632681022887,891.6703999999993,993,47.3067,,,0.005038066465256797,0.3915915407854984,,0.00604380664652568,,0.2908490433031219,0.2738312185297079,1.0449739174219532,0.7163123867069487,7.553306847935548,0.050373413897280964,2.734220443101714,0.12489184290030216,6.793846928499492,17.036606344410867,0.018137462235649545,0.0555264853977845,0.0555264853977845,0.0555264853977845,0.0555264853977845,0.0,0.0555264853977845,0.0,0.05149869083585097,0.0,0.0555264853977845,,0.5514689828801619,17.036606344410867,0.550461933534744,,0.029285196374622357,,0.003028499496475327,0.021308257804632427,0.021308257804632427,0.003124370594159114,0.003059818731117825,0.0020134944612286002,,,0.002012588116817724,,1.6798843907351453,0.2609783484390735,0.03231369587109769,,0.12392195367573008,36.07266958710975,0.05740624372739054,99.3,,,0.005038066465256797,0.047826183282980855,,0.00604380664652568,,0.12111641490433034,0.2738312185297079,1.0278445115810673,0.7062418932527694,1.5224988922457208,0.050373413897280964,0.4728405840886204,0.1148213494461229,1.2339328298086607,4.52254763343404,0.015116314199395773,0.0555264853977845,0.0555264853977845,0.0555264853977845,0.0555264853977845,0.0,0.0555264853977845,0.0,0.05149869083585097,0.0,0.0555264853977845,,0.5514689828801619,4.52254763343404,0.550461933534744,,0.029285196374622357,,0.003028499496475327,0.021308257804632427,0.021308257804632427,0.003124370594159114,0.003059818731117825,0.0020134944612286002,,,0.002012588116817724,,0.241203524672709,0.2609783484390735,0.03231369587109769,,0.12392195367573008,9.631445921454754,9.666217421953702,0.0,0.3835306143052497
Current R2,10,1.3291559824368835,0.5510009879253566,0.4973177826564217,0.131771020856202,0.2678127332601537,0.5158909989023052,4.844526125137218,3.6711414928649835,,0.14927113062568606,6.180529198682778,7.152467508232705,3.3858433589462176,0.6848813391877049,0.2633990120746431,,0.11194950603732164,0.10427321624588368,1.8087293084522493,1.1512670691547742,,0.11290002845817071,PASS,49.99049999992167,0.4819111802252206,46.01199999999999,911,74.15829999999998,,,0.001096597145993414,,,,0.012076289791437978,0.6313641053787048,,1.4143534577387504,1.142114379802415,19.2022804610318,0.04940965971459934,3.4422003293084504,0.10336509330406146,6.142031613611421,8.745396597146005,0.021957519209659715,0.12731042810098786,0.12731042810098786,0.12731042810098786,0.12731042810098786,0.0,0.12291844127332599,0.0,0.11523754116355649,0.0,0.12731042810098786,,0.10170219538968166,8.745396597146005,0.10060450054884741,,0.007684302963776069,,0.0021949506037321626,0.014264434687156968,0.01536322722283205,0.0054877058177826565,,0.0065843029637760704,,,0.0010980241492864983,,,,0.009879253567508232,,0.131771020856202,40.263109110867134,0.10452129530888657,91.1,,,0.001096597145993414,,,,0.012076289791437978,,,1.395693413830957,1.1376443468715698,1.4118867178924261,0.04940965971459934,0.44873062568605926,0.10007200878155872,1.4100517014270029,4.507339407244779,0.019762129527991217,0.12731042810098786,0.12731042810098786,0.12731042810098786,0.12731042810098786,0.0,0.12291844127332599,0.0,0.11523754116355649,0.0,0.12731042810098786,,0.10170219538968166,4.507339407244779,0.10060450054884741,,0.007684302963776069,,0.0021949506037321626,0.014264434687156968,0.01536322722283205,0.0054877058177826565,,0.0065843029637760704,,,0.0010980241492864983,,,,0.009879253567508232,,0.131771020856202,10.51503754116163,10.480590010976911,0.0,0.35751350165073154
Current R2,13,1.8231657487091248,1.019373321858863,0.6254748709122203,0.14982598967297767,1.363214113597247,3.035126333907053,7.546425817555934,0.4311049913941481,1.1401802065404465,0.14517555938037868,1.030046987951807,0.7277771084337354,3.6863779690189333,1.3372543889845097,0.24316953528399296,,0.6196888123924272,1.2476363166953528,3.0148884681583445,0.3190361445783133,,1.0756000156143273,PASS,3599.4360000001393,35.97821257001124,3504.9851999999996,581,31.10780000000001,,,0.003442685025817556,0.8244867469879517,,0.006887263339070568,,0.27604406196213427,0.2449428571428571,2.1673499139414827,1.5630328743545618,8.860652151462997,0.0430459552495697,4.593302753872632,0.1693669535283993,5.707853700516354,23.532982099827837,0.038020137693631675,0.14801910499139415,0.14801910499139415,0.14801910499139415,0.14801910499139415,0.0,0.14630051635111874,0.0,0.12564750430292596,0.0,0.14801910499139415,,0.44340636833046443,23.532982099827837,0.439961962134251,,0.005172977624784853,,,0.022381755593803787,0.022381755593803787,0.012047848537005162,,0.005171256454388985,,,,,3.2924476764199646,0.3237624784853698,0.005172977624784853,,0.14982598967297767,46.67560654044738,0.04826110157051773,58.1,,,0.003442685025817556,0.14161480206540447,,0.006887263339070568,,0.11027142857142858,0.2449428571428571,2.1379211703958716,1.554427022375216,2.39553235800344,0.0430459552495697,0.6493753872633391,0.14871290877796906,1.7841218588640273,8.016426506024091,0.038020137693631675,0.14801910499139415,0.14801910499139415,0.14801910499139415,0.14801910499139415,0.0,0.14630051635111874,0.0,0.12564750430292596,0.0,0.14801910499139415,,0.44340636833046443,8.016426506024091,0.439961962134251,,0.005172977624784853,,,0.022381755593803787,0.022381755593803787,0.012047848537005162,,0.005171256454388985,,,,,0.5815306368330462,0.3237624784853698,0.005172977624784853,,0.14982598967297767,16.753776075732066,16.76758330464712,0.0,0.41151807229399856
Current interrupted,08,1.9459599009901005,0.9159036303630376,0.6650930693069306,0.18978613861386137,0.8037884488448841,0.9278526402640267,7.111435313531349,4.119143564356434,,0.17832260726072602,6.800878877887781,8.842235973597353,4.045701980198017,1.1815148514851488,0.3977181518151817,,0.37460049504950493,0.19651369636963698,2.868741254125406,1.2679516501650163,0.0016501650165016502,0.09800000082213955,PASS,2466.311100000027,25.18981483576619,2376.7711999999997,606,65.163,,,,0.019803630363036305,,,0.0033021452145214525,0.5507608910891091,,2.010312211221124,1.5935179867986802,22.494905775577497,0.08415907590759075,4.249823267326733,0.1192181518151815,6.188498679867984,14.067276567656776,0.026484323432343238,0.11387376237623759,0.11387376237623759,0.11387376237623759,0.11387376237623759,0.0,0.11057409240924092,0.0,0.09242161716171617,0.0,0.11387376237623759,,0.13750511551155117,14.067276567656776,0.13420478547854783,0.0016501650165016502,0.023134983498349835,,0.0016508250825082507,0.0100023102310231,0.01165313531353135,0.008253630363036304,,0.0034006600660066006,,,,0.09754537953795381,,,0.024785808580858083,,0.18978613861386137,50.834196039603945,0.104691254126934,60.6,,,,0.009902640264026404,,,0.0033021452145214525,,,1.9788689768976921,1.5835533003300333,1.7472135313531354,0.08415907590759075,0.668825082508251,0.11582277227722772,1.8316600660066016,7.535104785478545,0.024834158415841585,0.11387376237623759,0.11387376237623759,0.11387376237623759,0.11387376237623759,0.0,0.11057409240924092,0.0,0.09242161716171617,0.0,0.11387376237623759,,0.13750511551155117,7.535104785478545,0.13420478547854783,0.0016501650165016502,0.023134983498349835,,0.0016508250825082507,0.0100023102310231,0.01165313531353135,0.008253630363036304,,0.0034006600660066006,,,,0.047857755775577555,,,0.024785808580858083,,0.18978613861386137,15.568970462045531,15.570041749174893,0.0,0.828150165017011
Current interrupted,11,0.7260633637548894,0.45145123859191655,0.414035332464146,0.16694276401564542,0.6707569752281617,1.2241876140808337,3.417163102998692,0.33829426336375495,0.4452949152542372,0.17451160365058668,6.805014993481104,8.862760495436753,4.074160104302474,0.4884934810951759,0.1358567144719687,,0.3301817470664929,0.47133481095176005,1.2505857887874827,0.2751322033898305,0.002607561929595828,1.9764999904873548,PASS,1266.5075999999544,11.596630568913811,921.8985000000007,767,38.0501,,,0.011848631029986961,0.1359393741851369,,0.007813298565840938,,0.24630299869621897,0.189348631029987,1.310502346805736,0.853935984354628,23.184528552803133,0.06130065189048238,2.600669491525425,0.14749556714471965,11.274731421121244,16.857109908735367,0.03673402868318122,0.06028174706649282,0.06028174706649282,0.06028174706649282,0.06028174706649282,0.0,0.05768018252933508,0.0,0.05376870925684485,0.0,0.06028174706649282,,0.5123629726205996,16.857109908735367,0.5097558018252931,0.0013541069100391134,0.006591655801825293,,0.0013010430247718384,0.019681486310299867,0.019681486310299867,0.01184419817470665,,0.002679400260756193,,,0.001303780964797914,,0.3896110821382009,0.3417354628422426,0.007892698826597131,,0.16694276401564542,56.32700795306433,0.7929305084647921,76.7,,,0.011848631029986961,0.00521238591916558,,0.007813298565840938,,0.04460052151238592,0.189348631029987,1.294775488917861,0.8474173402868314,1.8938539765319435,0.06130065189048238,0.35213024771838314,0.13040873533246414,1.6784908735332458,4.07087327249022,0.03542998696219035,0.06028174706649282,0.06028174706649282,0.06028174706649282,0.06028174706649282,0.0,0.05768018252933508,0.0,0.05376870925684485,0.0,0.06028174706649282,,0.5123629726205996,4.07087327249022,0.5097558018252931,0.0013541069100391134,0.006591655801825293,,0.0013010430247718384,0.019681486310299867,0.019681486310299867,0.01184419817470665,,0.002679400260756193,,,0.001303780964797914,,0.021117601043024774,0.3417354628422426,0.007892698826597131,,0.16694276401564542,10.306466753583049,10.364680573663652,0.0,1.9409893089958201
Current interrupted,09,0.8605112318840576,0.4161398550724639,0.32928940217391306,0.13771259057971008,0.21834909420289852,0.39782436594202886,3.618988949275363,2.863946739130435,,0.17395425724637692,1.1700645833333332,0.5639353260869566,2.597517391304348,0.4247253623188403,0.185931884057971,,0.0932884963768116,0.06433813405797104,1.3094876811594203,0.8728181159420287,0.0009057065217391305,1.3285999970248668,PASS,1549.7515999998654,15.396522730793079,1460.8721000000005,1104,69.5675,,,0.0009057971014492754,0.008152173913043478,,,0.006340489130434782,0.8279136775362319,,1.0481740942028985,0.9178205615942028,6.140101539855076,0.06070135869565219,3.3628542572463758,0.15623885869565218,4.570602445652171,6.974251177536238,0.02355597826086956,0.07994809782608697,0.07994809782608697,0.07994809782608697,0.07994809782608697,0.0,0.0745783514492754,0.0,0.0654564311594203,0.0,0.07994809782608697,,1.0484633152173908,6.974251177536238,1.0466526268115937,0.0009048913043478261,0.04365670289855071,,0.0036232789855072463,0.009179257246376811,0.009179257246376811,0.004529347826086956,,0.0027173007246376808,,,,,0.012759329710144927,,0.04727998188405795,,0.13771259057971008,23.254300271739115,0.05754782608203046,110.4,,,0.0009057971014492754,,,,0.006340489130434782,,,1.0345871376811593,0.9114004528985508,1.3431971920289865,0.06070135869565219,1.0590989130434778,0.1471808876811595,1.1707961956521733,2.844884873188409,0.022650181159420284,0.07994809782608697,0.07994809782608697,0.07994809782608697,0.07994809782608697,0.0,0.0745783514492754,0.0,0.0654564311594203,0.0,0.07994809782608697,,1.0484633152173908,2.844884873188409,1.0466526268115937,0.0009048913043478261,0.04365670289855071,,0.0036232789855072463,0.009179257246376811,0.009179257246376811,0.004529347826086956,,0.0027173007246376808,,,,,,,0.04727998188405795,,0.13771259057971008,8.561917934784049,8.59449719202899,0.0,0.43970869565296516
Current interrupted,12,0.5907561475409839,0.4499942622950819,0.3029313524590165,0.1312539959016394,0.5322443647540978,1.2445952868852468,3.009856454918031,0.5176422131147544,0.5136672131147538,0.1601441598360656,1.037039139344262,0.6927010245901638,2.7758250000000007,0.4157532786885249,0.12221895491803281,0.0010252049180327868,0.27526075819672136,0.5187610655737709,1.0330059426229508,0.4015757172131152,0.0010245901639344263,4.007200019863376,PASS,458.28380000006064,4.816519095563323,462.4606,976,49.1701,,,0.0040996926229508205,0.3819227459016393,,0.01333063524590164,,0.25714713114754095,0.3307072745901642,1.1151102459016393,0.7252168032786873,7.115946823770491,0.045135758196721304,2.5038051229508196,0.10432428278688524,5.063803278688523,17.063993852459046,0.022636885245901642,0.055471413934426235,0.055471413934426235,0.055471413934426235,0.055471413934426235,0.0,0.05239579918032787,0.0,0.04720348360655738,0.0,0.055471413934426235,,0.45921834016393454,17.063993852459046,0.4581933401639345,,0.005127049180327869,,0.004098872950819673,0.03308678278688524,0.03308678278688524,0.013388831967213115,0.0031578893442622945,0.0031687499999999997,,,,,1.6666952868852474,0.321900307377049,0.009225922131147542,,0.1312539959016394,33.75997305327864,0.054950102475796396,97.6,,,0.0040996926229508205,0.03491618852459016,,0.01333063524590164,,0.11401813524590165,0.3307072745901642,1.09256618852459,0.7159954918032776,1.6914441598360654,0.045135758196721304,0.36207028688524595,0.09407838114754098,1.2670731557377033,4.547680327868848,0.021612295081967214,0.055471413934426235,0.055471413934426235,0.055471413934426235,0.055471413934426235,0.0,0.05239579918032787,0.0,0.04720348360655738,0.0,0.055471413934426235,,0.45921834016393454,4.547680327868848,0.4581933401639345,,0.005127049180327869,,0.004098872950819673,0.03308678278688524,0.03308678278688524,0.013388831967213115,0.0031578893442622945,0.0031687499999999997,,,,,0.12341516393442627,0.321900307377049,0.009225922131147542,,0.1312539959016394,9.827646721311579,9.837656045081978,0.0,0.3674105532821566
Current interrupted,10,1.2927270988310304,0.5857036131774713,0.47339564293304964,0.14138140276301808,0.36130903294367694,0.4484400637619555,4.862723166843782,3.6800581296493204,,0.13283772582359196,0.9687901168969183,0.5989062699256111,2.715814133900107,0.6643229543039325,0.25752465462274177,,0.1753454835281615,0.0775731137088204,1.8646845908607892,1.1962600425079695,0.0021249734325185974,0.1980000316980295,PASS,191.57059999997728,1.8951028946805635,183.28250000000008,941,64.1063,,,0.001063230605738576,,,,0.006377045696068012,0.6474330499468649,0.0010639744952178534,1.4145346439957511,1.101255472901171,6.277693411264615,0.04571253985122211,3.3385092454835292,0.10327970244420832,4.716752922422958,8.366205632306054,0.02338416578108395,0.1275697130712008,0.1275697130712008,0.1275697130712008,0.1275697130712008,0.0,0.12438299681190217,0.0,0.10950637619553663,0.0,0.1275697130712008,,0.106194261424017,8.366205632306054,0.10406705632306057,,0.023486078639744952,,0.0021263549415515407,0.007439744952178534,0.007439744952178534,0.003188097768331562,,0.002124654622741764,,,0.0010631243358129648,,,,0.02561243358129649,,0.14138140276301808,25.387327736450565,0.05008841660706361,94.1,,,0.001063230605738576,,,,0.006377045696068012,,0.0010639744952178534,1.4007195536663142,1.0895657810839552,1.3783985122210418,0.04571253985122211,0.4417869287991498,0.09584080765143464,1.4028444208289055,4.401635281615301,0.02125876726886291,0.1275697130712008,0.1275697130712008,0.1275697130712008,0.1275697130712008,0.0,0.12438299681190217,0.0,0.10950637619553663,0.0,0.1275697130712008,,0.106194261424017,4.401635281615301,0.10406705632306057,,0.023486078639744952,,0.0021263549415515407,0.007439744952178534,0.007439744952178534,0.003188097768331562,,0.002124654622741764,,,0.0010631243358129648,,,,0.02561243358129649,,0.14138140276301808,10.233889373009672,10.277762592986145,0.0,0.34322518597486745
Current R3,08,1.73897238493724,0.6819369595536957,0.5913705718270574,0.11161227336122735,0.5299824267782427,0.7601715481171547,6.028719246861913,3.7805128312412775,,0.13528270571827056,6.596919246861936,8.522737517433738,4.679613110181308,1.0403131101813112,0.3444411436541143,0.001394560669456067,0.24542580195258012,0.16460209205020915,2.4348748953974924,1.213219804741982,0.0041841004184100415,0.06660000149349798,PASS,241.63319999998123,2.4340540402150532,230.26509999999996,717,52.2443,,,0.005579637377963739,0.012544769874476985,,,0.0041867503486750345,0.5318277545327754,,1.6144419804741998,1.3933442119944195,22.4694252440725,0.04604072524407253,3.7441822873082296,0.10246513249651328,6.414436680613676,12.150631241283124,0.023716875871687585,0.12690753138075317,0.12690753138075317,0.12690753138075317,0.12690753138075317,0.0,0.12272496513249652,0.0,0.10181115760111578,0.0,0.12690753138075317,,0.12525076708507674,12.150631241283124,0.12385481171548121,0.00139442119944212,0.001395118549511855,,0.001394281729428173,0.016746582984658295,0.016746582984658295,0.004191771269177126,0.002789260808926081,0.002789121338912134,,,,0.0934039051603905,,,0.002789400278940028,,0.11161227336122735,47.9586843793585,0.11523472803483273,71.7,,,0.005579637377963739,0.008360669456066944,,,0.0041867503486750345,,,1.5976707112970727,1.3835813110181292,1.6443411436541144,0.04604072524407253,0.5211193863319384,0.09126652719665272,1.6572104602510478,6.230516457461646,0.02232217573221757,0.12690753138075317,0.12690753138075317,0.12690753138075317,0.12690753138075317,0.0,0.12272496513249652,0.0,0.10181115760111578,0.0,0.12690753138075317,,0.12525076708507674,6.230516457461646,0.12385481171548121,0.00139442119944212,0.001395118549511855,,0.001394281729428173,0.016746582984658295,0.016746582984658295,0.004191771269177126,0.002789260808926081,0.002789121338912134,,,,0.045984100418410036,,,0.002789400278940028,,0.11161227336122735,13.181131520224312,13.194068898186925,0.0,0.6507280334723664
Current R3,11,0.7236566700100292,0.4204185556670012,0.35141815446339025,0.14970962888665987,0.5662489468405215,1.106183049147442,3.094535105315946,0.28484142427281844,0.42408024072216655,0.17112166499498493,7.462336208625895,9.133639117352073,4.190340220661989,0.49820852557673034,0.13665185556670012,,0.28096930792377117,0.363750952858576,1.1589139418254755,0.23878575727181553,0.0010030090270812437,4.845600002692663,PASS,924.8555999999724,9.339640827664262,863.8428999999994,997,67.32429999999998,,,0.008020661985957873,0.1064346038114343,,0.005007221664994985,,0.31450160481444334,0.18147001003009022,1.2161037111333988,0.7530906720160487,24.263977733199603,0.04920852557673018,2.42099378134403,0.1349576730190572,8.630927482447335,15.287506018054161,0.023167602808425274,0.05524704112337011,0.05524704112337011,0.05524704112337011,0.05524704112337011,0.0,0.057252156469408205,0.0,0.04121514543630892,0.0,0.05524704112337011,,0.4794624874623873,15.287506018054161,0.4754518555667002,0.0010039117352056168,0.006102507522567704,,,0.028426379137412236,0.029429287863590777,0.009028686058174524,0.003006318956870612,0.0030052156469408224,,,0.002006218655967904,,0.3370301905717151,0.32128505516549655,0.006102507522567704,,0.14970962888665987,52.77993319959862,0.2043921765291014,99.7,,,0.008020661985957873,,,0.005007221664994985,,0.018590471414242724,0.18147001003009022,1.197904714142426,0.7470071213640929,1.7664210631895676,0.04920852557673018,0.3182836509528585,0.12493009027081245,1.4018030090270819,3.6503203610832493,0.02116158475426279,0.05524704112337011,0.05524704112337011,0.05524704112337011,0.05524704112337011,0.0,0.057252156469408205,0.0,0.04121514543630892,0.0,0.05524704112337011,,0.4794624874623873,3.6503203610832493,0.4754518555667002,0.0010039117352056168,0.006102507522567704,,,0.028426379137412236,0.029429287863590777,0.009028686058174524,0.003006318956870612,0.0030052156469408224,,,0.002006218655967904,,0.003009027081243731,0.32128505516549655,0.006102507522567704,,0.14970962888665987,9.233579839521878,9.277040120361104,0.0,0.5969784353057839
Current R3,09,0.7932535454545453,0.4683585454545454,0.3670689999999999,0.12093027272727265,0.2437314545454545,0.4029906363636367,3.5943342727272674,2.803352181818179,,0.15199699999999983,1.082745181818182,0.5448582727272726,2.5922269090909085,0.36666972727272745,0.1986849999999999,,0.11640436363636363,0.05190172727272726,1.2511608181818201,0.8627587272727274,0.000908909090909091,0.27500000275176717,PASS,1474.6306999999206,15.089140752750922,1438.5606999999998,1100,110.68970000000003,,,0.0018187272727272726,0.004545454545454545,,,0.004547090909090909,0.7366936363636363,,1.0037559090909092,0.9508579090909097,6.025651818181817,0.04818563636363637,3.5919771818181774,0.12892090909090903,4.674942818181823,6.627677181818173,0.020972727272727275,0.08647690909090909,0.08647690909090909,0.08647690909090909,0.08647690909090909,0.0,0.08283490909090908,0.0,0.07465054545454547,0.0,0.08647690909090909,,1.1907655454545456,6.627677181818173,1.1907655454545456,,0.043068181818181825,,,0.014572000000000003,0.01639009090909091,0.008180727272727272,0.001817818181818182,0.0027271818181818183,,,,,0.01274190909090909,,0.043068181818181825,,0.12093027272727265,23.072942090909088,0.0556674545456107,110.0,,,0.0018187272727272726,,,,0.004547090909090909,,,0.9891933636363638,0.9435201818181824,1.3575445454545463,0.04727654545454546,1.265080818181818,0.12430799999999995,1.170593545454546,2.748554181818178,0.020972727272727275,0.08647690909090909,0.08647690909090909,0.08647690909090909,0.08647690909090909,0.0,0.08283490909090908,0.0,0.07465054545454547,0.0,0.08647690909090909,,1.1907655454545456,2.748554181818178,1.1907655454545456,,0.043068181818181825,,,0.014572000000000003,0.01639009090909091,0.008180727272727272,0.001817818181818182,0.0027271818181818183,,,,,,,0.043068181818181825,,0.12093027272727265,8.604431181820091,8.667043909090918,0.0,0.4310604545458897
Current R3,12,0.6906132517838942,0.41858083588175315,0.30765524974515784,0.13670672782874624,0.5473355759429155,1.3096023445463816,3.0792944954128467,0.4539575942915393,0.4744612640163094,0.15642721712538224,1.2463080530071353,0.6271096839959227,2.962166666666664,0.46560937818552456,0.10233567787971462,0.0010192660550458715,0.2810352701325179,0.5766822629969415,1.0776039755351672,0.3475882772680937,0.0010228338430173292,1.9311000228826742,PASS,583.2707000003552,5.954857334470049,574.3130000000003,981,76.41919999999999,,,0.006116411824668705,0.35039245667686036,,0.010195820591233435,,0.27582966360856265,0.3729301732925587,1.1382153924566774,0.7562242609582059,7.63642507645259,0.04181926605504586,2.6614636085626953,0.11389816513761465,5.866948012232413,16.62707747196737,0.0234822629969419,0.05303445463812436,0.05303445463812436,0.05303445463812436,0.05303445463812436,0.0,0.05405372069317022,0.0,0.04691427115188583,0.0,0.05303445463812436,,0.4555176350662598,16.62707747196737,0.4534776758409795,0.0030642201834862382,0.015339143730886849,,0.002060142711518858,0.02043476044852191,0.022477981651376145,0.011262793068297656,0.0020381243628950054,0.00408572884811417,,,,,1.648265341488277,0.29885626911315005,0.01739928644240571,,0.13670672782874624,34.865553516819745,0.05916371051574447,98.1,,,0.006116411824668705,0.026693476044852192,,0.010195820591233435,,0.11138603465851174,0.3729301732925587,1.1259797145769628,0.7541855249745157,1.6810984709480128,0.04181926605504586,0.3625992864424056,0.10370448521916412,1.2354220183486238,4.502948521916411,0.0234822629969419,0.05303445463812436,0.05303445463812436,0.05303445463812436,0.05303445463812436,0.0,0.05405372069317022,0.0,0.04691427115188583,0.0,0.05303445463812436,,0.4555176350662598,4.502948521916411,0.4534776758409795,0.0030642201834862382,0.015339143730886849,,0.002060142711518858,0.02043476044852191,0.022477981651376145,0.011262793068297656,0.0020381243628950054,0.00408572884811417,,,,,0.13336391437308867,0.29885626911315005,0.01739928644240571,,0.13670672782874624,9.765533944957161,9.831239551478033,0.0,0.37095076453003245
Current R3,10,1.3043092997811823,0.6006811816192561,0.45091914660831556,0.13024693654266964,0.34352877461706754,0.4990252735229768,5.021575273522954,3.7742885120349965,,0.14224059080962806,1.0523878555798687,0.5530958424507657,2.853961159737419,0.6675249452954045,0.23091280087527347,0.0010943107221006564,0.16192571115973736,0.09191367614879652,1.7935294310722092,1.0944304157549243,0.0010946389496717724,0.4367000190068211,PASS,58.31620000003568,0.5300920389317084,51.0519,914,86.33160000000001,,,0.0021873085339168493,,,,0.0076587527352297595,0.636286214442013,,1.3801252735229745,1.3221753829321654,6.550732932166295,0.05034638949671772,3.4653993435448593,0.10768052516411374,4.999474726477019,8.446830634573304,0.01970054704595186,0.10724824945295405,0.10724824945295405,0.10724824945295405,0.10724824945295405,0.0,0.10506072210065646,0.0,0.0952165207877462,0.0,0.10724824945295405,,0.1455781181619256,8.446830634573304,0.14448096280087525,0.0010939824945295404,0.008755470459518602,,0.0021866520787746173,0.012035010940919038,0.012035010940919038,0.00437527352297593,0.0010946389496717724,0.005472210065645514,,,,,,,0.010942122538293216,,0.13024693654266964,26.342465754923428,0.05266137857583362,91.4,,,0.0021873085339168493,,,,0.0076587527352297595,,,1.3637138949671759,1.3101403719912463,1.4694403719912468,0.05034638949671772,0.5114207877461708,0.09892778993435444,1.3895362144420143,4.324805908096265,0.018606455142231946,0.10724824945295405,0.10724824945295405,0.10724824945295405,0.10724824945295405,0.0,0.10506072210065646,0.0,0.0952165207877462,0.0,0.10724824945295405,,0.1455781181619256,4.324805908096265,0.14448096280087525,0.0010939824945295404,0.008755470459518602,,0.0021866520787746173,0.012035010940919038,0.012035010940919038,0.00437527352297593,0.0010946389496717724,0.005472210065645514,,,,,,,0.010942122538293216,,0.13024693654266964,10.533771553608663,10.536938183807445,0.0,0.35496389496977726
Current R3,13,1.9132783154121857,1.192228315412187,0.737487813620071,0.1954616487455197,1.4074682795698934,3.1362258064516095,7.898794982078841,0.4780003584229391,1.1766689964157708,0.15137114695340506,1.1855310035842292,0.7560394265232977,3.7081996415770604,1.392592652329749,0.3179650537634407,0.0017915770609318996,0.6186335125448024,1.2686802867383518,3.0861150537634425,0.3667288530465951,0.0036071684587813627,0.8501000118503725,PASS,2599.630699999693,26.153551684345604,2560.7652000000035,558,29.130799999999997,,,0.0036465949820788527,0.6653010752688172,,0.008967025089605736,,0.2894146953405018,0.3268575268817204,2.373705376344086,1.709820430107526,9.050182616487472,0.0645516129032258,4.756144444444442,0.19639534050179214,5.837986021505373,24.37626827956994,0.01613548387096774,0.15621487455197133,0.15621487455197133,0.15621487455197133,0.15621487455197133,0.0,0.15263189964157706,0.0,0.1291594982078853,0.0,0.15621487455197133,,0.5262543010752686,24.37626827956994,0.5244636200716845,0.0035836917562724014,0.003590501792114695,,0.0017908602150537634,0.01971541218637993,0.01971541218637993,0.010758602150537633,,0.0035888888888888893,,,,,3.0330618279569874,0.3783682795698925,0.005381362007168459,,0.1954616487455197,48.38118960573465,0.0528455197336835,55.8,,,0.0036465949820788527,0.10467186379928313,,0.008967025089605736,,0.1060252688172043,0.3268575268817204,2.3396145161290325,1.702651971326164,2.4135247311827968,0.0645516129032258,0.8056073476702509,0.1587535842293907,1.8750537634408602,8.171188172043012,0.01613548387096774,0.15621487455197133,0.15621487455197133,0.15621487455197133,0.15621487455197133,0.0,0.15263189964157706,0.0,0.1291594982078853,0.0,0.15621487455197133,,0.5262543010752686,8.171188172043012,0.5244636200716845,0.0035836917562724014,0.003590501792114695,,0.0017908602150537634,0.01971541218637993,0.01971541218637993,0.010758602150537633,,0.0035888888888888893,,,,,0.5216093189964155,0.3783682795698925,0.005381362007168459,,0.1954616487455197,17.465796057342793,17.54708118279574,0.0,0.40402885305228925
Original traced baseline,08,,,,,,,,,,,,,,,,,,,,,,,PASS,,,,599,,0.0,0.0,0.0066729549248747905,0.018369115191986644,0.003373789649415693,0.0,0.005009515859766277,0.567984307178631,0.0,1.4436754590984944,1.318709348914858,22.26048146911517,0.04843088480801336,3.839757595993323,0.10587762938230383,6.690858931552583,12.256591986644402,0.020030550918196995,0.0,0.0,0.0,0.0,0.0,0.0,0.0,0.0,0.0,0.0,0.0,0.0,12.256591986644402,0.10556227045075121,0.0,,0.0,,0.0,0.0,0.0,0.0,0.0,0.0,0.0,0.0,0.06847896494156928,0.0,0.0,,0.0,0.15365242070116863,47.984413856427345,0.08938747913220482,59.9,0.0,0.0,0.0066729549248747905,0.010021869782971619,0.003373789649415693,0.0,0.005009515859766277,0.0,0.0,1.4233088480801304,1.310362103505843,1.5565106844741217,0.04843088480801336,0.5770212020033387,0.09586210350584307,1.6129135225375626,6.3119128547579315,0.01836110183639399,0.0,0.0,0.0,0.0,0.0,0.0,0.0,0.0,0.0,0.0,0.0,0.0,6.3119128547579315,0.10556227045075121,0.0,,0.0,,0.0,0.0,0.0,0.0,0.0,0.0,0.0,0.0,0.030069949916527547,0.0,0.0,,0.0,0.15365242070116863,13.002155759600482,12.954683305509178,,3.6032218697828027
Original traced baseline,09,,,,,,,,,,,,,,,,,,,,,,,PASS,,,,628,,0.0,0.0,0.0015931528662420382,0.006369426751592357,0.004778662420382165,0.0,0.006370222929936305,0.8782347133757962,0.0,1.1310305732484067,0.9588511146496813,6.906041878980895,0.04457834394904458,3.721326592356689,0.14090573248407645,5.707478025477709,8.04829824840765,0.012732802547770702,0.0,0.0,0.0,0.0,0.0,0.0,0.0,0.0,0.0,0.0,0.0,0.0,8.04829824840765,0.8419367834394903,0.0015896496815286623,,0.0,,0.0,0.0,0.0,0.0,0.0,0.0,0.0,0.0,0.0,0.006369426751592357,0.0,,0.0,0.11781210191082797,26.671243312101925,0.06377372611580318,62.8,0.0,0.0,0.0015931528662420382,0.0,0.004778662420382165,0.0,0.006370222929936305,0.0,0.0,1.1135146496815278,0.9492969745222928,1.324208439490446,0.04457834394904458,0.9774869426751591,0.13772101910828027,1.3279278662420393,3.3189754777070086,0.011140445859872613,0.0,0.0,0.0,0.0,0.0,0.0,0.0,0.0,0.0,0.0,0.0,0.0,3.3189754777070086,0.8419367834394903,0.0015896496815286623,,0.0,,0.0,0.0,0.0,0.0,0.0,0.0,0.0,0.0,0.0,0.0,0.0,,0.0,0.11781210191082797,9.178809076432115,9.20485015923567,,6.681316082802676
Original traced baseline,10,,,,,,,,,,,,,,,,,,,,,,,PASS,,,,600,,0.0,0.0,0.0016666666666666668,0.0,0.003335166666666667,0.0,0.005003833333333332,0.6786286666666667,0.0,1.2558390000000008,1.0154348333333334,18.86497533333333,0.04668416666666667,3.498258666666669,0.13059416666666668,6.2494461666666625,8.762814166666676,0.02168583333333333,0.0,0.0,0.0,0.0,0.0,0.0,0.0,0.0,0.0,0.0,0.0,0.0,8.762814166666676,0.115933,0.0,,0.0,,0.0,0.0,0.0,0.0,0.0,0.0,0.0,0.0,0.0,0.0,0.0,,0.0,0.13170849999999995,39.84573233333334,0.09260200002017882,60.0,0.0,0.0,0.0016666666666666668,0.0,0.003335166666666667,0.0,0.005003833333333332,0.0,0.0,1.2423555000000008,1.0087681666666666,1.333721333333333,0.04668416666666667,0.49568133333333303,0.12892750000000003,1.5070293333333338,4.397857166666669,0.02168583333333333,0.0,0.0,0.0,0.0,0.0,0.0,0.0,0.0,0.0,0.0,0.0,0.0,4.397857166666669,0.115933,0.0,,0.0,,0.0,0.0,0.0,0.0,0.0,0.0,0.0,0.0,0.0,0.0,0.0,,0.0,0.13170849999999995,10.171321166664605,10.182710333333336,,6.402942333334731
Original traced baseline,11,,,,,,,,,,,,,,,,,,,,,,,PASS,,,,1048,,0.0,0.0,0.0028632633587786257,0.11460038167938932,0.0029341603053435117,0.007636354961832062,0.0,0.3786362595419847,0.0076257633587786255,1.1917890267175568,0.8148634541984733,21.506620324427455,0.05250916030534352,2.9883332061068706,0.11893406488549624,8.526824427480896,13.92099990458015,0.02100181297709924,0.0,0.0,0.0,0.0,0.0,0.0,0.0,0.0,0.0,0.0,0.0,0.0,13.92099990458015,0.5870563931297712,0.00095543893129771,,0.0,,0.0,0.0,0.0,0.0,0.0,0.0,0.0,0.0,0.0,0.4273774809160305,0.2673568702290078,,0.0,0.11838673664122137,49.14187538167934,0.11235400763671467,104.8,0.0,0.0,0.0028632633587786257,0.0,0.0029341603053435117,0.007636354961832062,0.0,0.0009534351145038168,0.0076257633587786255,1.1716852099236637,0.8091382633587786,1.6666707061068697,0.05250916030534352,0.5085196564885494,0.1179798664122138,1.3642749045801534,3.286155725190835,0.020047614503816796,0.0,0.0,0.0,0.0,0.0,0.0,0.0,0.0,0.0,0.0,0.0,0.0,3.286155725190835,0.5870563931297712,0.00095543893129771,,0.0,,0.0,0.0,0.0,0.0,0.0,0.0,0.0,0.0,0.0,0.0,0.2673568702290078,,0.0,0.11838673664122137,8.971346660306633,8.996981106870225,,0.4623426526709849
Original traced baseline,12,,,,,,,,,,,,,,,,,,,,,,,PASS,,,,1058,,0.0,0.0,0.004727788279773158,0.08521682419659736,0.004762759924385633,0.007564366729678639,0.0,0.23478147448015121,0.0692140831758034,0.9417798676748573,0.719425236294895,6.726883553875249,0.058613043478260865,3.186246408317579,0.12893241965973534,4.685694328922495,12.219905198487712,0.016078166351606808,0.0,0.0,0.0,0.0,0.0,0.0,0.0,0.0,0.0,0.0,0.0,0.0,12.219905198487712,1.4196996219281677,0.0,,0.0,,0.0,0.0,0.0,0.0,0.0,0.0,0.0,0.0,0.0,0.3924861058601134,0.27048440453686184,,0.0,0.13432854442344042,28.68355822306239,0.047603024583321024,105.8,0.0,0.0,0.004727788279773158,0.0,0.004762759924385633,0.007564366729678639,0.0,0.053184499054820415,0.0692140831758034,0.9332110586011333,0.715644517958411,1.5839526465028357,0.058613043478260865,1.1004732514177704,0.12515170132325143,1.1474482986767482,3.0688666351606786,0.015132986767485826,0.0,0.0,0.0,0.0,0.0,0.0,0.0,0.0,0.0,0.0,0.0,0.0,3.0688666351606786,1.4196996219281677,0.0,,0.0,,0.0,0.0,0.0,0.0,0.0,0.0,0.0,0.0,0.0,0.0,0.27048440453686184,,0.0,0.13432854442344042,8.709337240077005,8.748494139886576,,0.6961481096440725
Original traced baseline,13,,,,,,,,,,,,,,,,,,,,,,,PASS,,,,599,,0.0,0.0,0.006678797996661103,0.7651891485809683,0.008466277128547578,0.008347746243739565,0.0,0.2641926544240401,0.16416694490818026,2.0589278797996666,1.4721405676126886,8.00347662771286,0.06514991652754591,4.453162938230386,0.11607579298831384,5.34027061769616,22.84784757929886,0.020044240400667785,0.0,0.0,0.0,0.0,0.0,0.0,0.0,0.0,0.0,0.0,0.0,0.0,22.84784757929886,0.4238373956594323,0.0,,0.0,,0.0,0.0,0.0,0.0,0.0,0.0,0.0,0.0,0.0,3.1908088480801333,0.30246327212020035,,0.0,0.14699248747913193,44.37709616026715,0.046211018368224256,59.9,0.0,0.0,0.006678797996661103,0.0,0.008466277128547578,0.008347746243739565,0.0,0.10530033388981637,0.16416694490818026,2.0304644407345585,1.4620056761268792,2.1560395659432365,0.06514991652754591,0.6790161936560932,0.11440634390651085,1.6263784641068466,6.507554424040059,0.01837479131886478,0.0,0.0,0.0,0.0,0.0,0.0,0.0,0.0,0.0,0.0,0.0,0.0,6.507554424040059,0.4238373956594323,0.0,,0.0,,0.0,0.0,0.0,0.0,0.0,0.0,0.0,0.0,0.0,0.0,0.30246327212020035,,0.0,0.14699248747913193,14.623291318864093,14.659389816360594,,2.0295841402352544
Native-hook correction,08,,,,,,,,,,,,,,,,,,,,,,,PASS,,,,593,,0.0,0.0,0.0016868465430016862,0.02027487352445194,0.0016863406408094434,0.0,0.008431534569983136,0.5543482293423272,0.0,1.8950573355817875,1.4120969645868475,20.95009696458689,0.059035244519392904,4.034003035413153,0.10024569983136594,7.307803878583478,13.24078768971331,0.026986172006745364,0.12313861720067455,0.12313861720067455,0.12313861720067455,0.12313861720067455,0.0,0.1197664418212479,0.0,0.08098161888701517,0.0,0.12313861720067455,0.0,0.13530303541315347,13.24078768971331,0.13359679595278245,0.001706239460370995,,0.0,,0.013490556492411468,0.015176897133220912,0.008431703204047217,0.0033713322091062396,0.0033721753794266444,0.0,0.0,0.0,0.055652782462057335,0.0,0.0,,0.0,0.161924957841484,49.02611298482297,0.1190229342347033,59.3,0.0,0.0,0.0016868465430016862,0.008427993254637436,0.0016863406408094434,0.0,0.008431534569983136,0.0,0.0,1.8713064080944355,1.398606239460372,1.7831853288364252,0.059035244519392904,0.6274935919055652,0.0985593591905565,1.9301172006745344,6.831050590219203,0.026986172006745364,0.12313861720067455,0.12313861720067455,0.12313861720067455,0.12313861720067455,0.0,0.1197664418212479,0.0,0.08098161888701517,0.0,0.12313861720067455,0.0,0.13530303541315347,6.831050590219203,0.13359679595278245,0.001706239460370995,,0.0,,0.013490556492411468,0.015176897133220912,0.008431703204047217,0.0033713322091062396,0.0033721753794266444,0.0,0.0,0.0,0.023612310286677908,0.0,0.0,,0.0,0.161924957841484,14.613821753794513,14.62634013490723,,2.1307268128158388
Native-hook correction,09,,,,,,,,,,,,,,,,,,,,,,,PASS,,,,665,,0.0,0.0,0.004510827067669173,0.006036390977443609,0.006015037593984963,0.0,0.009014285714285714,0.926072932330827,0.0,1.4580968421052638,1.179934736842105,7.777750075187976,0.0646615037593985,3.887779398496237,0.15468165413533835,5.7348460150376,8.678184962406025,0.030069624060150374,0.11894571428571427,0.11894571428571427,0.11894571428571427,0.11894571428571427,0.0,0.1129381954887218,0.0,0.09181669172932329,0.0,0.11894571428571427,0.0,0.9448631578947371,8.678184962406025,0.9418622556390979,0.0030073684210526314,,0.0,,0.013607218045112782,0.013607218045112782,0.00909593984962406,0.0,0.0,0.0,0.0,0.0,0.0,0.013533834586466165,0.0,,0.0,0.1834795488721804,28.966004812030093,0.07387533833816051,66.5,0.0,0.0,0.004510827067669173,0.0,0.006015037593984963,0.0,0.009014285714285714,0.0,0.0,1.429365714285715,1.17391969924812,1.5492069172932315,0.0646615037593985,1.0618506766917295,0.15167533834586466,1.464944661654136,3.4981227067669165,0.02706210526315789,0.11894571428571427,0.11894571428571427,0.11894571428571427,0.11894571428571427,0.0,0.1129381954887218,0.0,0.09181669172932329,0.0,0.11894571428571427,0.0,0.9448631578947371,3.4981227067669165,0.9418622556390979,0.0030073684210526314,,0.0,,0.013607218045112782,0.013607218045112782,0.00909593984962406,0.0,0.0,0.0,0.0,0.0,0.0,0.0,0.0,,0.0,0.1834795488721804,10.354911729326057,10.42080932330827,,4.608995939849617
Native-hook correction,10,,,,,,,,,,,,,,,,,,,,,,,PASS,,,,600,,0.0,0.0,0.005001666666666666,0.0,0.006666999999999999,0.0,0.0050019999999999995,0.7259083333333334,0.0,1.6003715000000003,1.2857471666666664,20.984965833333412,0.06169183333333335,3.7137878333333316,0.119517,6.892881499999997,9.607542666666658,0.0216935,0.12830683333333334,0.12830683333333334,0.12830683333333334,0.12830683333333334,0.0,0.12330500000000001,0.0,0.10331366666666668,0.0,0.12830683333333334,0.0,0.13717016666666662,9.607542666666658,0.13717016666666662,0.0016669999999999999,,0.0,,0.021664333333333334,0.021664333333333334,0.009999,0.0,0.004997166666666666,0.0,0.0,0.0033333333333333335,0.0,0.0,0.0,,0.0,0.16341166666666665,44.2881988333334,0.10690416668107143,60.0,0.0,0.0,0.005001666666666666,0.0,0.006666999999999999,0.0,0.0050019999999999995,0.0,0.0,1.5787048333333338,1.2789391666666665,1.4800965000000008,0.06169183333333335,0.5675905000000003,0.11785033333333333,1.6557989999999996,4.819055333333327,0.020026833333333337,0.12830683333333334,0.12830683333333334,0.12830683333333334,0.12830683333333334,0.0,0.12330500000000001,0.0,0.10331366666666668,0.0,0.12830683333333334,0.0,0.13717016666666662,4.819055333333327,0.13717016666666662,0.0016669999999999999,,0.0,,0.021664333333333334,0.021664333333333334,0.009999,0.0,0.004997166666666666,0.0,0.0,0.0033333333333333335,0.0,0.0,0.0,,0.0,0.16341166666666665,11.603047333329998,11.579754333333328,,4.95686116666576
Native-hook correction,11,,,,,,,,,,,,,,,,,,,,,,,PASS,,,,975,,0.0,0.0,0.006158358974358975,0.09029528205128204,0.0030625641025641024,0.007176615384615384,0.0,0.3312468717948718,0.10371753846153847,1.1343006153846145,0.7342535384615382,22.47078184615387,0.08000994871794873,2.558909128205129,0.16275651282051284,7.658687692307705,15.5653918974359,0.025663384615384616,0.04360512820512821,0.04360512820512821,0.04360512820512821,0.04360512820512821,0.0,0.039504000000000004,0.0,0.033182974358974354,0.0,0.04360512820512821,0.0,0.7762952820512817,15.5653918974359,0.7742499487179486,0.0010256410256410256,,0.0,,0.01766697435897436,0.01869261538461538,0.006210051282051282,0.003179179487179487,0.004175692307692307,0.0,0.002117025641025641,0.0010818461538461537,0.0,0.367862358974359,0.36130153846153845,,0.0,0.19410225641025647,50.3907545641026,0.13176789743018466,97.5,0.0,0.0,0.006158358974358975,0.0,0.0030625641025641024,0.007176615384615384,0.0,0.016677641025641024,0.10371753846153847,1.1104931282051278,0.7301541538461537,1.6895607179487158,0.08000994871794873,0.6016481025641017,0.15967958974358976,1.3093529230769245,3.4773109743589745,0.023612102564102563,0.04360512820512821,0.04360512820512821,0.04360512820512821,0.04360512820512821,0.0,0.039504000000000004,0.0,0.033182974358974354,0.0,0.04360512820512821,0.0,0.7762952820512817,3.4773109743589745,0.7742499487179486,0.0010256410256410256,,0.0,,0.01766697435897436,0.01869261538461538,0.006210051282051282,0.003179179487179487,0.004175692307692307,0.0,0.002117025641025641,0.0010818461538461537,0.0,0.0,0.36130153846153845,,0.0,0.19410225641025647,9.11388041025906,9.181821641025639,,1.0124841025620486
Native-hook correction,12,,,,,,,,,,,,,,,,,,,,,,,PASS,,,,1003,,0.0,0.0,0.000994616151545364,0.39647447657028917,0.003994516450648055,0.004985643070787637,0.0,0.27690259222332997,0.248730408773679,0.8882679960119638,0.6376771684945163,7.474883948155527,0.05191994017946162,2.834025523429712,0.148226520438684,6.524022532402787,16.939211166500485,0.0240494516450648,0.02800099700897308,0.02800099700897308,0.02800099700897308,0.02800099700897308,0.0,0.026000897308075775,0.0,0.020013659022931205,0.0,0.02800099700897308,0.0,1.224015852442671,16.939211166500485,1.223017846460617,0.0,,0.0,,0.015989332003988038,0.016986340977068796,0.004999900299102693,0.003992821535393818,0.007988733798604188,0.0,0.0,0.0009970089730807576,0.0,1.7188765702891327,0.2945153539381851,,0.0,0.13788125623130615,35.5222842472582,0.049825523437096,100.3,0.0,0.0,0.000994616151545364,0.037045762711864404,0.003994516450648055,0.004985643070787637,0.0,0.11909212362911266,0.248730408773679,0.8772921236291124,0.6287040877367894,1.543446460618144,0.05191994017946162,0.898243070787637,0.14323519441674978,1.173835493519442,4.16447328015952,0.0240494516450648,0.02800099700897308,0.02800099700897308,0.02800099700897308,0.02800099700897308,0.0,0.026000897308075775,0.0,0.020013659022931205,0.0,0.02800099700897308,0.0,1.224015852442671,4.16447328015952,1.223017846460617,0.0,,0.0,,0.015989332003988038,0.016986340977068796,0.004999900299102693,0.003992821535393818,0.007988733798604188,0.0,0.0,0.0009970089730807576,0.0,0.16415613160518444,0.2945153539381851,,0.0,0.13788125623130615,9.417251944170763,9.50519910269192,,0.505275672984307
Native-hook correction,13,,,,,,,,,,,,,,,,,,,,,,,PASS,,,,578,,0.0,0.0,0.010382698961937718,0.6985344290657439,0.0017302768166089966,0.006926124567474049,0.0,0.2719506920415225,0.31271660899653975,2.227292041522493,1.3846126297577863,8.274402076124577,0.06578494809688579,4.536753979238755,0.10271643598615918,5.6238826989619355,23.780217820069183,0.03115588235294117,0.10920017301038062,0.10920017301038062,0.10920017301038062,0.10920017301038062,0.0,0.10573875432525952,0.0,0.0970939446366782,0.0,0.10920017301038062,0.0,0.4823564013840832,23.780217820069183,0.4788958477508652,0.0,,0.0,,0.017338581314878893,0.020798788927335637,0.005206055363321799,0.0017314878892733562,0.005196020761245675,0.0017301038062283738,0.0,0.0,0.0,3.016446712802768,0.347929930795848,,0.0,0.16445432525951556,46.026818512110715,0.042855709351036816,57.8,0.0,0.0,0.010382698961937718,0.12137975778546713,0.0017302768166089966,0.006926124567474049,0.0,0.09876176470588235,0.31271660899653975,2.1874583044982714,1.3776922145328727,2.1983866782006882,0.06578494809688579,0.7920624567474048,0.09925622837370242,1.6874903114186866,7.893875259515581,0.03115588235294117,0.10920017301038062,0.10920017301038062,0.10920017301038062,0.10920017301038062,0.0,0.10573875432525952,0.0,0.0970939446366782,0.0,0.10920017301038062,0.0,0.4823564013840832,7.893875259515581,0.4788958477508652,0.0,,0.0,,0.017338581314878893,0.020798788927335637,0.005206055363321799,0.0017314878892733562,0.005196020761245675,0.0017301038062283738,0.0,0.0,0.0,0.505175259515571,0.347929930795848,,0.0,0.16445432525951556,16.359387197227164,16.333162283737035,,0.9002586505184564
Partial PR93 reversal repeat,08,,,,,,,,,,,,,,,,,,,,,,,PASS,,,,604,,0.0,0.0,0.0016556291390728477,0.013247350993377484,0.0,0.0,0.008283112582781457,0.5469620860927152,0.0,1.870956953642384,1.4346807947019862,22.029966721854287,0.05468394039735101,3.868551158940399,0.10965860927152318,6.954983278145694,12.848755132450352,0.02814586092715231,0.1043809602649007,0.1043809602649007,0.1043809602649007,0.1043809602649007,0.0,0.09113791390728479,0.0,0.07127880794701986,0.0,0.1043809602649007,0.0,0.13302930463576157,12.848755132450352,0.12959519867549668,0.0,,0.0,,0.026497185430463577,0.026497185430463577,0.011595364238410595,0.0033112582781456954,0.004970364238410596,0.0,0.0,0.0,0.05471456953642385,0.0,0.0,,0.0,0.1440852649006622,49.20038245033113,0.10531754967003347,60.4,0.0,0.0,0.0016556291390728477,0.006624834437086092,0.0,0.0,0.008283112582781457,0.0,0.0,1.8328786423841068,1.4280582781456947,1.7042915562913896,0.05468394039735101,0.5865447019867552,0.09972516556291391,1.9155821192052978,6.661785430463567,0.026490231788079462,0.1043809602649007,0.1043809602649007,0.1043809602649007,0.1043809602649007,0.0,0.09113791390728479,0.0,0.07127880794701986,0.0,0.1043809602649007,0.0,0.13302930463576157,6.661785430463567,0.12959519867549668,0.0,,0.0,,0.026497185430463577,0.026497185430463577,0.011595364238410595,0.0033112582781456954,0.004970364238410596,0.0,0.0,0.0,0.03144056291390728,0.0,0.0,,0.0,0.1440852649006622,14.273467384105116,14.310040066225156,,2.1776933774837435
Partial PR93 reversal repeat,09,,,,,,,,,,,,,,,,,,,,,,,PASS,,,,727,,0.0,0.0,0.002751444291609354,0.008253094910591471,0.0,0.0,0.008252819807427784,0.9748662998624484,0.0,1.4521059147180184,1.2909588720770278,7.808193397524076,0.042647317744154055,4.587233287482807,0.1738583218707015,5.782217744154058,8.489961485557096,0.017888858321870697,0.11992242090784044,0.11992242090784044,0.11992242090784044,0.11992242090784044,0.0,0.11303493810178818,0.0,0.08966093535075655,0.0,0.11992242090784044,0.0,1.5561266850068782,8.489961485557096,1.5478719394773044,0.0041270976616231084,,0.0,,0.01378748280605227,0.015161760660247594,0.00550990371389271,0.0,0.0013742778541953233,0.0,0.0,0.0013749656121045393,0.0,0.0068775790921595595,0.0,,0.0,0.14170797799174692,29.64506519944981,0.06988624484005979,72.7,0.0,0.0,0.002751444291609354,0.0,0.0,0.0,0.008252819807427784,0.0,0.0,1.439702751031636,1.2895833562585957,1.7166804676753797,0.042647317744154055,1.5273708390646494,0.16147867950481432,1.478205089408528,3.3415851444291613,0.017888858321870697,0.11992242090784044,0.11992242090784044,0.11992242090784044,0.11992242090784044,0.0,0.11303493810178818,0.0,0.08966093535075655,0.0,0.11992242090784044,0.0,1.5561266850068782,3.3415851444291613,1.5478719394773044,0.0041270976616231084,,0.0,,0.01378748280605227,0.015161760660247594,0.00550990371389271,0.0,0.0013742778541953233,0.0,0.0,0.0013749656121045393,0.0,0.0,0.0,,0.0,0.14170797799174692,10.971219944978728,11.015142503438788,,2.7150924346613796
Partial PR93 reversal repeat,10,,,,,,,,,,,,,,,,,,,,,,,PASS,,,,600,,0.0,0.0,0.005069000000000001,0.0,0.0,0.0,0.0,0.6755071666666667,0.0,1.5648098333333338,1.107344000000001,19.87178616666664,0.046669999999999996,3.637678333333333,0.13896233333333335,6.528696999999997,9.009014333333322,0.031682833333333334,0.13511666666666666,0.13511666666666666,0.13511666666666666,0.13511666666666666,0.0,0.13179233333333332,0.0,0.12513216666666668,0.0,0.13511666666666666,0.0,0.12935483333333336,9.009014333333322,0.1276271666666667,0.0,,0.0,,0.013522499999999998,0.013522499999999998,0.0051155,0.0,0.0016666666666666668,0.0,0.0,0.0017446666666666665,0.0,0.0,0.0,,0.0,0.13009933333333337,41.9366448333333,0.10418683334942595,60.0,0.0,0.0,0.005069000000000001,0.0,0.0,0.0,0.0,0.0,0.0,1.5481431666666672,1.1006773333333346,1.5025033333333333,0.046669999999999996,0.48580766666666686,0.12729566666666667,1.5640978333333333,4.5940758333333305,0.031682833333333334,0.13511666666666666,0.13511666666666666,0.13511666666666666,0.13511666666666666,0.0,0.13179233333333332,0.0,0.12513216666666668,0.0,0.13511666666666666,0.0,0.12935483333333336,4.5940758333333305,0.1276271666666667,0.0,,0.0,,0.013522499999999998,0.013522499999999998,0.0051155,0.0,0.0016666666666666668,0.0,0.0,0.0017446666666666665,0.0,0.0,0.0,,0.0,0.13009933333333337,10.996130499996388,11.000953666666666,,5.566604666666706
Partial PR93 reversal repeat,11,,,,,,,,,,,,,,,,,,,,,,,PASS,,,,1076,,0.0,0.0,0.007493401486988847,0.08484526022304832,0.0,0.01580418215613383,0.0,0.38530836431226767,0.13868197026022305,1.002556598513012,0.6758185873605951,20.97509460966536,0.04277592936802973,2.605421561338292,0.1240096654275093,8.358151022304842,14.125160408921948,0.027955947955390335,0.04107100371747211,0.04107100371747211,0.04107100371747211,0.04107100371747211,0.0,0.037344330855018586,0.0,0.03177853159851301,0.0,0.04107100371747211,0.0,0.933121282527882,14.125160408921948,0.933121282527882,0.0,,0.0,,0.02360697026022305,0.024536431226765798,0.012261338289962826,0.0018552973977695167,0.0047183085501858735,0.0,0.0,0.00191589219330855,0.0,0.33980046468401487,0.316367379182156,,0.0,0.13136691449814125,47.93694433085498,0.2244388475896658,107.6,0.0,0.0,0.007493401486988847,0.0028763011152416356,0.0,0.01580418215613383,0.0,0.022692565055762084,0.13868197026022305,0.9866917286245361,0.6739598513011156,1.5741510223048294,0.04277592936802973,0.7017596654275094,0.11471477695167287,1.2503395910780661,3.1432539033457223,0.027026579925650558,0.04107100371747211,0.04107100371747211,0.04107100371747211,0.04107100371747211,0.0,0.037344330855018586,0.0,0.03177853159851301,0.0,0.04107100371747211,0.0,0.933121282527882,3.1432539033457223,0.933121282527882,0.0,,0.0,,0.02360697026022305,0.024536431226765798,0.012261338289962826,0.0018552973977695167,0.0047183085501858735,0.0,0.0,0.00191589219330855,0.0,0.006550743494423792,0.316367379182156,,0.0,0.13136691449814125,8.502885223049791,8.514673048327133,,0.567918494421518
Partial PR93 reversal repeat,12,,,,,,,,,,,,,,,,,,,,,,,PASS,,,,995,,0.0,0.0,0.006027236180904522,0.34003346733668344,0.0,0.01105929648241206,0.0,0.3186302512562814,0.2906115577889447,0.8845345728643216,0.6145775879396981,8.134750251256275,0.07141829145728643,2.4557720603015087,0.13885437185929647,5.089111356783916,18.014669346733697,0.03123638190954774,0.02825989949748744,0.02825989949748744,0.02825989949748744,0.02825989949748744,0.0,0.02322030150753769,0.0,0.02119457286432161,0.0,0.02825989949748744,0.0,1.0547640201005024,18.014669346733697,1.0527557788944724,0.0,,0.0,,0.028276281407035173,0.029281306532663316,0.011176683417085428,0.0030138693467336684,0.008042412060301507,0.0,0.0010050251256281408,0.0010050251256281408,0.0,1.7456539698492461,0.39333336683417097,,0.0,0.17715065326633167,35.43492422110555,0.058975879406846815,99.5,0.0,0.0,0.006027236180904522,0.02730653266331658,0.0,0.01105929648241206,0.0,0.1429337688442211,0.2906115577889447,0.8774590954773868,0.6075424120603011,1.6167222110552748,0.07141829145728643,0.6553445226130652,0.1348342713567839,1.2665609045226127,4.153899999999992,0.028221306532663314,0.02825989949748744,0.02825989949748744,0.02825989949748744,0.02825989949748744,0.0,0.02322030150753769,0.0,0.02119457286432161,0.0,0.02825989949748744,0.0,1.0547640201005024,4.153899999999992,1.0527557788944724,0.0,,0.0,,0.028276281407035173,0.029281306532663316,0.011176683417085428,0.0030138693467336684,0.008042412060301507,0.0,0.0010050251256281408,0.0010050251256281408,0.0,0.12017195979899498,0.39333336683417097,,0.0,0.17715065326633167,9.366754572863712,9.412003015075367,,0.6264483417097534
Partial PR93 reversal repeat,13,,,,,,,,,,,,,,,,,,,,,,,PASS,,,,576,,0.0,0.0,0.0,0.6733977430555556,0.0,0.019114583333333334,0.0,0.277128125,0.29438402777777783,2.1032975694444427,1.4345713541666663,9.005789583333335,0.06774913194444444,4.146078819444444,0.20461510416666676,5.8842366319444475,24.36185416666668,0.020980729166666663,0.12186145833333335,0.12186145833333335,0.12186145833333335,0.12186145833333335,0.0,0.11141614583333337,0.0,0.09041736111111114,0.0,0.12186145833333335,0.0,0.5081977430555557,24.36185416666668,0.501249479166667,0.0034727430555555557,,0.0,,0.029515104166666663,0.029515104166666663,0.013890972222222223,0.0,0.001736111111111111,0.0,0.0,0.0,0.0,3.115980034722222,0.34916180555555565,,0.0,0.1650338541666666,47.2291730902778,0.044530208346789855,57.6,0.0,0.0,0.0,0.11693125,0.0,0.019114583333333334,0.0,0.1200875,0.29438402777777783,2.08070815972222,1.432835243055555,2.1900034722222235,0.06774913194444444,0.6406968749999993,0.1698420138888889,1.8214979166666678,7.7433642361111135,0.020980729166666663,0.12186145833333335,0.12186145833333335,0.12186145833333335,0.12186145833333335,0.0,0.11141614583333337,0.0,0.09041736111111114,0.0,0.12186145833333335,0.0,0.5081977430555557,7.7433642361111135,0.501249479166667,0.0034727430555555557,,0.0,,0.029515104166666663,0.029515104166666663,0.013890972222222223,0.0,0.001736111111111111,0.0,0.0,0.0,0.0,0.5193064236111111,0.34916180555555565,,0.0,0.1650338541666666,16.121124652782484,16.16767777777778,,1.1987045138893828
